algorithm	wala_reflection_options	module	direction	record_type	rank	cg_node_id	cg_node_identity	context	wala_synthetic	sentinel_role	method_identity	owner	name	descriptor	origin	related_cg_node_count	distinct_related_method_count	raw_edge_count	child_rank	child_method_identity	child_owner	child_name	child_descriptor	child_origin	child_related_cg_node_count	child_raw_edge_count	omitted_related_cg_node_count	related_cg_node_examples	path_root_kind	path_root_cg_node_identity	shortest_path	cycle	source_status	source_sha256	ir_status	ir_sha256
rta	ONE_FLOW_TO_CASTS_APPLICATION_GET_METHOD	com.acme.benchmark:impact-medium-app:jar@	CALLER	RANKED_CGNODE	1	29830	javax.security.auth.Subject$SecureSet#contains(Ljava/lang/Object;)Z@JDK|context=DelegatingContext [A=Everywhere, B=Everywhere]|nodeId=29830|walaSynthetic=false|sentinelRole=NONE	DelegatingContext [A=Everywhere, B=Everywhere]	false	NONE	javax.security.auth.Subject$SecureSet#contains(Ljava/lang/Object;)Z@JDK	javax.security.auth.Subject$SecureSet	contains	(Ljava/lang/Object;)Z	JDK	5824	417	5824														true	DECOMPILED	30e967d3537764d5ecd795b24f77623e7489b0c7f6353a7a247588099951b065	AVAILABLE	7dbba2f9a558e45c3c73c3db6f9aa01494bce64d1c217a2823435736c7cb203d
rta	ONE_FLOW_TO_CASTS_APPLICATION_GET_METHOD	com.acme.benchmark:impact-medium-app:jar@	CALLER	RELATED_IMETHOD	1	29830	javax.security.auth.Subject$SecureSet#contains(Ljava/lang/Object;)Z@JDK|context=DelegatingContext [A=Everywhere, B=Everywhere]|nodeId=29830|walaSynthetic=false|sentinelRole=NONE	DelegatingContext [A=Everywhere, B=Everywhere]	false	NONE	javax.security.auth.Subject$SecureSet#contains(Ljava/lang/Object;)Z@JDK	javax.security.auth.Subject$SecureSet	contains	(Ljava/lang/Object;)Z	JDK	5824	417	5824	1	java.lang.Object#getClass()Ljava/lang/Class;@JDK	java.lang.Object	getClass	()Ljava/lang/Class;	JDK	5408	5408	5398	java.lang.Object#getClass()Ljava/lang/Class;@JDK|context=DelegatingContext [A=DelegatingContext [A=JavaTypeContext<point: <Primordial,Ljava/lang/IllegalArgumentException>>, B=Everywhere], B=DelegatingContext [A=JavaTypeContext<point: <Primordial,Ljava/lang/IllegalArgumentException>>, B=Everywhere]]|nodeId=96|walaSynthetic=true|sentinelRole=NONE || java.lang.Object#getClass()Ljava/lang/Class;@JDK|context=DelegatingContext [A=DelegatingContext [A=JavaTypeContext<point: <Primordial,Ljava/lang/StringBuilder>>, B=Everywhere], B=DelegatingContext [A=JavaTypeContext<point: <Primordial,Ljava/lang/StringBuilder>>, B=Everywhere]]|nodeId=97|walaSynthetic=true|sentinelRole=NONE || java.lang.Object#getClass()Ljava/lang/Class;@JDK|context=DelegatingContext [A=DelegatingContext [A=JavaTypeContext<point: <Primordial,Ljava/util/Collections$UnmodifiableRandomAccessList>>, B=Everywhere], B=DelegatingContext [A=JavaTypeContext<point: <Primordial,Ljava/util/Collections$UnmodifiableRandomAccessList>>, B=Everywhere]]|nodeId=98|walaSynthetic=true|sentinelRole=NONE || java.lang.Object#getClass()Ljava/lang/Class;@JDK|context=DelegatingContext [A=DelegatingContext [A=JavaTypeContext<point: <Primordial,Ljava/util/Collections$UnmodifiableList>>, B=Everywhere], B=DelegatingContext [A=JavaTypeContext<point: <Primordial,Ljava/util/Collections$UnmodifiableList>>, B=Everywhere]]|nodeId=99|walaSynthetic=true|sentinelRole=NONE || java.lang.Object#getClass()Ljava/lang/Class;@JDK|context=DelegatingContext [A=DelegatingContext [A=JavaTypeContext<point: <Primordial,Ljava/util/Collections$EmptySet>>, B=Everywhere], B=DelegatingContext [A=JavaTypeContext<point: <Primordial,Ljava/util/Collections$EmptySet>>, B=Everywhere]]|nodeId=100|walaSynthetic=true|sentinelRole=NONE || java.lang.Object#getClass()Ljava/lang/Class;@JDK|context=DelegatingContext [A=DelegatingContext [A=JavaTypeContext<point: <Primordial,Ljava/util/Collections$EmptyList>>, B=Everywhere], B=DelegatingContext [A=JavaTypeContext<point: <Primordial,Ljava/util/Collections$EmptyList>>, B=Everywhere]]|nodeId=101|walaSynthetic=true|sentinelRole=NONE || java.lang.Object#getClass()Ljava/lang/Class;@JDK|context=DelegatingContext [A=DelegatingContext [A=JavaTypeContext<point: <Primordial,Ljava/util/Collections$EmptyMap>>, B=Everywhere], B=DelegatingContext [A=JavaTypeContext<point: <Primordial,Ljava/util/Collections$EmptyMap>>, B=Everywhere]]|nodeId=102|walaSynthetic=true|sentinelRole=NONE || java.lang.Object#getClass()Ljava/lang/Class;@JDK|context=DelegatingContext [A=DelegatingContext [A=JavaTypeContext<point: <Primordial,Ljava/lang/IllegalStateException>>, B=Everywhere], B=DelegatingContext [A=JavaTypeContext<point: <Primordial,Ljava/lang/IllegalStateException>>, B=Everywhere]]|nodeId=103|walaSynthetic=true|sentinelRole=NONE || java.lang.Object#getClass()Ljava/lang/Class;@JDK|context=DelegatingContext [A=DelegatingContext [A=JavaTypeContext<point: <Primordial,Ljava/lang/String>>, B=Everywhere], B=DelegatingContext [A=JavaTypeContext<point: <Primordial,Ljava/lang/String>>, B=Everywhere]]|nodeId=104|walaSynthetic=true|sentinelRole=NONE || java.lang.Object#getClass()Ljava/lang/Class;@JDK|context=DelegatingContext [A=DelegatingContext [A=JavaTypeContext<point: <Primordial,[C>>, B=Everywhere], B=DelegatingContext [A=JavaTypeContext<point: <Primordial,[C>>, B=Everywhere]]|nodeId=105|walaSynthetic=true|sentinelRole=NONE				true	DECOMPILED	30e967d3537764d5ecd795b24f77623e7489b0c7f6353a7a247588099951b065	AVAILABLE	7dbba2f9a558e45c3c73c3db6f9aa01494bce64d1c217a2823435736c7cb203d
rta	ONE_FLOW_TO_CASTS_APPLICATION_GET_METHOD	com.acme.benchmark:impact-medium-app:jar@	CALLER	RELATED_IMETHOD	1	29830	javax.security.auth.Subject$SecureSet#contains(Ljava/lang/Object;)Z@JDK|context=DelegatingContext [A=Everywhere, B=Everywhere]|nodeId=29830|walaSynthetic=false|sentinelRole=NONE	DelegatingContext [A=Everywhere, B=Everywhere]	false	NONE	javax.security.auth.Subject$SecureSet#contains(Ljava/lang/Object;)Z@JDK	javax.security.auth.Subject$SecureSet	contains	(Ljava/lang/Object;)Z	JDK	5824	417	5824	2	com.sun.corba.se.impl.orb.ORBVersionImpl#equals(Ljava/lang/Object;)Z@JDK	com.sun.corba.se.impl.orb.ORBVersionImpl	equals	(Ljava/lang/Object;)Z	JDK	1	1	0	com.sun.corba.se.impl.orb.ORBVersionImpl#equals(Ljava/lang/Object;)Z@JDK|context=DelegatingContext [A=Everywhere, B=Everywhere]|nodeId=13757|walaSynthetic=false|sentinelRole=NONE				true	DECOMPILED	30e967d3537764d5ecd795b24f77623e7489b0c7f6353a7a247588099951b065	AVAILABLE	7dbba2f9a558e45c3c73c3db6f9aa01494bce64d1c217a2823435736c7cb203d
rta	ONE_FLOW_TO_CASTS_APPLICATION_GET_METHOD	com.acme.benchmark:impact-medium-app:jar@	CALLER	RELATED_IMETHOD	1	29830	javax.security.auth.Subject$SecureSet#contains(Ljava/lang/Object;)Z@JDK|context=DelegatingContext [A=Everywhere, B=Everywhere]|nodeId=29830|walaSynthetic=false|sentinelRole=NONE	DelegatingContext [A=Everywhere, B=Everywhere]	false	NONE	javax.security.auth.Subject$SecureSet#contains(Ljava/lang/Object;)Z@JDK	javax.security.auth.Subject$SecureSet	contains	(Ljava/lang/Object;)Z	JDK	5824	417	5824	3	com.sun.corba.se.spi.orb.ParserImplTableBase$MapEntry#equals(Ljava/lang/Object;)Z@JDK	com.sun.corba.se.spi.orb.ParserImplTableBase$MapEntry	equals	(Ljava/lang/Object;)Z	JDK	1	1	0	com.sun.corba.se.spi.orb.ParserImplTableBase$MapEntry#equals(Ljava/lang/Object;)Z@JDK|context=DelegatingContext [A=Everywhere, B=Everywhere]|nodeId=13747|walaSynthetic=false|sentinelRole=NONE				true	DECOMPILED	30e967d3537764d5ecd795b24f77623e7489b0c7f6353a7a247588099951b065	AVAILABLE	7dbba2f9a558e45c3c73c3db6f9aa01494bce64d1c217a2823435736c7cb203d
rta	ONE_FLOW_TO_CASTS_APPLICATION_GET_METHOD	com.acme.benchmark:impact-medium-app:jar@	CALLER	RELATED_IMETHOD	1	29830	javax.security.auth.Subject$SecureSet#contains(Ljava/lang/Object;)Z@JDK|context=DelegatingContext [A=Everywhere, B=Everywhere]|nodeId=29830|walaSynthetic=false|sentinelRole=NONE	DelegatingContext [A=Everywhere, B=Everywhere]	false	NONE	javax.security.auth.Subject$SecureSet#contains(Ljava/lang/Object;)Z@JDK	javax.security.auth.Subject$SecureSet	contains	(Ljava/lang/Object;)Z	JDK	5824	417	5824	4	com.sun.java.util.jar.pack.Attribute$Layout#equals(Ljava/lang/Object;)Z@JDK	com.sun.java.util.jar.pack.Attribute$Layout	equals	(Ljava/lang/Object;)Z	JDK	1	1	0	com.sun.java.util.jar.pack.Attribute$Layout#equals(Ljava/lang/Object;)Z@JDK|context=DelegatingContext [A=Everywhere, B=Everywhere]|nodeId=13758|walaSynthetic=false|sentinelRole=NONE				true	DECOMPILED	30e967d3537764d5ecd795b24f77623e7489b0c7f6353a7a247588099951b065	AVAILABLE	7dbba2f9a558e45c3c73c3db6f9aa01494bce64d1c217a2823435736c7cb203d
rta	ONE_FLOW_TO_CASTS_APPLICATION_GET_METHOD	com.acme.benchmark:impact-medium-app:jar@	CALLER	RELATED_IMETHOD	1	29830	javax.security.auth.Subject$SecureSet#contains(Ljava/lang/Object;)Z@JDK|context=DelegatingContext [A=Everywhere, B=Everywhere]|nodeId=29830|walaSynthetic=false|sentinelRole=NONE	DelegatingContext [A=Everywhere, B=Everywhere]	false	NONE	javax.security.auth.Subject$SecureSet#contains(Ljava/lang/Object;)Z@JDK	javax.security.auth.Subject$SecureSet	contains	(Ljava/lang/Object;)Z	JDK	5824	417	5824	5	com.sun.java.util.jar.pack.ClassReader$2#equals(Ljava/lang/Object;)Z@JDK	com.sun.java.util.jar.pack.ClassReader$2	equals	(Ljava/lang/Object;)Z	JDK	1	1	0	com.sun.java.util.jar.pack.ClassReader$2#equals(Ljava/lang/Object;)Z@JDK|context=DelegatingContext [A=Everywhere, B=Everywhere]|nodeId=13759|walaSynthetic=false|sentinelRole=NONE				true	DECOMPILED	30e967d3537764d5ecd795b24f77623e7489b0c7f6353a7a247588099951b065	AVAILABLE	7dbba2f9a558e45c3c73c3db6f9aa01494bce64d1c217a2823435736c7cb203d
rta	ONE_FLOW_TO_CASTS_APPLICATION_GET_METHOD	com.acme.benchmark:impact-medium-app:jar@	CALLER	RELATED_IMETHOD	1	29830	javax.security.auth.Subject$SecureSet#contains(Ljava/lang/Object;)Z@JDK|context=DelegatingContext [A=Everywhere, B=Everywhere]|nodeId=29830|walaSynthetic=false|sentinelRole=NONE	DelegatingContext [A=Everywhere, B=Everywhere]	false	NONE	javax.security.auth.Subject$SecureSet#contains(Ljava/lang/Object;)Z@JDK	javax.security.auth.Subject$SecureSet	contains	(Ljava/lang/Object;)Z	JDK	5824	417	5824	6	com.sun.java.util.jar.pack.ClassReader$UnresolvedEntry#equals(Ljava/lang/Object;)Z@JDK	com.sun.java.util.jar.pack.ClassReader$UnresolvedEntry	equals	(Ljava/lang/Object;)Z	JDK	1	1	0	com.sun.java.util.jar.pack.ClassReader$UnresolvedEntry#equals(Ljava/lang/Object;)Z@JDK|context=DelegatingContext [A=Everywhere, B=Everywhere]|nodeId=13760|walaSynthetic=false|sentinelRole=NONE				true	DECOMPILED	30e967d3537764d5ecd795b24f77623e7489b0c7f6353a7a247588099951b065	AVAILABLE	7dbba2f9a558e45c3c73c3db6f9aa01494bce64d1c217a2823435736c7cb203d
rta	ONE_FLOW_TO_CASTS_APPLICATION_GET_METHOD	com.acme.benchmark:impact-medium-app:jar@	CALLER	RELATED_IMETHOD	1	29830	javax.security.auth.Subject$SecureSet#contains(Ljava/lang/Object;)Z@JDK|context=DelegatingContext [A=Everywhere, B=Everywhere]|nodeId=29830|walaSynthetic=false|sentinelRole=NONE	DelegatingContext [A=Everywhere, B=Everywhere]	false	NONE	javax.security.auth.Subject$SecureSet#contains(Ljava/lang/Object;)Z@JDK	javax.security.auth.Subject$SecureSet	contains	(Ljava/lang/Object;)Z	JDK	5824	417	5824	7	com.sun.java.util.jar.pack.Coding#equals(Ljava/lang/Object;)Z@JDK	com.sun.java.util.jar.pack.Coding	equals	(Ljava/lang/Object;)Z	JDK	1	1	0	com.sun.java.util.jar.pack.Coding#equals(Ljava/lang/Object;)Z@JDK|context=DelegatingContext [A=Everywhere, B=Everywhere]|nodeId=13761|walaSynthetic=false|sentinelRole=NONE				true	DECOMPILED	30e967d3537764d5ecd795b24f77623e7489b0c7f6353a7a247588099951b065	AVAILABLE	7dbba2f9a558e45c3c73c3db6f9aa01494bce64d1c217a2823435736c7cb203d
rta	ONE_FLOW_TO_CASTS_APPLICATION_GET_METHOD	com.acme.benchmark:impact-medium-app:jar@	CALLER	RELATED_IMETHOD	1	29830	javax.security.auth.Subject$SecureSet#contains(Ljava/lang/Object;)Z@JDK|context=DelegatingContext [A=Everywhere, B=Everywhere]|nodeId=29830|walaSynthetic=false|sentinelRole=NONE	DelegatingContext [A=Everywhere, B=Everywhere]	false	NONE	javax.security.auth.Subject$SecureSet#contains(Ljava/lang/Object;)Z@JDK	javax.security.auth.Subject$SecureSet	contains	(Ljava/lang/Object;)Z	JDK	5824	417	5824	8	com.sun.java.util.jar.pack.ConstantPool$BootstrapMethodEntry#equals(Ljava/lang/Object;)Z@JDK	com.sun.java.util.jar.pack.ConstantPool$BootstrapMethodEntry	equals	(Ljava/lang/Object;)Z	JDK	1	1	0	com.sun.java.util.jar.pack.ConstantPool$BootstrapMethodEntry#equals(Ljava/lang/Object;)Z@JDK|context=DelegatingContext [A=Everywhere, B=Everywhere]|nodeId=13762|walaSynthetic=false|sentinelRole=NONE				true	DECOMPILED	30e967d3537764d5ecd795b24f77623e7489b0c7f6353a7a247588099951b065	AVAILABLE	7dbba2f9a558e45c3c73c3db6f9aa01494bce64d1c217a2823435736c7cb203d
rta	ONE_FLOW_TO_CASTS_APPLICATION_GET_METHOD	com.acme.benchmark:impact-medium-app:jar@	CALLER	RELATED_IMETHOD	1	29830	javax.security.auth.Subject$SecureSet#contains(Ljava/lang/Object;)Z@JDK|context=DelegatingContext [A=Everywhere, B=Everywhere]|nodeId=29830|walaSynthetic=false|sentinelRole=NONE	DelegatingContext [A=Everywhere, B=Everywhere]	false	NONE	javax.security.auth.Subject$SecureSet#contains(Ljava/lang/Object;)Z@JDK	javax.security.auth.Subject$SecureSet	contains	(Ljava/lang/Object;)Z	JDK	5824	417	5824	9	com.sun.java.util.jar.pack.ConstantPool$ClassEntry#equals(Ljava/lang/Object;)Z@JDK	com.sun.java.util.jar.pack.ConstantPool$ClassEntry	equals	(Ljava/lang/Object;)Z	JDK	1	1	0	com.sun.java.util.jar.pack.ConstantPool$ClassEntry#equals(Ljava/lang/Object;)Z@JDK|context=DelegatingContext [A=Everywhere, B=Everywhere]|nodeId=13763|walaSynthetic=false|sentinelRole=NONE				true	DECOMPILED	30e967d3537764d5ecd795b24f77623e7489b0c7f6353a7a247588099951b065	AVAILABLE	7dbba2f9a558e45c3c73c3db6f9aa01494bce64d1c217a2823435736c7cb203d
rta	ONE_FLOW_TO_CASTS_APPLICATION_GET_METHOD	com.acme.benchmark:impact-medium-app:jar@	CALLER	RELATED_IMETHOD	1	29830	javax.security.auth.Subject$SecureSet#contains(Ljava/lang/Object;)Z@JDK|context=DelegatingContext [A=Everywhere, B=Everywhere]|nodeId=29830|walaSynthetic=false|sentinelRole=NONE	DelegatingContext [A=Everywhere, B=Everywhere]	false	NONE	javax.security.auth.Subject$SecureSet#contains(Ljava/lang/Object;)Z@JDK	javax.security.auth.Subject$SecureSet	contains	(Ljava/lang/Object;)Z	JDK	5824	417	5824	10	com.sun.java.util.jar.pack.ConstantPool$DescriptorEntry#equals(Ljava/lang/Object;)Z@JDK	com.sun.java.util.jar.pack.ConstantPool$DescriptorEntry	equals	(Ljava/lang/Object;)Z	JDK	1	1	0	com.sun.java.util.jar.pack.ConstantPool$DescriptorEntry#equals(Ljava/lang/Object;)Z@JDK|context=DelegatingContext [A=Everywhere, B=Everywhere]|nodeId=13764|walaSynthetic=false|sentinelRole=NONE				true	DECOMPILED	30e967d3537764d5ecd795b24f77623e7489b0c7f6353a7a247588099951b065	AVAILABLE	7dbba2f9a558e45c3c73c3db6f9aa01494bce64d1c217a2823435736c7cb203d
rta	ONE_FLOW_TO_CASTS_APPLICATION_GET_METHOD	com.acme.benchmark:impact-medium-app:jar@	CALLER	REACHABILITY_PATH	1	29830	javax.security.auth.Subject$SecureSet#contains(Ljava/lang/Object;)Z@JDK|context=DelegatingContext [A=Everywhere, B=Everywhere]|nodeId=29830|walaSynthetic=false|sentinelRole=NONE	DelegatingContext [A=Everywhere, B=Everywhere]	false	NONE	javax.security.auth.Subject$SecureSet#contains(Ljava/lang/Object;)Z@JDK	javax.security.auth.Subject$SecureSet	contains	(Ljava/lang/Object;)Z	JDK	5824	417	5824											FAKE_ROOT	com.ibm.wala.FakeRootClass#fakeRootMethod()V@SYNTHETIC|context=Everywhere|nodeId=0|walaSynthetic=true|sentinelRole=FAKE_ROOT	[FAKE_ROOT] com.ibm.wala.FakeRootClass#fakeRootMethod()V@SYNTHETIC|context=Everywhere|nodeId=0|walaSynthetic=true|sentinelRole=FAKE_ROOT -> [FAKE_WORLD_CLINIT] com.ibm.wala.FakeRootClass#fakeWorldClinit()V@SYNTHETIC|context=Everywhere|nodeId=1|walaSynthetic=true|sentinelRole=FAKE_WORLD_CLINIT -> java.nio.file.TempFileHelper#<clinit>()V@JDK|context=Everywhere|nodeId=33022|walaSynthetic=false|sentinelRole=NONE -> javax.security.auth.Subject$SecureSet#contains(Ljava/lang/Object;)Z@JDK|context=DelegatingContext [A=Everywhere, B=Everywhere]|nodeId=29830|walaSynthetic=false|sentinelRole=NONE	true	DECOMPILED	30e967d3537764d5ecd795b24f77623e7489b0c7f6353a7a247588099951b065	AVAILABLE	7dbba2f9a558e45c3c73c3db6f9aa01494bce64d1c217a2823435736c7cb203d
rta	ONE_FLOW_TO_CASTS_APPLICATION_GET_METHOD	com.acme.benchmark:impact-medium-app:jar@	CALLER	REACHABILITY_PATH	1	29830	javax.security.auth.Subject$SecureSet#contains(Ljava/lang/Object;)Z@JDK|context=DelegatingContext [A=Everywhere, B=Everywhere]|nodeId=29830|walaSynthetic=false|sentinelRole=NONE	DelegatingContext [A=Everywhere, B=Everywhere]	false	NONE	javax.security.auth.Subject$SecureSet#contains(Ljava/lang/Object;)Z@JDK	javax.security.auth.Subject$SecureSet	contains	(Ljava/lang/Object;)Z	JDK	5824	417	5824											FAKE_WORLD_CLINIT	com.ibm.wala.FakeRootClass#fakeWorldClinit()V@SYNTHETIC|context=Everywhere|nodeId=1|walaSynthetic=true|sentinelRole=FAKE_WORLD_CLINIT	[FAKE_WORLD_CLINIT] com.ibm.wala.FakeRootClass#fakeWorldClinit()V@SYNTHETIC|context=Everywhere|nodeId=1|walaSynthetic=true|sentinelRole=FAKE_WORLD_CLINIT -> java.nio.file.TempFileHelper#<clinit>()V@JDK|context=Everywhere|nodeId=33022|walaSynthetic=false|sentinelRole=NONE -> javax.security.auth.Subject$SecureSet#contains(Ljava/lang/Object;)Z@JDK|context=DelegatingContext [A=Everywhere, B=Everywhere]|nodeId=29830|walaSynthetic=false|sentinelRole=NONE	true	DECOMPILED	30e967d3537764d5ecd795b24f77623e7489b0c7f6353a7a247588099951b065	AVAILABLE	7dbba2f9a558e45c3c73c3db6f9aa01494bce64d1c217a2823435736c7cb203d
rta	ONE_FLOW_TO_CASTS_APPLICATION_GET_METHOD	com.acme.benchmark:impact-medium-app:jar@	CALLER	RANKED_CGNODE	2	16475	jdk.nashorn.internal.lookup.MethodHandleFactory$StandardMethodHandleFunctionality#describe([Ljava/lang/Object;)Ljava/lang/String;@JDK|context=DelegatingContext [A=Everywhere, B=Everywhere]|nodeId=16475|walaSynthetic=false|sentinelRole=NONE	DelegatingContext [A=Everywhere, B=Everywhere]	false	NONE	jdk.nashorn.internal.lookup.MethodHandleFactory$StandardMethodHandleFunctionality#describe([Ljava/lang/Object;)Ljava/lang/String;@JDK	jdk.nashorn.internal.lookup.MethodHandleFactory$StandardMethodHandleFunctionality	describe	([Ljava/lang/Object;)Ljava/lang/String;	JDK	5822	415	5822														true	DECOMPILED	2ae19b46e69c6d6db85ae5f9e6238a01d0d13ed80b2f28aa2b5d12191987fe88	AVAILABLE	8ef4b27ad184c219538a2555af0f29fab4d32b1a43ffd1fbedbeaa916d15ad3a
rta	ONE_FLOW_TO_CASTS_APPLICATION_GET_METHOD	com.acme.benchmark:impact-medium-app:jar@	CALLER	RELATED_IMETHOD	2	16475	jdk.nashorn.internal.lookup.MethodHandleFactory$StandardMethodHandleFunctionality#describe([Ljava/lang/Object;)Ljava/lang/String;@JDK|context=DelegatingContext [A=Everywhere, B=Everywhere]|nodeId=16475|walaSynthetic=false|sentinelRole=NONE	DelegatingContext [A=Everywhere, B=Everywhere]	false	NONE	jdk.nashorn.internal.lookup.MethodHandleFactory$StandardMethodHandleFunctionality#describe([Ljava/lang/Object;)Ljava/lang/String;@JDK	jdk.nashorn.internal.lookup.MethodHandleFactory$StandardMethodHandleFunctionality	describe	([Ljava/lang/Object;)Ljava/lang/String;	JDK	5822	415	5822	1	java.lang.Object#getClass()Ljava/lang/Class;@JDK	java.lang.Object	getClass	()Ljava/lang/Class;	JDK	5408	5408	5398	java.lang.Object#getClass()Ljava/lang/Class;@JDK|context=DelegatingContext [A=DelegatingContext [A=JavaTypeContext<point: <Primordial,Ljava/lang/IllegalArgumentException>>, B=Everywhere], B=DelegatingContext [A=JavaTypeContext<point: <Primordial,Ljava/lang/IllegalArgumentException>>, B=Everywhere]]|nodeId=96|walaSynthetic=true|sentinelRole=NONE || java.lang.Object#getClass()Ljava/lang/Class;@JDK|context=DelegatingContext [A=DelegatingContext [A=JavaTypeContext<point: <Primordial,Ljava/lang/StringBuilder>>, B=Everywhere], B=DelegatingContext [A=JavaTypeContext<point: <Primordial,Ljava/lang/StringBuilder>>, B=Everywhere]]|nodeId=97|walaSynthetic=true|sentinelRole=NONE || java.lang.Object#getClass()Ljava/lang/Class;@JDK|context=DelegatingContext [A=DelegatingContext [A=JavaTypeContext<point: <Primordial,Ljava/util/Collections$UnmodifiableRandomAccessList>>, B=Everywhere], B=DelegatingContext [A=JavaTypeContext<point: <Primordial,Ljava/util/Collections$UnmodifiableRandomAccessList>>, B=Everywhere]]|nodeId=98|walaSynthetic=true|sentinelRole=NONE || java.lang.Object#getClass()Ljava/lang/Class;@JDK|context=DelegatingContext [A=DelegatingContext [A=JavaTypeContext<point: <Primordial,Ljava/util/Collections$UnmodifiableList>>, B=Everywhere], B=DelegatingContext [A=JavaTypeContext<point: <Primordial,Ljava/util/Collections$UnmodifiableList>>, B=Everywhere]]|nodeId=99|walaSynthetic=true|sentinelRole=NONE || java.lang.Object#getClass()Ljava/lang/Class;@JDK|context=DelegatingContext [A=DelegatingContext [A=JavaTypeContext<point: <Primordial,Ljava/util/Collections$EmptySet>>, B=Everywhere], B=DelegatingContext [A=JavaTypeContext<point: <Primordial,Ljava/util/Collections$EmptySet>>, B=Everywhere]]|nodeId=100|walaSynthetic=true|sentinelRole=NONE || java.lang.Object#getClass()Ljava/lang/Class;@JDK|context=DelegatingContext [A=DelegatingContext [A=JavaTypeContext<point: <Primordial,Ljava/util/Collections$EmptyList>>, B=Everywhere], B=DelegatingContext [A=JavaTypeContext<point: <Primordial,Ljava/util/Collections$EmptyList>>, B=Everywhere]]|nodeId=101|walaSynthetic=true|sentinelRole=NONE || java.lang.Object#getClass()Ljava/lang/Class;@JDK|context=DelegatingContext [A=DelegatingContext [A=JavaTypeContext<point: <Primordial,Ljava/util/Collections$EmptyMap>>, B=Everywhere], B=DelegatingContext [A=JavaTypeContext<point: <Primordial,Ljava/util/Collections$EmptyMap>>, B=Everywhere]]|nodeId=102|walaSynthetic=true|sentinelRole=NONE || java.lang.Object#getClass()Ljava/lang/Class;@JDK|context=DelegatingContext [A=DelegatingContext [A=JavaTypeContext<point: <Primordial,Ljava/lang/IllegalStateException>>, B=Everywhere], B=DelegatingContext [A=JavaTypeContext<point: <Primordial,Ljava/lang/IllegalStateException>>, B=Everywhere]]|nodeId=103|walaSynthetic=true|sentinelRole=NONE || java.lang.Object#getClass()Ljava/lang/Class;@JDK|context=DelegatingContext [A=DelegatingContext [A=JavaTypeContext<point: <Primordial,Ljava/lang/String>>, B=Everywhere], B=DelegatingContext [A=JavaTypeContext<point: <Primordial,Ljava/lang/String>>, B=Everywhere]]|nodeId=104|walaSynthetic=true|sentinelRole=NONE || java.lang.Object#getClass()Ljava/lang/Class;@JDK|context=DelegatingContext [A=DelegatingContext [A=JavaTypeContext<point: <Primordial,[C>>, B=Everywhere], B=DelegatingContext [A=JavaTypeContext<point: <Primordial,[C>>, B=Everywhere]]|nodeId=105|walaSynthetic=true|sentinelRole=NONE				true	DECOMPILED	2ae19b46e69c6d6db85ae5f9e6238a01d0d13ed80b2f28aa2b5d12191987fe88	AVAILABLE	8ef4b27ad184c219538a2555af0f29fab4d32b1a43ffd1fbedbeaa916d15ad3a
rta	ONE_FLOW_TO_CASTS_APPLICATION_GET_METHOD	com.acme.benchmark:impact-medium-app:jar@	CALLER	RELATED_IMETHOD	2	16475	jdk.nashorn.internal.lookup.MethodHandleFactory$StandardMethodHandleFunctionality#describe([Ljava/lang/Object;)Ljava/lang/String;@JDK|context=DelegatingContext [A=Everywhere, B=Everywhere]|nodeId=16475|walaSynthetic=false|sentinelRole=NONE	DelegatingContext [A=Everywhere, B=Everywhere]	false	NONE	jdk.nashorn.internal.lookup.MethodHandleFactory$StandardMethodHandleFunctionality#describe([Ljava/lang/Object;)Ljava/lang/String;@JDK	jdk.nashorn.internal.lookup.MethodHandleFactory$StandardMethodHandleFunctionality	describe	([Ljava/lang/Object;)Ljava/lang/String;	JDK	5822	415	5822	2	com.sun.corba.se.impl.io.ObjectStreamField#toString()Ljava/lang/String;@JDK	com.sun.corba.se.impl.io.ObjectStreamField	toString	()Ljava/lang/String;	JDK	1	1	0	com.sun.corba.se.impl.io.ObjectStreamField#toString()Ljava/lang/String;@JDK|context=DelegatingContext [A=Everywhere, B=Everywhere]|nodeId=17038|walaSynthetic=false|sentinelRole=NONE				true	DECOMPILED	2ae19b46e69c6d6db85ae5f9e6238a01d0d13ed80b2f28aa2b5d12191987fe88	AVAILABLE	8ef4b27ad184c219538a2555af0f29fab4d32b1a43ffd1fbedbeaa916d15ad3a
rta	ONE_FLOW_TO_CASTS_APPLICATION_GET_METHOD	com.acme.benchmark:impact-medium-app:jar@	CALLER	RELATED_IMETHOD	2	16475	jdk.nashorn.internal.lookup.MethodHandleFactory$StandardMethodHandleFunctionality#describe([Ljava/lang/Object;)Ljava/lang/String;@JDK|context=DelegatingContext [A=Everywhere, B=Everywhere]|nodeId=16475|walaSynthetic=false|sentinelRole=NONE	DelegatingContext [A=Everywhere, B=Everywhere]	false	NONE	jdk.nashorn.internal.lookup.MethodHandleFactory$StandardMethodHandleFunctionality#describe([Ljava/lang/Object;)Ljava/lang/String;@JDK	jdk.nashorn.internal.lookup.MethodHandleFactory$StandardMethodHandleFunctionality	describe	([Ljava/lang/Object;)Ljava/lang/String;	JDK	5822	415	5822	3	com.sun.corba.se.impl.orb.ORBVersionImpl#toString()Ljava/lang/String;@JDK	com.sun.corba.se.impl.orb.ORBVersionImpl	toString	()Ljava/lang/String;	JDK	1	1	0	com.sun.corba.se.impl.orb.ORBVersionImpl#toString()Ljava/lang/String;@JDK|context=DelegatingContext [A=Everywhere, B=Everywhere]|nodeId=17039|walaSynthetic=false|sentinelRole=NONE				true	DECOMPILED	2ae19b46e69c6d6db85ae5f9e6238a01d0d13ed80b2f28aa2b5d12191987fe88	AVAILABLE	8ef4b27ad184c219538a2555af0f29fab4d32b1a43ffd1fbedbeaa916d15ad3a
rta	ONE_FLOW_TO_CASTS_APPLICATION_GET_METHOD	com.acme.benchmark:impact-medium-app:jar@	CALLER	RELATED_IMETHOD	2	16475	jdk.nashorn.internal.lookup.MethodHandleFactory$StandardMethodHandleFunctionality#describe([Ljava/lang/Object;)Ljava/lang/String;@JDK|context=DelegatingContext [A=Everywhere, B=Everywhere]|nodeId=16475|walaSynthetic=false|sentinelRole=NONE	DelegatingContext [A=Everywhere, B=Everywhere]	false	NONE	jdk.nashorn.internal.lookup.MethodHandleFactory$StandardMethodHandleFunctionality#describe([Ljava/lang/Object;)Ljava/lang/String;@JDK	jdk.nashorn.internal.lookup.MethodHandleFactory$StandardMethodHandleFunctionality	describe	([Ljava/lang/Object;)Ljava/lang/String;	JDK	5822	415	5822	4	com.sun.corba.se.impl.orbutil.ObjectStreamField#toString()Ljava/lang/String;@JDK	com.sun.corba.se.impl.orbutil.ObjectStreamField	toString	()Ljava/lang/String;	JDK	1	1	0	com.sun.corba.se.impl.orbutil.ObjectStreamField#toString()Ljava/lang/String;@JDK|context=DelegatingContext [A=Everywhere, B=Everywhere]|nodeId=17040|walaSynthetic=false|sentinelRole=NONE				true	DECOMPILED	2ae19b46e69c6d6db85ae5f9e6238a01d0d13ed80b2f28aa2b5d12191987fe88	AVAILABLE	8ef4b27ad184c219538a2555af0f29fab4d32b1a43ffd1fbedbeaa916d15ad3a
rta	ONE_FLOW_TO_CASTS_APPLICATION_GET_METHOD	com.acme.benchmark:impact-medium-app:jar@	CALLER	RELATED_IMETHOD	2	16475	jdk.nashorn.internal.lookup.MethodHandleFactory$StandardMethodHandleFunctionality#describe([Ljava/lang/Object;)Ljava/lang/String;@JDK|context=DelegatingContext [A=Everywhere, B=Everywhere]|nodeId=16475|walaSynthetic=false|sentinelRole=NONE	DelegatingContext [A=Everywhere, B=Everywhere]	false	NONE	jdk.nashorn.internal.lookup.MethodHandleFactory$StandardMethodHandleFunctionality#describe([Ljava/lang/Object;)Ljava/lang/String;@JDK	jdk.nashorn.internal.lookup.MethodHandleFactory$StandardMethodHandleFunctionality	describe	([Ljava/lang/Object;)Ljava/lang/String;	JDK	5822	415	5822	5	com.sun.java.util.jar.pack.Attribute#toString()Ljava/lang/String;@JDK	com.sun.java.util.jar.pack.Attribute	toString	()Ljava/lang/String;	JDK	1	1	0	com.sun.java.util.jar.pack.Attribute#toString()Ljava/lang/String;@JDK|context=DelegatingContext [A=Everywhere, B=Everywhere]|nodeId=17042|walaSynthetic=false|sentinelRole=NONE				true	DECOMPILED	2ae19b46e69c6d6db85ae5f9e6238a01d0d13ed80b2f28aa2b5d12191987fe88	AVAILABLE	8ef4b27ad184c219538a2555af0f29fab4d32b1a43ffd1fbedbeaa916d15ad3a
rta	ONE_FLOW_TO_CASTS_APPLICATION_GET_METHOD	com.acme.benchmark:impact-medium-app:jar@	CALLER	RELATED_IMETHOD	2	16475	jdk.nashorn.internal.lookup.MethodHandleFactory$StandardMethodHandleFunctionality#describe([Ljava/lang/Object;)Ljava/lang/String;@JDK|context=DelegatingContext [A=Everywhere, B=Everywhere]|nodeId=16475|walaSynthetic=false|sentinelRole=NONE	DelegatingContext [A=Everywhere, B=Everywhere]	false	NONE	jdk.nashorn.internal.lookup.MethodHandleFactory$StandardMethodHandleFunctionality#describe([Ljava/lang/Object;)Ljava/lang/String;@JDK	jdk.nashorn.internal.lookup.MethodHandleFactory$StandardMethodHandleFunctionality	describe	([Ljava/lang/Object;)Ljava/lang/String;	JDK	5822	415	5822	6	com.sun.java.util.jar.pack.Attribute$Layout#toString()Ljava/lang/String;@JDK	com.sun.java.util.jar.pack.Attribute$Layout	toString	()Ljava/lang/String;	JDK	1	1	0	com.sun.java.util.jar.pack.Attribute$Layout#toString()Ljava/lang/String;@JDK|context=DelegatingContext [A=Everywhere, B=Everywhere]|nodeId=17041|walaSynthetic=false|sentinelRole=NONE				true	DECOMPILED	2ae19b46e69c6d6db85ae5f9e6238a01d0d13ed80b2f28aa2b5d12191987fe88	AVAILABLE	8ef4b27ad184c219538a2555af0f29fab4d32b1a43ffd1fbedbeaa916d15ad3a
rta	ONE_FLOW_TO_CASTS_APPLICATION_GET_METHOD	com.acme.benchmark:impact-medium-app:jar@	CALLER	RELATED_IMETHOD	2	16475	jdk.nashorn.internal.lookup.MethodHandleFactory$StandardMethodHandleFunctionality#describe([Ljava/lang/Object;)Ljava/lang/String;@JDK|context=DelegatingContext [A=Everywhere, B=Everywhere]|nodeId=16475|walaSynthetic=false|sentinelRole=NONE	DelegatingContext [A=Everywhere, B=Everywhere]	false	NONE	jdk.nashorn.internal.lookup.MethodHandleFactory$StandardMethodHandleFunctionality#describe([Ljava/lang/Object;)Ljava/lang/String;@JDK	jdk.nashorn.internal.lookup.MethodHandleFactory$StandardMethodHandleFunctionality	describe	([Ljava/lang/Object;)Ljava/lang/String;	JDK	5822	415	5822	7	com.sun.java.util.jar.pack.Attribute$Layout$Element#toString()Ljava/lang/String;@JDK	com.sun.java.util.jar.pack.Attribute$Layout$Element	toString	()Ljava/lang/String;	JDK	1	1	0	com.sun.java.util.jar.pack.Attribute$Layout$Element#toString()Ljava/lang/String;@JDK|context=DelegatingContext [A=Everywhere, B=Everywhere]|nodeId=17167|walaSynthetic=false|sentinelRole=NONE				true	DECOMPILED	2ae19b46e69c6d6db85ae5f9e6238a01d0d13ed80b2f28aa2b5d12191987fe88	AVAILABLE	8ef4b27ad184c219538a2555af0f29fab4d32b1a43ffd1fbedbeaa916d15ad3a
rta	ONE_FLOW_TO_CASTS_APPLICATION_GET_METHOD	com.acme.benchmark:impact-medium-app:jar@	CALLER	RELATED_IMETHOD	2	16475	jdk.nashorn.internal.lookup.MethodHandleFactory$StandardMethodHandleFunctionality#describe([Ljava/lang/Object;)Ljava/lang/String;@JDK|context=DelegatingContext [A=Everywhere, B=Everywhere]|nodeId=16475|walaSynthetic=false|sentinelRole=NONE	DelegatingContext [A=Everywhere, B=Everywhere]	false	NONE	jdk.nashorn.internal.lookup.MethodHandleFactory$StandardMethodHandleFunctionality#describe([Ljava/lang/Object;)Ljava/lang/String;@JDK	jdk.nashorn.internal.lookup.MethodHandleFactory$StandardMethodHandleFunctionality	describe	([Ljava/lang/Object;)Ljava/lang/String;	JDK	5822	415	5822	8	com.sun.java.util.jar.pack.ClassReader$UnresolvedEntry#toString()Ljava/lang/String;@JDK	com.sun.java.util.jar.pack.ClassReader$UnresolvedEntry	toString	()Ljava/lang/String;	JDK	1	1	0	com.sun.java.util.jar.pack.ClassReader$UnresolvedEntry#toString()Ljava/lang/String;@JDK|context=DelegatingContext [A=Everywhere, B=Everywhere]|nodeId=17044|walaSynthetic=false|sentinelRole=NONE				true	DECOMPILED	2ae19b46e69c6d6db85ae5f9e6238a01d0d13ed80b2f28aa2b5d12191987fe88	AVAILABLE	8ef4b27ad184c219538a2555af0f29fab4d32b1a43ffd1fbedbeaa916d15ad3a
rta	ONE_FLOW_TO_CASTS_APPLICATION_GET_METHOD	com.acme.benchmark:impact-medium-app:jar@	CALLER	RELATED_IMETHOD	2	16475	jdk.nashorn.internal.lookup.MethodHandleFactory$StandardMethodHandleFunctionality#describe([Ljava/lang/Object;)Ljava/lang/String;@JDK|context=DelegatingContext [A=Everywhere, B=Everywhere]|nodeId=16475|walaSynthetic=false|sentinelRole=NONE	DelegatingContext [A=Everywhere, B=Everywhere]	false	NONE	jdk.nashorn.internal.lookup.MethodHandleFactory$StandardMethodHandleFunctionality#describe([Ljava/lang/Object;)Ljava/lang/String;@JDK	jdk.nashorn.internal.lookup.MethodHandleFactory$StandardMethodHandleFunctionality	describe	([Ljava/lang/Object;)Ljava/lang/String;	JDK	5822	415	5822	9	com.sun.java.util.jar.pack.Coding#toString()Ljava/lang/String;@JDK	com.sun.java.util.jar.pack.Coding	toString	()Ljava/lang/String;	JDK	1	1	0	com.sun.java.util.jar.pack.Coding#toString()Ljava/lang/String;@JDK|context=DelegatingContext [A=Everywhere, B=Everywhere]|nodeId=17045|walaSynthetic=false|sentinelRole=NONE				true	DECOMPILED	2ae19b46e69c6d6db85ae5f9e6238a01d0d13ed80b2f28aa2b5d12191987fe88	AVAILABLE	8ef4b27ad184c219538a2555af0f29fab4d32b1a43ffd1fbedbeaa916d15ad3a
rta	ONE_FLOW_TO_CASTS_APPLICATION_GET_METHOD	com.acme.benchmark:impact-medium-app:jar@	CALLER	RELATED_IMETHOD	2	16475	jdk.nashorn.internal.lookup.MethodHandleFactory$StandardMethodHandleFunctionality#describe([Ljava/lang/Object;)Ljava/lang/String;@JDK|context=DelegatingContext [A=Everywhere, B=Everywhere]|nodeId=16475|walaSynthetic=false|sentinelRole=NONE	DelegatingContext [A=Everywhere, B=Everywhere]	false	NONE	jdk.nashorn.internal.lookup.MethodHandleFactory$StandardMethodHandleFunctionality#describe([Ljava/lang/Object;)Ljava/lang/String;@JDK	jdk.nashorn.internal.lookup.MethodHandleFactory$StandardMethodHandleFunctionality	describe	([Ljava/lang/Object;)Ljava/lang/String;	JDK	5822	415	5822	10	com.sun.java.util.jar.pack.ConstantPool$Entry#toString()Ljava/lang/String;@JDK	com.sun.java.util.jar.pack.ConstantPool$Entry	toString	()Ljava/lang/String;	JDK	1	1	0	com.sun.java.util.jar.pack.ConstantPool$Entry#toString()Ljava/lang/String;@JDK|context=DelegatingContext [A=Everywhere, B=Everywhere]|nodeId=17043|walaSynthetic=false|sentinelRole=NONE				true	DECOMPILED	2ae19b46e69c6d6db85ae5f9e6238a01d0d13ed80b2f28aa2b5d12191987fe88	AVAILABLE	8ef4b27ad184c219538a2555af0f29fab4d32b1a43ffd1fbedbeaa916d15ad3a
rta	ONE_FLOW_TO_CASTS_APPLICATION_GET_METHOD	com.acme.benchmark:impact-medium-app:jar@	CALLER	REACHABILITY_PATH	2	16475	jdk.nashorn.internal.lookup.MethodHandleFactory$StandardMethodHandleFunctionality#describe([Ljava/lang/Object;)Ljava/lang/String;@JDK|context=DelegatingContext [A=Everywhere, B=Everywhere]|nodeId=16475|walaSynthetic=false|sentinelRole=NONE	DelegatingContext [A=Everywhere, B=Everywhere]	false	NONE	jdk.nashorn.internal.lookup.MethodHandleFactory$StandardMethodHandleFunctionality#describe([Ljava/lang/Object;)Ljava/lang/String;@JDK	jdk.nashorn.internal.lookup.MethodHandleFactory$StandardMethodHandleFunctionality	describe	([Ljava/lang/Object;)Ljava/lang/String;	JDK	5822	415	5822											FAKE_ROOT	com.ibm.wala.FakeRootClass#fakeRootMethod()V@SYNTHETIC|context=Everywhere|nodeId=0|walaSynthetic=true|sentinelRole=FAKE_ROOT	[FAKE_ROOT] com.ibm.wala.FakeRootClass#fakeRootMethod()V@SYNTHETIC|context=Everywhere|nodeId=0|walaSynthetic=true|sentinelRole=FAKE_ROOT -> [FAKE_WORLD_CLINIT] com.ibm.wala.FakeRootClass#fakeWorldClinit()V@SYNTHETIC|context=Everywhere|nodeId=1|walaSynthetic=true|sentinelRole=FAKE_WORLD_CLINIT -> jdk.nashorn.internal.codegen.ObjectClassGenerator#<clinit>()V@JDK|context=Everywhere|nodeId=32986|walaSynthetic=false|sentinelRole=NONE -> jdk.nashorn.internal.lookup.MethodHandleFactory$StandardMethodHandleFunctionality#explicitCastArguments(Ljava/lang/invoke/MethodHandle;Ljava/lang/invoke/MethodType;)Ljava/lang/invoke/MethodHandle;@JDK|context=DelegatingContext [A=Everywhere, B=Everywhere]|nodeId=33208|walaSynthetic=false|sentinelRole=NONE -> jdk.nashorn.internal.lookup.MethodHandleFactory$StandardMethodHandleFunctionality#debug(Ljava/lang/invoke/MethodHandle;Ljava/lang/String;[Ljava/lang/Object;)Ljava/lang/invoke/MethodHandle;@JDK|context=DelegatingContext [A=Everywhere, B=Everywhere]|nodeId=15991|walaSynthetic=false|sentinelRole=NONE -> jdk.nashorn.internal.lookup.MethodHandleFactory$StandardMethodHandleFunctionality#describe([Ljava/lang/Object;)Ljava/lang/String;@JDK|context=DelegatingContext [A=Everywhere, B=Everywhere]|nodeId=16475|walaSynthetic=false|sentinelRole=NONE	true	DECOMPILED	2ae19b46e69c6d6db85ae5f9e6238a01d0d13ed80b2f28aa2b5d12191987fe88	AVAILABLE	8ef4b27ad184c219538a2555af0f29fab4d32b1a43ffd1fbedbeaa916d15ad3a
rta	ONE_FLOW_TO_CASTS_APPLICATION_GET_METHOD	com.acme.benchmark:impact-medium-app:jar@	CALLER	REACHABILITY_PATH	2	16475	jdk.nashorn.internal.lookup.MethodHandleFactory$StandardMethodHandleFunctionality#describe([Ljava/lang/Object;)Ljava/lang/String;@JDK|context=DelegatingContext [A=Everywhere, B=Everywhere]|nodeId=16475|walaSynthetic=false|sentinelRole=NONE	DelegatingContext [A=Everywhere, B=Everywhere]	false	NONE	jdk.nashorn.internal.lookup.MethodHandleFactory$StandardMethodHandleFunctionality#describe([Ljava/lang/Object;)Ljava/lang/String;@JDK	jdk.nashorn.internal.lookup.MethodHandleFactory$StandardMethodHandleFunctionality	describe	([Ljava/lang/Object;)Ljava/lang/String;	JDK	5822	415	5822											FAKE_WORLD_CLINIT	com.ibm.wala.FakeRootClass#fakeWorldClinit()V@SYNTHETIC|context=Everywhere|nodeId=1|walaSynthetic=true|sentinelRole=FAKE_WORLD_CLINIT	[FAKE_WORLD_CLINIT] com.ibm.wala.FakeRootClass#fakeWorldClinit()V@SYNTHETIC|context=Everywhere|nodeId=1|walaSynthetic=true|sentinelRole=FAKE_WORLD_CLINIT -> jdk.nashorn.internal.codegen.ObjectClassGenerator#<clinit>()V@JDK|context=Everywhere|nodeId=32986|walaSynthetic=false|sentinelRole=NONE -> jdk.nashorn.internal.lookup.MethodHandleFactory$StandardMethodHandleFunctionality#explicitCastArguments(Ljava/lang/invoke/MethodHandle;Ljava/lang/invoke/MethodType;)Ljava/lang/invoke/MethodHandle;@JDK|context=DelegatingContext [A=Everywhere, B=Everywhere]|nodeId=33208|walaSynthetic=false|sentinelRole=NONE -> jdk.nashorn.internal.lookup.MethodHandleFactory$StandardMethodHandleFunctionality#debug(Ljava/lang/invoke/MethodHandle;Ljava/lang/String;[Ljava/lang/Object;)Ljava/lang/invoke/MethodHandle;@JDK|context=DelegatingContext [A=Everywhere, B=Everywhere]|nodeId=15991|walaSynthetic=false|sentinelRole=NONE -> jdk.nashorn.internal.lookup.MethodHandleFactory$StandardMethodHandleFunctionality#describe([Ljava/lang/Object;)Ljava/lang/String;@JDK|context=DelegatingContext [A=Everywhere, B=Everywhere]|nodeId=16475|walaSynthetic=false|sentinelRole=NONE	true	DECOMPILED	2ae19b46e69c6d6db85ae5f9e6238a01d0d13ed80b2f28aa2b5d12191987fe88	AVAILABLE	8ef4b27ad184c219538a2555af0f29fab4d32b1a43ffd1fbedbeaa916d15ad3a
rta	ONE_FLOW_TO_CASTS_APPLICATION_GET_METHOD	com.acme.benchmark:impact-medium-app:jar@	CALLER	RANKED_CGNODE	3	27931	java.security.AccessControlContext#checkPermission2(Ljava/security/Permission;)V@JDK|context=DelegatingContext [A=Everywhere, B=Everywhere]|nodeId=27931|walaSynthetic=false|sentinelRole=NONE	DelegatingContext [A=Everywhere, B=Everywhere]	false	NONE	java.security.AccessControlContext#checkPermission2(Ljava/security/Permission;)V@JDK	java.security.AccessControlContext	checkPermission2	(Ljava/security/Permission;)V	JDK	5712	305	5712														true	DECOMPILED	5350c03afd130b3d0a26c50969c17a3085d411e4035594e632b186515299b68a	AVAILABLE	306ae0b7330f5d3a6fd32780a9484e26dd3d9e6d2c276b65958df1d866cb4ac3
rta	ONE_FLOW_TO_CASTS_APPLICATION_GET_METHOD	com.acme.benchmark:impact-medium-app:jar@	CALLER	RELATED_IMETHOD	3	27931	java.security.AccessControlContext#checkPermission2(Ljava/security/Permission;)V@JDK|context=DelegatingContext [A=Everywhere, B=Everywhere]|nodeId=27931|walaSynthetic=false|sentinelRole=NONE	DelegatingContext [A=Everywhere, B=Everywhere]	false	NONE	java.security.AccessControlContext#checkPermission2(Ljava/security/Permission;)V@JDK	java.security.AccessControlContext	checkPermission2	(Ljava/security/Permission;)V	JDK	5712	305	5712	1	java.lang.Object#getClass()Ljava/lang/Class;@JDK	java.lang.Object	getClass	()Ljava/lang/Class;	JDK	5408	5408	5398	java.lang.Object#getClass()Ljava/lang/Class;@JDK|context=DelegatingContext [A=DelegatingContext [A=JavaTypeContext<point: <Primordial,Ljava/lang/IllegalArgumentException>>, B=Everywhere], B=DelegatingContext [A=JavaTypeContext<point: <Primordial,Ljava/lang/IllegalArgumentException>>, B=Everywhere]]|nodeId=96|walaSynthetic=true|sentinelRole=NONE || java.lang.Object#getClass()Ljava/lang/Class;@JDK|context=DelegatingContext [A=DelegatingContext [A=JavaTypeContext<point: <Primordial,Ljava/lang/StringBuilder>>, B=Everywhere], B=DelegatingContext [A=JavaTypeContext<point: <Primordial,Ljava/lang/StringBuilder>>, B=Everywhere]]|nodeId=97|walaSynthetic=true|sentinelRole=NONE || java.lang.Object#getClass()Ljava/lang/Class;@JDK|context=DelegatingContext [A=DelegatingContext [A=JavaTypeContext<point: <Primordial,Ljava/util/Collections$UnmodifiableRandomAccessList>>, B=Everywhere], B=DelegatingContext [A=JavaTypeContext<point: <Primordial,Ljava/util/Collections$UnmodifiableRandomAccessList>>, B=Everywhere]]|nodeId=98|walaSynthetic=true|sentinelRole=NONE || java.lang.Object#getClass()Ljava/lang/Class;@JDK|context=DelegatingContext [A=DelegatingContext [A=JavaTypeContext<point: <Primordial,Ljava/util/Collections$UnmodifiableList>>, B=Everywhere], B=DelegatingContext [A=JavaTypeContext<point: <Primordial,Ljava/util/Collections$UnmodifiableList>>, B=Everywhere]]|nodeId=99|walaSynthetic=true|sentinelRole=NONE || java.lang.Object#getClass()Ljava/lang/Class;@JDK|context=DelegatingContext [A=DelegatingContext [A=JavaTypeContext<point: <Primordial,Ljava/util/Collections$EmptySet>>, B=Everywhere], B=DelegatingContext [A=JavaTypeContext<point: <Primordial,Ljava/util/Collections$EmptySet>>, B=Everywhere]]|nodeId=100|walaSynthetic=true|sentinelRole=NONE || java.lang.Object#getClass()Ljava/lang/Class;@JDK|context=DelegatingContext [A=DelegatingContext [A=JavaTypeContext<point: <Primordial,Ljava/util/Collections$EmptyList>>, B=Everywhere], B=DelegatingContext [A=JavaTypeContext<point: <Primordial,Ljava/util/Collections$EmptyList>>, B=Everywhere]]|nodeId=101|walaSynthetic=true|sentinelRole=NONE || java.lang.Object#getClass()Ljava/lang/Class;@JDK|context=DelegatingContext [A=DelegatingContext [A=JavaTypeContext<point: <Primordial,Ljava/util/Collections$EmptyMap>>, B=Everywhere], B=DelegatingContext [A=JavaTypeContext<point: <Primordial,Ljava/util/Collections$EmptyMap>>, B=Everywhere]]|nodeId=102|walaSynthetic=true|sentinelRole=NONE || java.lang.Object#getClass()Ljava/lang/Class;@JDK|context=DelegatingContext [A=DelegatingContext [A=JavaTypeContext<point: <Primordial,Ljava/lang/IllegalStateException>>, B=Everywhere], B=DelegatingContext [A=JavaTypeContext<point: <Primordial,Ljava/lang/IllegalStateException>>, B=Everywhere]]|nodeId=103|walaSynthetic=true|sentinelRole=NONE || java.lang.Object#getClass()Ljava/lang/Class;@JDK|context=DelegatingContext [A=DelegatingContext [A=JavaTypeContext<point: <Primordial,Ljava/lang/String>>, B=Everywhere], B=DelegatingContext [A=JavaTypeContext<point: <Primordial,Ljava/lang/String>>, B=Everywhere]]|nodeId=104|walaSynthetic=true|sentinelRole=NONE || java.lang.Object#getClass()Ljava/lang/Class;@JDK|context=DelegatingContext [A=DelegatingContext [A=JavaTypeContext<point: <Primordial,[C>>, B=Everywhere], B=DelegatingContext [A=JavaTypeContext<point: <Primordial,[C>>, B=Everywhere]]|nodeId=105|walaSynthetic=true|sentinelRole=NONE				true	DECOMPILED	5350c03afd130b3d0a26c50969c17a3085d411e4035594e632b186515299b68a	AVAILABLE	306ae0b7330f5d3a6fd32780a9484e26dd3d9e6d2c276b65958df1d866cb4ac3
rta	ONE_FLOW_TO_CASTS_APPLICATION_GET_METHOD	com.acme.benchmark:impact-medium-app:jar@	CALLER	RELATED_IMETHOD	3	27931	java.security.AccessControlContext#checkPermission2(Ljava/security/Permission;)V@JDK|context=DelegatingContext [A=Everywhere, B=Everywhere]|nodeId=27931|walaSynthetic=false|sentinelRole=NONE	DelegatingContext [A=Everywhere, B=Everywhere]	false	NONE	java.security.AccessControlContext#checkPermission2(Ljava/security/Permission;)V@JDK	java.security.AccessControlContext	checkPermission2	(Ljava/security/Permission;)V	JDK	5712	305	5712	2	com.sun.corba.se.impl.orb.ORBVersionImpl#equals(Ljava/lang/Object;)Z@JDK	com.sun.corba.se.impl.orb.ORBVersionImpl	equals	(Ljava/lang/Object;)Z	JDK	1	1	0	com.sun.corba.se.impl.orb.ORBVersionImpl#equals(Ljava/lang/Object;)Z@JDK|context=DelegatingContext [A=Everywhere, B=Everywhere]|nodeId=13757|walaSynthetic=false|sentinelRole=NONE				true	DECOMPILED	5350c03afd130b3d0a26c50969c17a3085d411e4035594e632b186515299b68a	AVAILABLE	306ae0b7330f5d3a6fd32780a9484e26dd3d9e6d2c276b65958df1d866cb4ac3
rta	ONE_FLOW_TO_CASTS_APPLICATION_GET_METHOD	com.acme.benchmark:impact-medium-app:jar@	CALLER	RELATED_IMETHOD	3	27931	java.security.AccessControlContext#checkPermission2(Ljava/security/Permission;)V@JDK|context=DelegatingContext [A=Everywhere, B=Everywhere]|nodeId=27931|walaSynthetic=false|sentinelRole=NONE	DelegatingContext [A=Everywhere, B=Everywhere]	false	NONE	java.security.AccessControlContext#checkPermission2(Ljava/security/Permission;)V@JDK	java.security.AccessControlContext	checkPermission2	(Ljava/security/Permission;)V	JDK	5712	305	5712	3	com.sun.corba.se.spi.orb.ParserImplTableBase$MapEntry#equals(Ljava/lang/Object;)Z@JDK	com.sun.corba.se.spi.orb.ParserImplTableBase$MapEntry	equals	(Ljava/lang/Object;)Z	JDK	1	1	0	com.sun.corba.se.spi.orb.ParserImplTableBase$MapEntry#equals(Ljava/lang/Object;)Z@JDK|context=DelegatingContext [A=Everywhere, B=Everywhere]|nodeId=13747|walaSynthetic=false|sentinelRole=NONE				true	DECOMPILED	5350c03afd130b3d0a26c50969c17a3085d411e4035594e632b186515299b68a	AVAILABLE	306ae0b7330f5d3a6fd32780a9484e26dd3d9e6d2c276b65958df1d866cb4ac3
rta	ONE_FLOW_TO_CASTS_APPLICATION_GET_METHOD	com.acme.benchmark:impact-medium-app:jar@	CALLER	RELATED_IMETHOD	3	27931	java.security.AccessControlContext#checkPermission2(Ljava/security/Permission;)V@JDK|context=DelegatingContext [A=Everywhere, B=Everywhere]|nodeId=27931|walaSynthetic=false|sentinelRole=NONE	DelegatingContext [A=Everywhere, B=Everywhere]	false	NONE	java.security.AccessControlContext#checkPermission2(Ljava/security/Permission;)V@JDK	java.security.AccessControlContext	checkPermission2	(Ljava/security/Permission;)V	JDK	5712	305	5712	4	com.sun.java.util.jar.pack.Attribute$Layout#equals(Ljava/lang/Object;)Z@JDK	com.sun.java.util.jar.pack.Attribute$Layout	equals	(Ljava/lang/Object;)Z	JDK	1	1	0	com.sun.java.util.jar.pack.Attribute$Layout#equals(Ljava/lang/Object;)Z@JDK|context=DelegatingContext [A=Everywhere, B=Everywhere]|nodeId=13758|walaSynthetic=false|sentinelRole=NONE				true	DECOMPILED	5350c03afd130b3d0a26c50969c17a3085d411e4035594e632b186515299b68a	AVAILABLE	306ae0b7330f5d3a6fd32780a9484e26dd3d9e6d2c276b65958df1d866cb4ac3
rta	ONE_FLOW_TO_CASTS_APPLICATION_GET_METHOD	com.acme.benchmark:impact-medium-app:jar@	CALLER	RELATED_IMETHOD	3	27931	java.security.AccessControlContext#checkPermission2(Ljava/security/Permission;)V@JDK|context=DelegatingContext [A=Everywhere, B=Everywhere]|nodeId=27931|walaSynthetic=false|sentinelRole=NONE	DelegatingContext [A=Everywhere, B=Everywhere]	false	NONE	java.security.AccessControlContext#checkPermission2(Ljava/security/Permission;)V@JDK	java.security.AccessControlContext	checkPermission2	(Ljava/security/Permission;)V	JDK	5712	305	5712	5	com.sun.java.util.jar.pack.ClassReader$2#equals(Ljava/lang/Object;)Z@JDK	com.sun.java.util.jar.pack.ClassReader$2	equals	(Ljava/lang/Object;)Z	JDK	1	1	0	com.sun.java.util.jar.pack.ClassReader$2#equals(Ljava/lang/Object;)Z@JDK|context=DelegatingContext [A=Everywhere, B=Everywhere]|nodeId=13759|walaSynthetic=false|sentinelRole=NONE				true	DECOMPILED	5350c03afd130b3d0a26c50969c17a3085d411e4035594e632b186515299b68a	AVAILABLE	306ae0b7330f5d3a6fd32780a9484e26dd3d9e6d2c276b65958df1d866cb4ac3
rta	ONE_FLOW_TO_CASTS_APPLICATION_GET_METHOD	com.acme.benchmark:impact-medium-app:jar@	CALLER	RELATED_IMETHOD	3	27931	java.security.AccessControlContext#checkPermission2(Ljava/security/Permission;)V@JDK|context=DelegatingContext [A=Everywhere, B=Everywhere]|nodeId=27931|walaSynthetic=false|sentinelRole=NONE	DelegatingContext [A=Everywhere, B=Everywhere]	false	NONE	java.security.AccessControlContext#checkPermission2(Ljava/security/Permission;)V@JDK	java.security.AccessControlContext	checkPermission2	(Ljava/security/Permission;)V	JDK	5712	305	5712	6	com.sun.java.util.jar.pack.ClassReader$UnresolvedEntry#equals(Ljava/lang/Object;)Z@JDK	com.sun.java.util.jar.pack.ClassReader$UnresolvedEntry	equals	(Ljava/lang/Object;)Z	JDK	1	1	0	com.sun.java.util.jar.pack.ClassReader$UnresolvedEntry#equals(Ljava/lang/Object;)Z@JDK|context=DelegatingContext [A=Everywhere, B=Everywhere]|nodeId=13760|walaSynthetic=false|sentinelRole=NONE				true	DECOMPILED	5350c03afd130b3d0a26c50969c17a3085d411e4035594e632b186515299b68a	AVAILABLE	306ae0b7330f5d3a6fd32780a9484e26dd3d9e6d2c276b65958df1d866cb4ac3
rta	ONE_FLOW_TO_CASTS_APPLICATION_GET_METHOD	com.acme.benchmark:impact-medium-app:jar@	CALLER	RELATED_IMETHOD	3	27931	java.security.AccessControlContext#checkPermission2(Ljava/security/Permission;)V@JDK|context=DelegatingContext [A=Everywhere, B=Everywhere]|nodeId=27931|walaSynthetic=false|sentinelRole=NONE	DelegatingContext [A=Everywhere, B=Everywhere]	false	NONE	java.security.AccessControlContext#checkPermission2(Ljava/security/Permission;)V@JDK	java.security.AccessControlContext	checkPermission2	(Ljava/security/Permission;)V	JDK	5712	305	5712	7	com.sun.java.util.jar.pack.Coding#equals(Ljava/lang/Object;)Z@JDK	com.sun.java.util.jar.pack.Coding	equals	(Ljava/lang/Object;)Z	JDK	1	1	0	com.sun.java.util.jar.pack.Coding#equals(Ljava/lang/Object;)Z@JDK|context=DelegatingContext [A=Everywhere, B=Everywhere]|nodeId=13761|walaSynthetic=false|sentinelRole=NONE				true	DECOMPILED	5350c03afd130b3d0a26c50969c17a3085d411e4035594e632b186515299b68a	AVAILABLE	306ae0b7330f5d3a6fd32780a9484e26dd3d9e6d2c276b65958df1d866cb4ac3
rta	ONE_FLOW_TO_CASTS_APPLICATION_GET_METHOD	com.acme.benchmark:impact-medium-app:jar@	CALLER	RELATED_IMETHOD	3	27931	java.security.AccessControlContext#checkPermission2(Ljava/security/Permission;)V@JDK|context=DelegatingContext [A=Everywhere, B=Everywhere]|nodeId=27931|walaSynthetic=false|sentinelRole=NONE	DelegatingContext [A=Everywhere, B=Everywhere]	false	NONE	java.security.AccessControlContext#checkPermission2(Ljava/security/Permission;)V@JDK	java.security.AccessControlContext	checkPermission2	(Ljava/security/Permission;)V	JDK	5712	305	5712	8	com.sun.java.util.jar.pack.ConstantPool$BootstrapMethodEntry#equals(Ljava/lang/Object;)Z@JDK	com.sun.java.util.jar.pack.ConstantPool$BootstrapMethodEntry	equals	(Ljava/lang/Object;)Z	JDK	1	1	0	com.sun.java.util.jar.pack.ConstantPool$BootstrapMethodEntry#equals(Ljava/lang/Object;)Z@JDK|context=DelegatingContext [A=Everywhere, B=Everywhere]|nodeId=13762|walaSynthetic=false|sentinelRole=NONE				true	DECOMPILED	5350c03afd130b3d0a26c50969c17a3085d411e4035594e632b186515299b68a	AVAILABLE	306ae0b7330f5d3a6fd32780a9484e26dd3d9e6d2c276b65958df1d866cb4ac3
rta	ONE_FLOW_TO_CASTS_APPLICATION_GET_METHOD	com.acme.benchmark:impact-medium-app:jar@	CALLER	RELATED_IMETHOD	3	27931	java.security.AccessControlContext#checkPermission2(Ljava/security/Permission;)V@JDK|context=DelegatingContext [A=Everywhere, B=Everywhere]|nodeId=27931|walaSynthetic=false|sentinelRole=NONE	DelegatingContext [A=Everywhere, B=Everywhere]	false	NONE	java.security.AccessControlContext#checkPermission2(Ljava/security/Permission;)V@JDK	java.security.AccessControlContext	checkPermission2	(Ljava/security/Permission;)V	JDK	5712	305	5712	9	com.sun.java.util.jar.pack.ConstantPool$ClassEntry#equals(Ljava/lang/Object;)Z@JDK	com.sun.java.util.jar.pack.ConstantPool$ClassEntry	equals	(Ljava/lang/Object;)Z	JDK	1	1	0	com.sun.java.util.jar.pack.ConstantPool$ClassEntry#equals(Ljava/lang/Object;)Z@JDK|context=DelegatingContext [A=Everywhere, B=Everywhere]|nodeId=13763|walaSynthetic=false|sentinelRole=NONE				true	DECOMPILED	5350c03afd130b3d0a26c50969c17a3085d411e4035594e632b186515299b68a	AVAILABLE	306ae0b7330f5d3a6fd32780a9484e26dd3d9e6d2c276b65958df1d866cb4ac3
rta	ONE_FLOW_TO_CASTS_APPLICATION_GET_METHOD	com.acme.benchmark:impact-medium-app:jar@	CALLER	RELATED_IMETHOD	3	27931	java.security.AccessControlContext#checkPermission2(Ljava/security/Permission;)V@JDK|context=DelegatingContext [A=Everywhere, B=Everywhere]|nodeId=27931|walaSynthetic=false|sentinelRole=NONE	DelegatingContext [A=Everywhere, B=Everywhere]	false	NONE	java.security.AccessControlContext#checkPermission2(Ljava/security/Permission;)V@JDK	java.security.AccessControlContext	checkPermission2	(Ljava/security/Permission;)V	JDK	5712	305	5712	10	com.sun.java.util.jar.pack.ConstantPool$DescriptorEntry#equals(Ljava/lang/Object;)Z@JDK	com.sun.java.util.jar.pack.ConstantPool$DescriptorEntry	equals	(Ljava/lang/Object;)Z	JDK	1	1	0	com.sun.java.util.jar.pack.ConstantPool$DescriptorEntry#equals(Ljava/lang/Object;)Z@JDK|context=DelegatingContext [A=Everywhere, B=Everywhere]|nodeId=13764|walaSynthetic=false|sentinelRole=NONE				true	DECOMPILED	5350c03afd130b3d0a26c50969c17a3085d411e4035594e632b186515299b68a	AVAILABLE	306ae0b7330f5d3a6fd32780a9484e26dd3d9e6d2c276b65958df1d866cb4ac3
rta	ONE_FLOW_TO_CASTS_APPLICATION_GET_METHOD	com.acme.benchmark:impact-medium-app:jar@	CALLER	REACHABILITY_PATH	3	27931	java.security.AccessControlContext#checkPermission2(Ljava/security/Permission;)V@JDK|context=DelegatingContext [A=Everywhere, B=Everywhere]|nodeId=27931|walaSynthetic=false|sentinelRole=NONE	DelegatingContext [A=Everywhere, B=Everywhere]	false	NONE	java.security.AccessControlContext#checkPermission2(Ljava/security/Permission;)V@JDK	java.security.AccessControlContext	checkPermission2	(Ljava/security/Permission;)V	JDK	5712	305	5712											FAKE_ROOT	com.ibm.wala.FakeRootClass#fakeRootMethod()V@SYNTHETIC|context=Everywhere|nodeId=0|walaSynthetic=true|sentinelRole=FAKE_ROOT	[FAKE_ROOT] com.ibm.wala.FakeRootClass#fakeRootMethod()V@SYNTHETIC|context=Everywhere|nodeId=0|walaSynthetic=true|sentinelRole=FAKE_ROOT -> [FAKE_WORLD_CLINIT] com.ibm.wala.FakeRootClass#fakeWorldClinit()V@SYNTHETIC|context=Everywhere|nodeId=1|walaSynthetic=true|sentinelRole=FAKE_WORLD_CLINIT -> java.lang.ClassLoader$ParallelLoaders#<clinit>()V@JDK|context=Everywhere|nodeId=3051|walaSynthetic=false|sentinelRole=NONE -> javax.security.auth.Subject$SecureSet#add(Ljava/lang/Object;)Z@JDK|context=DelegatingContext [A=Everywhere, B=Everywhere]|nodeId=30184|walaSynthetic=false|sentinelRole=NONE -> java.lang.SecurityManager#checkPermission(Ljava/security/Permission;)V@JDK|context=DelegatingContext [A=Everywhere, B=Everywhere]|nodeId=324|walaSynthetic=false|sentinelRole=NONE -> java.security.AccessController#checkPermission(Ljava/security/Permission;)V@JDK|context=DelegatingContext [A=Everywhere, B=Everywhere]|nodeId=393|walaSynthetic=false|sentinelRole=NONE -> java.security.AccessControlContext#checkPermission(Ljava/security/Permission;)V@JDK|context=DelegatingContext [A=Everywhere, B=Everywhere]|nodeId=27475|walaSynthetic=false|sentinelRole=NONE -> java.security.AccessControlContext#checkPermission2(Ljava/security/Permission;)V@JDK|context=DelegatingContext [A=Everywhere, B=Everywhere]|nodeId=27931|walaSynthetic=false|sentinelRole=NONE	true	DECOMPILED	5350c03afd130b3d0a26c50969c17a3085d411e4035594e632b186515299b68a	AVAILABLE	306ae0b7330f5d3a6fd32780a9484e26dd3d9e6d2c276b65958df1d866cb4ac3
rta	ONE_FLOW_TO_CASTS_APPLICATION_GET_METHOD	com.acme.benchmark:impact-medium-app:jar@	CALLER	REACHABILITY_PATH	3	27931	java.security.AccessControlContext#checkPermission2(Ljava/security/Permission;)V@JDK|context=DelegatingContext [A=Everywhere, B=Everywhere]|nodeId=27931|walaSynthetic=false|sentinelRole=NONE	DelegatingContext [A=Everywhere, B=Everywhere]	false	NONE	java.security.AccessControlContext#checkPermission2(Ljava/security/Permission;)V@JDK	java.security.AccessControlContext	checkPermission2	(Ljava/security/Permission;)V	JDK	5712	305	5712											FAKE_WORLD_CLINIT	com.ibm.wala.FakeRootClass#fakeWorldClinit()V@SYNTHETIC|context=Everywhere|nodeId=1|walaSynthetic=true|sentinelRole=FAKE_WORLD_CLINIT	[FAKE_WORLD_CLINIT] com.ibm.wala.FakeRootClass#fakeWorldClinit()V@SYNTHETIC|context=Everywhere|nodeId=1|walaSynthetic=true|sentinelRole=FAKE_WORLD_CLINIT -> java.lang.ClassLoader$ParallelLoaders#<clinit>()V@JDK|context=Everywhere|nodeId=3051|walaSynthetic=false|sentinelRole=NONE -> javax.security.auth.Subject$SecureSet#add(Ljava/lang/Object;)Z@JDK|context=DelegatingContext [A=Everywhere, B=Everywhere]|nodeId=30184|walaSynthetic=false|sentinelRole=NONE -> java.lang.SecurityManager#checkPermission(Ljava/security/Permission;)V@JDK|context=DelegatingContext [A=Everywhere, B=Everywhere]|nodeId=324|walaSynthetic=false|sentinelRole=NONE -> java.security.AccessController#checkPermission(Ljava/security/Permission;)V@JDK|context=DelegatingContext [A=Everywhere, B=Everywhere]|nodeId=393|walaSynthetic=false|sentinelRole=NONE -> java.security.AccessControlContext#checkPermission(Ljava/security/Permission;)V@JDK|context=DelegatingContext [A=Everywhere, B=Everywhere]|nodeId=27475|walaSynthetic=false|sentinelRole=NONE -> java.security.AccessControlContext#checkPermission2(Ljava/security/Permission;)V@JDK|context=DelegatingContext [A=Everywhere, B=Everywhere]|nodeId=27931|walaSynthetic=false|sentinelRole=NONE	true	DECOMPILED	5350c03afd130b3d0a26c50969c17a3085d411e4035594e632b186515299b68a	AVAILABLE	306ae0b7330f5d3a6fd32780a9484e26dd3d9e6d2c276b65958df1d866cb4ac3
rta	ONE_FLOW_TO_CASTS_APPLICATION_GET_METHOD	com.acme.benchmark:impact-medium-app:jar@	CALLER	RANKED_CGNODE	4	19892	java.text.DateFormat#equals(Ljava/lang/Object;)Z@JDK|context=DelegatingContext [A=Everywhere, B=Everywhere]|nodeId=19892|walaSynthetic=false|sentinelRole=NONE	DelegatingContext [A=Everywhere, B=Everywhere]	false	NONE	java.text.DateFormat#equals(Ljava/lang/Object;)Z@JDK	java.text.DateFormat	equals	(Ljava/lang/Object;)Z	JDK	5703	296	5703														true	DECOMPILED	af55e68c61714605f03ec78c950101af7e06a72dea10a978e3b0b908865765f4	AVAILABLE	6224ac452df3e83b0c77f1d9a514487524b46314315e971e31c5f2b22b33ad27
rta	ONE_FLOW_TO_CASTS_APPLICATION_GET_METHOD	com.acme.benchmark:impact-medium-app:jar@	CALLER	RELATED_IMETHOD	4	19892	java.text.DateFormat#equals(Ljava/lang/Object;)Z@JDK|context=DelegatingContext [A=Everywhere, B=Everywhere]|nodeId=19892|walaSynthetic=false|sentinelRole=NONE	DelegatingContext [A=Everywhere, B=Everywhere]	false	NONE	java.text.DateFormat#equals(Ljava/lang/Object;)Z@JDK	java.text.DateFormat	equals	(Ljava/lang/Object;)Z	JDK	5703	296	5703	1	java.lang.Object#getClass()Ljava/lang/Class;@JDK	java.lang.Object	getClass	()Ljava/lang/Class;	JDK	5408	5408	5398	java.lang.Object#getClass()Ljava/lang/Class;@JDK|context=DelegatingContext [A=DelegatingContext [A=JavaTypeContext<point: <Primordial,Ljava/lang/IllegalArgumentException>>, B=Everywhere], B=DelegatingContext [A=JavaTypeContext<point: <Primordial,Ljava/lang/IllegalArgumentException>>, B=Everywhere]]|nodeId=96|walaSynthetic=true|sentinelRole=NONE || java.lang.Object#getClass()Ljava/lang/Class;@JDK|context=DelegatingContext [A=DelegatingContext [A=JavaTypeContext<point: <Primordial,Ljava/lang/StringBuilder>>, B=Everywhere], B=DelegatingContext [A=JavaTypeContext<point: <Primordial,Ljava/lang/StringBuilder>>, B=Everywhere]]|nodeId=97|walaSynthetic=true|sentinelRole=NONE || java.lang.Object#getClass()Ljava/lang/Class;@JDK|context=DelegatingContext [A=DelegatingContext [A=JavaTypeContext<point: <Primordial,Ljava/util/Collections$UnmodifiableRandomAccessList>>, B=Everywhere], B=DelegatingContext [A=JavaTypeContext<point: <Primordial,Ljava/util/Collections$UnmodifiableRandomAccessList>>, B=Everywhere]]|nodeId=98|walaSynthetic=true|sentinelRole=NONE || java.lang.Object#getClass()Ljava/lang/Class;@JDK|context=DelegatingContext [A=DelegatingContext [A=JavaTypeContext<point: <Primordial,Ljava/util/Collections$UnmodifiableList>>, B=Everywhere], B=DelegatingContext [A=JavaTypeContext<point: <Primordial,Ljava/util/Collections$UnmodifiableList>>, B=Everywhere]]|nodeId=99|walaSynthetic=true|sentinelRole=NONE || java.lang.Object#getClass()Ljava/lang/Class;@JDK|context=DelegatingContext [A=DelegatingContext [A=JavaTypeContext<point: <Primordial,Ljava/util/Collections$EmptySet>>, B=Everywhere], B=DelegatingContext [A=JavaTypeContext<point: <Primordial,Ljava/util/Collections$EmptySet>>, B=Everywhere]]|nodeId=100|walaSynthetic=true|sentinelRole=NONE || java.lang.Object#getClass()Ljava/lang/Class;@JDK|context=DelegatingContext [A=DelegatingContext [A=JavaTypeContext<point: <Primordial,Ljava/util/Collections$EmptyList>>, B=Everywhere], B=DelegatingContext [A=JavaTypeContext<point: <Primordial,Ljava/util/Collections$EmptyList>>, B=Everywhere]]|nodeId=101|walaSynthetic=true|sentinelRole=NONE || java.lang.Object#getClass()Ljava/lang/Class;@JDK|context=DelegatingContext [A=DelegatingContext [A=JavaTypeContext<point: <Primordial,Ljava/util/Collections$EmptyMap>>, B=Everywhere], B=DelegatingContext [A=JavaTypeContext<point: <Primordial,Ljava/util/Collections$EmptyMap>>, B=Everywhere]]|nodeId=102|walaSynthetic=true|sentinelRole=NONE || java.lang.Object#getClass()Ljava/lang/Class;@JDK|context=DelegatingContext [A=DelegatingContext [A=JavaTypeContext<point: <Primordial,Ljava/lang/IllegalStateException>>, B=Everywhere], B=DelegatingContext [A=JavaTypeContext<point: <Primordial,Ljava/lang/IllegalStateException>>, B=Everywhere]]|nodeId=103|walaSynthetic=true|sentinelRole=NONE || java.lang.Object#getClass()Ljava/lang/Class;@JDK|context=DelegatingContext [A=DelegatingContext [A=JavaTypeContext<point: <Primordial,Ljava/lang/String>>, B=Everywhere], B=DelegatingContext [A=JavaTypeContext<point: <Primordial,Ljava/lang/String>>, B=Everywhere]]|nodeId=104|walaSynthetic=true|sentinelRole=NONE || java.lang.Object#getClass()Ljava/lang/Class;@JDK|context=DelegatingContext [A=DelegatingContext [A=JavaTypeContext<point: <Primordial,[C>>, B=Everywhere], B=DelegatingContext [A=JavaTypeContext<point: <Primordial,[C>>, B=Everywhere]]|nodeId=105|walaSynthetic=true|sentinelRole=NONE				true	DECOMPILED	af55e68c61714605f03ec78c950101af7e06a72dea10a978e3b0b908865765f4	AVAILABLE	6224ac452df3e83b0c77f1d9a514487524b46314315e971e31c5f2b22b33ad27
rta	ONE_FLOW_TO_CASTS_APPLICATION_GET_METHOD	com.acme.benchmark:impact-medium-app:jar@	CALLER	RELATED_IMETHOD	4	19892	java.text.DateFormat#equals(Ljava/lang/Object;)Z@JDK|context=DelegatingContext [A=Everywhere, B=Everywhere]|nodeId=19892|walaSynthetic=false|sentinelRole=NONE	DelegatingContext [A=Everywhere, B=Everywhere]	false	NONE	java.text.DateFormat#equals(Ljava/lang/Object;)Z@JDK	java.text.DateFormat	equals	(Ljava/lang/Object;)Z	JDK	5703	296	5703	2	com.sun.corba.se.impl.orb.ORBVersionImpl#equals(Ljava/lang/Object;)Z@JDK	com.sun.corba.se.impl.orb.ORBVersionImpl	equals	(Ljava/lang/Object;)Z	JDK	1	1	0	com.sun.corba.se.impl.orb.ORBVersionImpl#equals(Ljava/lang/Object;)Z@JDK|context=DelegatingContext [A=Everywhere, B=Everywhere]|nodeId=13757|walaSynthetic=false|sentinelRole=NONE				true	DECOMPILED	af55e68c61714605f03ec78c950101af7e06a72dea10a978e3b0b908865765f4	AVAILABLE	6224ac452df3e83b0c77f1d9a514487524b46314315e971e31c5f2b22b33ad27
rta	ONE_FLOW_TO_CASTS_APPLICATION_GET_METHOD	com.acme.benchmark:impact-medium-app:jar@	CALLER	RELATED_IMETHOD	4	19892	java.text.DateFormat#equals(Ljava/lang/Object;)Z@JDK|context=DelegatingContext [A=Everywhere, B=Everywhere]|nodeId=19892|walaSynthetic=false|sentinelRole=NONE	DelegatingContext [A=Everywhere, B=Everywhere]	false	NONE	java.text.DateFormat#equals(Ljava/lang/Object;)Z@JDK	java.text.DateFormat	equals	(Ljava/lang/Object;)Z	JDK	5703	296	5703	3	com.sun.corba.se.spi.orb.ParserImplTableBase$MapEntry#equals(Ljava/lang/Object;)Z@JDK	com.sun.corba.se.spi.orb.ParserImplTableBase$MapEntry	equals	(Ljava/lang/Object;)Z	JDK	1	1	0	com.sun.corba.se.spi.orb.ParserImplTableBase$MapEntry#equals(Ljava/lang/Object;)Z@JDK|context=DelegatingContext [A=Everywhere, B=Everywhere]|nodeId=13747|walaSynthetic=false|sentinelRole=NONE				true	DECOMPILED	af55e68c61714605f03ec78c950101af7e06a72dea10a978e3b0b908865765f4	AVAILABLE	6224ac452df3e83b0c77f1d9a514487524b46314315e971e31c5f2b22b33ad27
rta	ONE_FLOW_TO_CASTS_APPLICATION_GET_METHOD	com.acme.benchmark:impact-medium-app:jar@	CALLER	RELATED_IMETHOD	4	19892	java.text.DateFormat#equals(Ljava/lang/Object;)Z@JDK|context=DelegatingContext [A=Everywhere, B=Everywhere]|nodeId=19892|walaSynthetic=false|sentinelRole=NONE	DelegatingContext [A=Everywhere, B=Everywhere]	false	NONE	java.text.DateFormat#equals(Ljava/lang/Object;)Z@JDK	java.text.DateFormat	equals	(Ljava/lang/Object;)Z	JDK	5703	296	5703	4	com.sun.java.util.jar.pack.Attribute$Layout#equals(Ljava/lang/Object;)Z@JDK	com.sun.java.util.jar.pack.Attribute$Layout	equals	(Ljava/lang/Object;)Z	JDK	1	1	0	com.sun.java.util.jar.pack.Attribute$Layout#equals(Ljava/lang/Object;)Z@JDK|context=DelegatingContext [A=Everywhere, B=Everywhere]|nodeId=13758|walaSynthetic=false|sentinelRole=NONE				true	DECOMPILED	af55e68c61714605f03ec78c950101af7e06a72dea10a978e3b0b908865765f4	AVAILABLE	6224ac452df3e83b0c77f1d9a514487524b46314315e971e31c5f2b22b33ad27
rta	ONE_FLOW_TO_CASTS_APPLICATION_GET_METHOD	com.acme.benchmark:impact-medium-app:jar@	CALLER	RELATED_IMETHOD	4	19892	java.text.DateFormat#equals(Ljava/lang/Object;)Z@JDK|context=DelegatingContext [A=Everywhere, B=Everywhere]|nodeId=19892|walaSynthetic=false|sentinelRole=NONE	DelegatingContext [A=Everywhere, B=Everywhere]	false	NONE	java.text.DateFormat#equals(Ljava/lang/Object;)Z@JDK	java.text.DateFormat	equals	(Ljava/lang/Object;)Z	JDK	5703	296	5703	5	com.sun.java.util.jar.pack.ClassReader$2#equals(Ljava/lang/Object;)Z@JDK	com.sun.java.util.jar.pack.ClassReader$2	equals	(Ljava/lang/Object;)Z	JDK	1	1	0	com.sun.java.util.jar.pack.ClassReader$2#equals(Ljava/lang/Object;)Z@JDK|context=DelegatingContext [A=Everywhere, B=Everywhere]|nodeId=13759|walaSynthetic=false|sentinelRole=NONE				true	DECOMPILED	af55e68c61714605f03ec78c950101af7e06a72dea10a978e3b0b908865765f4	AVAILABLE	6224ac452df3e83b0c77f1d9a514487524b46314315e971e31c5f2b22b33ad27
rta	ONE_FLOW_TO_CASTS_APPLICATION_GET_METHOD	com.acme.benchmark:impact-medium-app:jar@	CALLER	RELATED_IMETHOD	4	19892	java.text.DateFormat#equals(Ljava/lang/Object;)Z@JDK|context=DelegatingContext [A=Everywhere, B=Everywhere]|nodeId=19892|walaSynthetic=false|sentinelRole=NONE	DelegatingContext [A=Everywhere, B=Everywhere]	false	NONE	java.text.DateFormat#equals(Ljava/lang/Object;)Z@JDK	java.text.DateFormat	equals	(Ljava/lang/Object;)Z	JDK	5703	296	5703	6	com.sun.java.util.jar.pack.ClassReader$UnresolvedEntry#equals(Ljava/lang/Object;)Z@JDK	com.sun.java.util.jar.pack.ClassReader$UnresolvedEntry	equals	(Ljava/lang/Object;)Z	JDK	1	1	0	com.sun.java.util.jar.pack.ClassReader$UnresolvedEntry#equals(Ljava/lang/Object;)Z@JDK|context=DelegatingContext [A=Everywhere, B=Everywhere]|nodeId=13760|walaSynthetic=false|sentinelRole=NONE				true	DECOMPILED	af55e68c61714605f03ec78c950101af7e06a72dea10a978e3b0b908865765f4	AVAILABLE	6224ac452df3e83b0c77f1d9a514487524b46314315e971e31c5f2b22b33ad27
rta	ONE_FLOW_TO_CASTS_APPLICATION_GET_METHOD	com.acme.benchmark:impact-medium-app:jar@	CALLER	RELATED_IMETHOD	4	19892	java.text.DateFormat#equals(Ljava/lang/Object;)Z@JDK|context=DelegatingContext [A=Everywhere, B=Everywhere]|nodeId=19892|walaSynthetic=false|sentinelRole=NONE	DelegatingContext [A=Everywhere, B=Everywhere]	false	NONE	java.text.DateFormat#equals(Ljava/lang/Object;)Z@JDK	java.text.DateFormat	equals	(Ljava/lang/Object;)Z	JDK	5703	296	5703	7	com.sun.java.util.jar.pack.Coding#equals(Ljava/lang/Object;)Z@JDK	com.sun.java.util.jar.pack.Coding	equals	(Ljava/lang/Object;)Z	JDK	1	1	0	com.sun.java.util.jar.pack.Coding#equals(Ljava/lang/Object;)Z@JDK|context=DelegatingContext [A=Everywhere, B=Everywhere]|nodeId=13761|walaSynthetic=false|sentinelRole=NONE				true	DECOMPILED	af55e68c61714605f03ec78c950101af7e06a72dea10a978e3b0b908865765f4	AVAILABLE	6224ac452df3e83b0c77f1d9a514487524b46314315e971e31c5f2b22b33ad27
rta	ONE_FLOW_TO_CASTS_APPLICATION_GET_METHOD	com.acme.benchmark:impact-medium-app:jar@	CALLER	RELATED_IMETHOD	4	19892	java.text.DateFormat#equals(Ljava/lang/Object;)Z@JDK|context=DelegatingContext [A=Everywhere, B=Everywhere]|nodeId=19892|walaSynthetic=false|sentinelRole=NONE	DelegatingContext [A=Everywhere, B=Everywhere]	false	NONE	java.text.DateFormat#equals(Ljava/lang/Object;)Z@JDK	java.text.DateFormat	equals	(Ljava/lang/Object;)Z	JDK	5703	296	5703	8	com.sun.java.util.jar.pack.ConstantPool$BootstrapMethodEntry#equals(Ljava/lang/Object;)Z@JDK	com.sun.java.util.jar.pack.ConstantPool$BootstrapMethodEntry	equals	(Ljava/lang/Object;)Z	JDK	1	1	0	com.sun.java.util.jar.pack.ConstantPool$BootstrapMethodEntry#equals(Ljava/lang/Object;)Z@JDK|context=DelegatingContext [A=Everywhere, B=Everywhere]|nodeId=13762|walaSynthetic=false|sentinelRole=NONE				true	DECOMPILED	af55e68c61714605f03ec78c950101af7e06a72dea10a978e3b0b908865765f4	AVAILABLE	6224ac452df3e83b0c77f1d9a514487524b46314315e971e31c5f2b22b33ad27
rta	ONE_FLOW_TO_CASTS_APPLICATION_GET_METHOD	com.acme.benchmark:impact-medium-app:jar@	CALLER	RELATED_IMETHOD	4	19892	java.text.DateFormat#equals(Ljava/lang/Object;)Z@JDK|context=DelegatingContext [A=Everywhere, B=Everywhere]|nodeId=19892|walaSynthetic=false|sentinelRole=NONE	DelegatingContext [A=Everywhere, B=Everywhere]	false	NONE	java.text.DateFormat#equals(Ljava/lang/Object;)Z@JDK	java.text.DateFormat	equals	(Ljava/lang/Object;)Z	JDK	5703	296	5703	9	com.sun.java.util.jar.pack.ConstantPool$ClassEntry#equals(Ljava/lang/Object;)Z@JDK	com.sun.java.util.jar.pack.ConstantPool$ClassEntry	equals	(Ljava/lang/Object;)Z	JDK	1	1	0	com.sun.java.util.jar.pack.ConstantPool$ClassEntry#equals(Ljava/lang/Object;)Z@JDK|context=DelegatingContext [A=Everywhere, B=Everywhere]|nodeId=13763|walaSynthetic=false|sentinelRole=NONE				true	DECOMPILED	af55e68c61714605f03ec78c950101af7e06a72dea10a978e3b0b908865765f4	AVAILABLE	6224ac452df3e83b0c77f1d9a514487524b46314315e971e31c5f2b22b33ad27
rta	ONE_FLOW_TO_CASTS_APPLICATION_GET_METHOD	com.acme.benchmark:impact-medium-app:jar@	CALLER	RELATED_IMETHOD	4	19892	java.text.DateFormat#equals(Ljava/lang/Object;)Z@JDK|context=DelegatingContext [A=Everywhere, B=Everywhere]|nodeId=19892|walaSynthetic=false|sentinelRole=NONE	DelegatingContext [A=Everywhere, B=Everywhere]	false	NONE	java.text.DateFormat#equals(Ljava/lang/Object;)Z@JDK	java.text.DateFormat	equals	(Ljava/lang/Object;)Z	JDK	5703	296	5703	10	com.sun.java.util.jar.pack.ConstantPool$DescriptorEntry#equals(Ljava/lang/Object;)Z@JDK	com.sun.java.util.jar.pack.ConstantPool$DescriptorEntry	equals	(Ljava/lang/Object;)Z	JDK	1	1	0	com.sun.java.util.jar.pack.ConstantPool$DescriptorEntry#equals(Ljava/lang/Object;)Z@JDK|context=DelegatingContext [A=Everywhere, B=Everywhere]|nodeId=13764|walaSynthetic=false|sentinelRole=NONE				true	DECOMPILED	af55e68c61714605f03ec78c950101af7e06a72dea10a978e3b0b908865765f4	AVAILABLE	6224ac452df3e83b0c77f1d9a514487524b46314315e971e31c5f2b22b33ad27
rta	ONE_FLOW_TO_CASTS_APPLICATION_GET_METHOD	com.acme.benchmark:impact-medium-app:jar@	CALLER	REACHABILITY_PATH	4	19892	java.text.DateFormat#equals(Ljava/lang/Object;)Z@JDK|context=DelegatingContext [A=Everywhere, B=Everywhere]|nodeId=19892|walaSynthetic=false|sentinelRole=NONE	DelegatingContext [A=Everywhere, B=Everywhere]	false	NONE	java.text.DateFormat#equals(Ljava/lang/Object;)Z@JDK	java.text.DateFormat	equals	(Ljava/lang/Object;)Z	JDK	5703	296	5703											FAKE_ROOT	com.ibm.wala.FakeRootClass#fakeRootMethod()V@SYNTHETIC|context=Everywhere|nodeId=0|walaSynthetic=true|sentinelRole=FAKE_ROOT	[FAKE_ROOT] com.ibm.wala.FakeRootClass#fakeRootMethod()V@SYNTHETIC|context=Everywhere|nodeId=0|walaSynthetic=true|sentinelRole=FAKE_ROOT -> [FAKE_WORLD_CLINIT] com.ibm.wala.FakeRootClass#fakeWorldClinit()V@SYNTHETIC|context=Everywhere|nodeId=1|walaSynthetic=true|sentinelRole=FAKE_WORLD_CLINIT -> com.sun.java.util.jar.pack.BandStructure#<clinit>()V@JDK|context=Everywhere|nodeId=18884|walaSynthetic=false|sentinelRole=NONE -> java.util.Hashtable#put(Ljava/lang/Object;Ljava/lang/Object;)Ljava/lang/Object;@JDK|context=DelegatingContext [A=Everywhere, B=Everywhere]|nodeId=197|walaSynthetic=false|sentinelRole=NONE -> java.text.SimpleDateFormat#equals(Ljava/lang/Object;)Z@JDK|context=DelegatingContext [A=Everywhere, B=Everywhere]|nodeId=19251|walaSynthetic=false|sentinelRole=NONE -> java.text.DateFormat#equals(Ljava/lang/Object;)Z@JDK|context=DelegatingContext [A=Everywhere, B=Everywhere]|nodeId=19892|walaSynthetic=false|sentinelRole=NONE	true	DECOMPILED	af55e68c61714605f03ec78c950101af7e06a72dea10a978e3b0b908865765f4	AVAILABLE	6224ac452df3e83b0c77f1d9a514487524b46314315e971e31c5f2b22b33ad27
rta	ONE_FLOW_TO_CASTS_APPLICATION_GET_METHOD	com.acme.benchmark:impact-medium-app:jar@	CALLER	REACHABILITY_PATH	4	19892	java.text.DateFormat#equals(Ljava/lang/Object;)Z@JDK|context=DelegatingContext [A=Everywhere, B=Everywhere]|nodeId=19892|walaSynthetic=false|sentinelRole=NONE	DelegatingContext [A=Everywhere, B=Everywhere]	false	NONE	java.text.DateFormat#equals(Ljava/lang/Object;)Z@JDK	java.text.DateFormat	equals	(Ljava/lang/Object;)Z	JDK	5703	296	5703											FAKE_WORLD_CLINIT	com.ibm.wala.FakeRootClass#fakeWorldClinit()V@SYNTHETIC|context=Everywhere|nodeId=1|walaSynthetic=true|sentinelRole=FAKE_WORLD_CLINIT	[FAKE_WORLD_CLINIT] com.ibm.wala.FakeRootClass#fakeWorldClinit()V@SYNTHETIC|context=Everywhere|nodeId=1|walaSynthetic=true|sentinelRole=FAKE_WORLD_CLINIT -> com.sun.java.util.jar.pack.BandStructure#<clinit>()V@JDK|context=Everywhere|nodeId=18884|walaSynthetic=false|sentinelRole=NONE -> java.util.Hashtable#put(Ljava/lang/Object;Ljava/lang/Object;)Ljava/lang/Object;@JDK|context=DelegatingContext [A=Everywhere, B=Everywhere]|nodeId=197|walaSynthetic=false|sentinelRole=NONE -> java.text.SimpleDateFormat#equals(Ljava/lang/Object;)Z@JDK|context=DelegatingContext [A=Everywhere, B=Everywhere]|nodeId=19251|walaSynthetic=false|sentinelRole=NONE -> java.text.DateFormat#equals(Ljava/lang/Object;)Z@JDK|context=DelegatingContext [A=Everywhere, B=Everywhere]|nodeId=19892|walaSynthetic=false|sentinelRole=NONE	true	DECOMPILED	af55e68c61714605f03ec78c950101af7e06a72dea10a978e3b0b908865765f4	AVAILABLE	6224ac452df3e83b0c77f1d9a514487524b46314315e971e31c5f2b22b33ad27
rta	ONE_FLOW_TO_CASTS_APPLICATION_GET_METHOD	com.acme.benchmark:impact-medium-app:jar@	CALLER	RANKED_CGNODE	5	32468	java.net.Socket$1#run()Ljava/lang/Boolean;@JDK|context=DelegatingContext [A=Everywhere, B=Everywhere]|nodeId=32468|walaSynthetic=false|sentinelRole=NONE	DelegatingContext [A=Everywhere, B=Everywhere]	false	NONE	java.net.Socket$1#run()Ljava/lang/Boolean;@JDK	java.net.Socket$1	run	()Ljava/lang/Boolean;	JDK	5700	293	5700														true	DECOMPILED	6b741e06d063f8985b1daa91127b333bda2235bc0566c4437ddc4d6d700535f8	AVAILABLE	a6787b15daf2fd2b1692d69a626253898cb83b650da494f19fbe65168c5c3c29
rta	ONE_FLOW_TO_CASTS_APPLICATION_GET_METHOD	com.acme.benchmark:impact-medium-app:jar@	CALLER	RELATED_IMETHOD	5	32468	java.net.Socket$1#run()Ljava/lang/Boolean;@JDK|context=DelegatingContext [A=Everywhere, B=Everywhere]|nodeId=32468|walaSynthetic=false|sentinelRole=NONE	DelegatingContext [A=Everywhere, B=Everywhere]	false	NONE	java.net.Socket$1#run()Ljava/lang/Boolean;@JDK	java.net.Socket$1	run	()Ljava/lang/Boolean;	JDK	5700	293	5700	1	java.lang.Object#getClass()Ljava/lang/Class;@JDK	java.lang.Object	getClass	()Ljava/lang/Class;	JDK	5408	5408	5398	java.lang.Object#getClass()Ljava/lang/Class;@JDK|context=DelegatingContext [A=DelegatingContext [A=JavaTypeContext<point: <Primordial,Ljava/lang/IllegalArgumentException>>, B=Everywhere], B=DelegatingContext [A=JavaTypeContext<point: <Primordial,Ljava/lang/IllegalArgumentException>>, B=Everywhere]]|nodeId=96|walaSynthetic=true|sentinelRole=NONE || java.lang.Object#getClass()Ljava/lang/Class;@JDK|context=DelegatingContext [A=DelegatingContext [A=JavaTypeContext<point: <Primordial,Ljava/lang/StringBuilder>>, B=Everywhere], B=DelegatingContext [A=JavaTypeContext<point: <Primordial,Ljava/lang/StringBuilder>>, B=Everywhere]]|nodeId=97|walaSynthetic=true|sentinelRole=NONE || java.lang.Object#getClass()Ljava/lang/Class;@JDK|context=DelegatingContext [A=DelegatingContext [A=JavaTypeContext<point: <Primordial,Ljava/util/Collections$UnmodifiableRandomAccessList>>, B=Everywhere], B=DelegatingContext [A=JavaTypeContext<point: <Primordial,Ljava/util/Collections$UnmodifiableRandomAccessList>>, B=Everywhere]]|nodeId=98|walaSynthetic=true|sentinelRole=NONE || java.lang.Object#getClass()Ljava/lang/Class;@JDK|context=DelegatingContext [A=DelegatingContext [A=JavaTypeContext<point: <Primordial,Ljava/util/Collections$UnmodifiableList>>, B=Everywhere], B=DelegatingContext [A=JavaTypeContext<point: <Primordial,Ljava/util/Collections$UnmodifiableList>>, B=Everywhere]]|nodeId=99|walaSynthetic=true|sentinelRole=NONE || java.lang.Object#getClass()Ljava/lang/Class;@JDK|context=DelegatingContext [A=DelegatingContext [A=JavaTypeContext<point: <Primordial,Ljava/util/Collections$EmptySet>>, B=Everywhere], B=DelegatingContext [A=JavaTypeContext<point: <Primordial,Ljava/util/Collections$EmptySet>>, B=Everywhere]]|nodeId=100|walaSynthetic=true|sentinelRole=NONE || java.lang.Object#getClass()Ljava/lang/Class;@JDK|context=DelegatingContext [A=DelegatingContext [A=JavaTypeContext<point: <Primordial,Ljava/util/Collections$EmptyList>>, B=Everywhere], B=DelegatingContext [A=JavaTypeContext<point: <Primordial,Ljava/util/Collections$EmptyList>>, B=Everywhere]]|nodeId=101|walaSynthetic=true|sentinelRole=NONE || java.lang.Object#getClass()Ljava/lang/Class;@JDK|context=DelegatingContext [A=DelegatingContext [A=JavaTypeContext<point: <Primordial,Ljava/util/Collections$EmptyMap>>, B=Everywhere], B=DelegatingContext [A=JavaTypeContext<point: <Primordial,Ljava/util/Collections$EmptyMap>>, B=Everywhere]]|nodeId=102|walaSynthetic=true|sentinelRole=NONE || java.lang.Object#getClass()Ljava/lang/Class;@JDK|context=DelegatingContext [A=DelegatingContext [A=JavaTypeContext<point: <Primordial,Ljava/lang/IllegalStateException>>, B=Everywhere], B=DelegatingContext [A=JavaTypeContext<point: <Primordial,Ljava/lang/IllegalStateException>>, B=Everywhere]]|nodeId=103|walaSynthetic=true|sentinelRole=NONE || java.lang.Object#getClass()Ljava/lang/Class;@JDK|context=DelegatingContext [A=DelegatingContext [A=JavaTypeContext<point: <Primordial,Ljava/lang/String>>, B=Everywhere], B=DelegatingContext [A=JavaTypeContext<point: <Primordial,Ljava/lang/String>>, B=Everywhere]]|nodeId=104|walaSynthetic=true|sentinelRole=NONE || java.lang.Object#getClass()Ljava/lang/Class;@JDK|context=DelegatingContext [A=DelegatingContext [A=JavaTypeContext<point: <Primordial,[C>>, B=Everywhere], B=DelegatingContext [A=JavaTypeContext<point: <Primordial,[C>>, B=Everywhere]]|nodeId=105|walaSynthetic=true|sentinelRole=NONE				true	DECOMPILED	6b741e06d063f8985b1daa91127b333bda2235bc0566c4437ddc4d6d700535f8	AVAILABLE	a6787b15daf2fd2b1692d69a626253898cb83b650da494f19fbe65168c5c3c29
rta	ONE_FLOW_TO_CASTS_APPLICATION_GET_METHOD	com.acme.benchmark:impact-medium-app:jar@	CALLER	RELATED_IMETHOD	5	32468	java.net.Socket$1#run()Ljava/lang/Boolean;@JDK|context=DelegatingContext [A=Everywhere, B=Everywhere]|nodeId=32468|walaSynthetic=false|sentinelRole=NONE	DelegatingContext [A=Everywhere, B=Everywhere]	false	NONE	java.net.Socket$1#run()Ljava/lang/Boolean;@JDK	java.net.Socket$1	run	()Ljava/lang/Boolean;	JDK	5700	293	5700	2	com.sun.corba.se.impl.orb.ORBVersionImpl#equals(Ljava/lang/Object;)Z@JDK	com.sun.corba.se.impl.orb.ORBVersionImpl	equals	(Ljava/lang/Object;)Z	JDK	1	1	0	com.sun.corba.se.impl.orb.ORBVersionImpl#equals(Ljava/lang/Object;)Z@JDK|context=DelegatingContext [A=Everywhere, B=Everywhere]|nodeId=13757|walaSynthetic=false|sentinelRole=NONE				true	DECOMPILED	6b741e06d063f8985b1daa91127b333bda2235bc0566c4437ddc4d6d700535f8	AVAILABLE	a6787b15daf2fd2b1692d69a626253898cb83b650da494f19fbe65168c5c3c29
rta	ONE_FLOW_TO_CASTS_APPLICATION_GET_METHOD	com.acme.benchmark:impact-medium-app:jar@	CALLER	RELATED_IMETHOD	5	32468	java.net.Socket$1#run()Ljava/lang/Boolean;@JDK|context=DelegatingContext [A=Everywhere, B=Everywhere]|nodeId=32468|walaSynthetic=false|sentinelRole=NONE	DelegatingContext [A=Everywhere, B=Everywhere]	false	NONE	java.net.Socket$1#run()Ljava/lang/Boolean;@JDK	java.net.Socket$1	run	()Ljava/lang/Boolean;	JDK	5700	293	5700	3	com.sun.corba.se.spi.orb.ParserImplTableBase$MapEntry#equals(Ljava/lang/Object;)Z@JDK	com.sun.corba.se.spi.orb.ParserImplTableBase$MapEntry	equals	(Ljava/lang/Object;)Z	JDK	1	1	0	com.sun.corba.se.spi.orb.ParserImplTableBase$MapEntry#equals(Ljava/lang/Object;)Z@JDK|context=DelegatingContext [A=Everywhere, B=Everywhere]|nodeId=13747|walaSynthetic=false|sentinelRole=NONE				true	DECOMPILED	6b741e06d063f8985b1daa91127b333bda2235bc0566c4437ddc4d6d700535f8	AVAILABLE	a6787b15daf2fd2b1692d69a626253898cb83b650da494f19fbe65168c5c3c29
rta	ONE_FLOW_TO_CASTS_APPLICATION_GET_METHOD	com.acme.benchmark:impact-medium-app:jar@	CALLER	RELATED_IMETHOD	5	32468	java.net.Socket$1#run()Ljava/lang/Boolean;@JDK|context=DelegatingContext [A=Everywhere, B=Everywhere]|nodeId=32468|walaSynthetic=false|sentinelRole=NONE	DelegatingContext [A=Everywhere, B=Everywhere]	false	NONE	java.net.Socket$1#run()Ljava/lang/Boolean;@JDK	java.net.Socket$1	run	()Ljava/lang/Boolean;	JDK	5700	293	5700	4	com.sun.java.util.jar.pack.Attribute$Layout#equals(Ljava/lang/Object;)Z@JDK	com.sun.java.util.jar.pack.Attribute$Layout	equals	(Ljava/lang/Object;)Z	JDK	1	1	0	com.sun.java.util.jar.pack.Attribute$Layout#equals(Ljava/lang/Object;)Z@JDK|context=DelegatingContext [A=Everywhere, B=Everywhere]|nodeId=13758|walaSynthetic=false|sentinelRole=NONE				true	DECOMPILED	6b741e06d063f8985b1daa91127b333bda2235bc0566c4437ddc4d6d700535f8	AVAILABLE	a6787b15daf2fd2b1692d69a626253898cb83b650da494f19fbe65168c5c3c29
rta	ONE_FLOW_TO_CASTS_APPLICATION_GET_METHOD	com.acme.benchmark:impact-medium-app:jar@	CALLER	RELATED_IMETHOD	5	32468	java.net.Socket$1#run()Ljava/lang/Boolean;@JDK|context=DelegatingContext [A=Everywhere, B=Everywhere]|nodeId=32468|walaSynthetic=false|sentinelRole=NONE	DelegatingContext [A=Everywhere, B=Everywhere]	false	NONE	java.net.Socket$1#run()Ljava/lang/Boolean;@JDK	java.net.Socket$1	run	()Ljava/lang/Boolean;	JDK	5700	293	5700	5	com.sun.java.util.jar.pack.ClassReader$2#equals(Ljava/lang/Object;)Z@JDK	com.sun.java.util.jar.pack.ClassReader$2	equals	(Ljava/lang/Object;)Z	JDK	1	1	0	com.sun.java.util.jar.pack.ClassReader$2#equals(Ljava/lang/Object;)Z@JDK|context=DelegatingContext [A=Everywhere, B=Everywhere]|nodeId=13759|walaSynthetic=false|sentinelRole=NONE				true	DECOMPILED	6b741e06d063f8985b1daa91127b333bda2235bc0566c4437ddc4d6d700535f8	AVAILABLE	a6787b15daf2fd2b1692d69a626253898cb83b650da494f19fbe65168c5c3c29
rta	ONE_FLOW_TO_CASTS_APPLICATION_GET_METHOD	com.acme.benchmark:impact-medium-app:jar@	CALLER	RELATED_IMETHOD	5	32468	java.net.Socket$1#run()Ljava/lang/Boolean;@JDK|context=DelegatingContext [A=Everywhere, B=Everywhere]|nodeId=32468|walaSynthetic=false|sentinelRole=NONE	DelegatingContext [A=Everywhere, B=Everywhere]	false	NONE	java.net.Socket$1#run()Ljava/lang/Boolean;@JDK	java.net.Socket$1	run	()Ljava/lang/Boolean;	JDK	5700	293	5700	6	com.sun.java.util.jar.pack.ClassReader$UnresolvedEntry#equals(Ljava/lang/Object;)Z@JDK	com.sun.java.util.jar.pack.ClassReader$UnresolvedEntry	equals	(Ljava/lang/Object;)Z	JDK	1	1	0	com.sun.java.util.jar.pack.ClassReader$UnresolvedEntry#equals(Ljava/lang/Object;)Z@JDK|context=DelegatingContext [A=Everywhere, B=Everywhere]|nodeId=13760|walaSynthetic=false|sentinelRole=NONE				true	DECOMPILED	6b741e06d063f8985b1daa91127b333bda2235bc0566c4437ddc4d6d700535f8	AVAILABLE	a6787b15daf2fd2b1692d69a626253898cb83b650da494f19fbe65168c5c3c29
rta	ONE_FLOW_TO_CASTS_APPLICATION_GET_METHOD	com.acme.benchmark:impact-medium-app:jar@	CALLER	RELATED_IMETHOD	5	32468	java.net.Socket$1#run()Ljava/lang/Boolean;@JDK|context=DelegatingContext [A=Everywhere, B=Everywhere]|nodeId=32468|walaSynthetic=false|sentinelRole=NONE	DelegatingContext [A=Everywhere, B=Everywhere]	false	NONE	java.net.Socket$1#run()Ljava/lang/Boolean;@JDK	java.net.Socket$1	run	()Ljava/lang/Boolean;	JDK	5700	293	5700	7	com.sun.java.util.jar.pack.Coding#equals(Ljava/lang/Object;)Z@JDK	com.sun.java.util.jar.pack.Coding	equals	(Ljava/lang/Object;)Z	JDK	1	1	0	com.sun.java.util.jar.pack.Coding#equals(Ljava/lang/Object;)Z@JDK|context=DelegatingContext [A=Everywhere, B=Everywhere]|nodeId=13761|walaSynthetic=false|sentinelRole=NONE				true	DECOMPILED	6b741e06d063f8985b1daa91127b333bda2235bc0566c4437ddc4d6d700535f8	AVAILABLE	a6787b15daf2fd2b1692d69a626253898cb83b650da494f19fbe65168c5c3c29
rta	ONE_FLOW_TO_CASTS_APPLICATION_GET_METHOD	com.acme.benchmark:impact-medium-app:jar@	CALLER	RELATED_IMETHOD	5	32468	java.net.Socket$1#run()Ljava/lang/Boolean;@JDK|context=DelegatingContext [A=Everywhere, B=Everywhere]|nodeId=32468|walaSynthetic=false|sentinelRole=NONE	DelegatingContext [A=Everywhere, B=Everywhere]	false	NONE	java.net.Socket$1#run()Ljava/lang/Boolean;@JDK	java.net.Socket$1	run	()Ljava/lang/Boolean;	JDK	5700	293	5700	8	com.sun.java.util.jar.pack.ConstantPool$BootstrapMethodEntry#equals(Ljava/lang/Object;)Z@JDK	com.sun.java.util.jar.pack.ConstantPool$BootstrapMethodEntry	equals	(Ljava/lang/Object;)Z	JDK	1	1	0	com.sun.java.util.jar.pack.ConstantPool$BootstrapMethodEntry#equals(Ljava/lang/Object;)Z@JDK|context=DelegatingContext [A=Everywhere, B=Everywhere]|nodeId=13762|walaSynthetic=false|sentinelRole=NONE				true	DECOMPILED	6b741e06d063f8985b1daa91127b333bda2235bc0566c4437ddc4d6d700535f8	AVAILABLE	a6787b15daf2fd2b1692d69a626253898cb83b650da494f19fbe65168c5c3c29
rta	ONE_FLOW_TO_CASTS_APPLICATION_GET_METHOD	com.acme.benchmark:impact-medium-app:jar@	CALLER	RELATED_IMETHOD	5	32468	java.net.Socket$1#run()Ljava/lang/Boolean;@JDK|context=DelegatingContext [A=Everywhere, B=Everywhere]|nodeId=32468|walaSynthetic=false|sentinelRole=NONE	DelegatingContext [A=Everywhere, B=Everywhere]	false	NONE	java.net.Socket$1#run()Ljava/lang/Boolean;@JDK	java.net.Socket$1	run	()Ljava/lang/Boolean;	JDK	5700	293	5700	9	com.sun.java.util.jar.pack.ConstantPool$ClassEntry#equals(Ljava/lang/Object;)Z@JDK	com.sun.java.util.jar.pack.ConstantPool$ClassEntry	equals	(Ljava/lang/Object;)Z	JDK	1	1	0	com.sun.java.util.jar.pack.ConstantPool$ClassEntry#equals(Ljava/lang/Object;)Z@JDK|context=DelegatingContext [A=Everywhere, B=Everywhere]|nodeId=13763|walaSynthetic=false|sentinelRole=NONE				true	DECOMPILED	6b741e06d063f8985b1daa91127b333bda2235bc0566c4437ddc4d6d700535f8	AVAILABLE	a6787b15daf2fd2b1692d69a626253898cb83b650da494f19fbe65168c5c3c29
rta	ONE_FLOW_TO_CASTS_APPLICATION_GET_METHOD	com.acme.benchmark:impact-medium-app:jar@	CALLER	RELATED_IMETHOD	5	32468	java.net.Socket$1#run()Ljava/lang/Boolean;@JDK|context=DelegatingContext [A=Everywhere, B=Everywhere]|nodeId=32468|walaSynthetic=false|sentinelRole=NONE	DelegatingContext [A=Everywhere, B=Everywhere]	false	NONE	java.net.Socket$1#run()Ljava/lang/Boolean;@JDK	java.net.Socket$1	run	()Ljava/lang/Boolean;	JDK	5700	293	5700	10	com.sun.java.util.jar.pack.ConstantPool$DescriptorEntry#equals(Ljava/lang/Object;)Z@JDK	com.sun.java.util.jar.pack.ConstantPool$DescriptorEntry	equals	(Ljava/lang/Object;)Z	JDK	1	1	0	com.sun.java.util.jar.pack.ConstantPool$DescriptorEntry#equals(Ljava/lang/Object;)Z@JDK|context=DelegatingContext [A=Everywhere, B=Everywhere]|nodeId=13764|walaSynthetic=false|sentinelRole=NONE				true	DECOMPILED	6b741e06d063f8985b1daa91127b333bda2235bc0566c4437ddc4d6d700535f8	AVAILABLE	a6787b15daf2fd2b1692d69a626253898cb83b650da494f19fbe65168c5c3c29
rta	ONE_FLOW_TO_CASTS_APPLICATION_GET_METHOD	com.acme.benchmark:impact-medium-app:jar@	CALLER	REACHABILITY_PATH	5	32468	java.net.Socket$1#run()Ljava/lang/Boolean;@JDK|context=DelegatingContext [A=Everywhere, B=Everywhere]|nodeId=32468|walaSynthetic=false|sentinelRole=NONE	DelegatingContext [A=Everywhere, B=Everywhere]	false	NONE	java.net.Socket$1#run()Ljava/lang/Boolean;@JDK	java.net.Socket$1	run	()Ljava/lang/Boolean;	JDK	5700	293	5700											FAKE_ROOT	com.ibm.wala.FakeRootClass#fakeRootMethod()V@SYNTHETIC|context=Everywhere|nodeId=0|walaSynthetic=true|sentinelRole=FAKE_ROOT	[FAKE_ROOT] com.ibm.wala.FakeRootClass#fakeRootMethod()V@SYNTHETIC|context=Everywhere|nodeId=0|walaSynthetic=true|sentinelRole=FAKE_ROOT -> [FAKE_WORLD_CLINIT] com.ibm.wala.FakeRootClass#fakeWorldClinit()V@SYNTHETIC|context=Everywhere|nodeId=1|walaSynthetic=true|sentinelRole=FAKE_WORLD_CLINIT -> com.sun.corba.se.impl.io.ObjectStreamField#<clinit>()V@JDK|context=Everywhere|nodeId=6226|walaSynthetic=false|sentinelRole=NONE -> java.security.AccessController#doPrivileged(Ljava/security/PrivilegedAction;)Ljava/lang/Object;@JDK|context=DelegatingContext [A=Everywhere, B=Everywhere]|nodeId=493|walaSynthetic=true|sentinelRole=NONE -> java.net.Socket$1#run()Ljava/lang/Object;@JDK|context=DelegatingContext [A=Everywhere, B=Everywhere]|nodeId=32086|walaSynthetic=false|sentinelRole=NONE -> java.net.Socket$1#run()Ljava/lang/Boolean;@JDK|context=DelegatingContext [A=Everywhere, B=Everywhere]|nodeId=32468|walaSynthetic=false|sentinelRole=NONE	true	DECOMPILED	6b741e06d063f8985b1daa91127b333bda2235bc0566c4437ddc4d6d700535f8	AVAILABLE	a6787b15daf2fd2b1692d69a626253898cb83b650da494f19fbe65168c5c3c29
rta	ONE_FLOW_TO_CASTS_APPLICATION_GET_METHOD	com.acme.benchmark:impact-medium-app:jar@	CALLER	REACHABILITY_PATH	5	32468	java.net.Socket$1#run()Ljava/lang/Boolean;@JDK|context=DelegatingContext [A=Everywhere, B=Everywhere]|nodeId=32468|walaSynthetic=false|sentinelRole=NONE	DelegatingContext [A=Everywhere, B=Everywhere]	false	NONE	java.net.Socket$1#run()Ljava/lang/Boolean;@JDK	java.net.Socket$1	run	()Ljava/lang/Boolean;	JDK	5700	293	5700											FAKE_WORLD_CLINIT	com.ibm.wala.FakeRootClass#fakeWorldClinit()V@SYNTHETIC|context=Everywhere|nodeId=1|walaSynthetic=true|sentinelRole=FAKE_WORLD_CLINIT	[FAKE_WORLD_CLINIT] com.ibm.wala.FakeRootClass#fakeWorldClinit()V@SYNTHETIC|context=Everywhere|nodeId=1|walaSynthetic=true|sentinelRole=FAKE_WORLD_CLINIT -> com.sun.corba.se.impl.io.ObjectStreamField#<clinit>()V@JDK|context=Everywhere|nodeId=6226|walaSynthetic=false|sentinelRole=NONE -> java.security.AccessController#doPrivileged(Ljava/security/PrivilegedAction;)Ljava/lang/Object;@JDK|context=DelegatingContext [A=Everywhere, B=Everywhere]|nodeId=493|walaSynthetic=true|sentinelRole=NONE -> java.net.Socket$1#run()Ljava/lang/Object;@JDK|context=DelegatingContext [A=Everywhere, B=Everywhere]|nodeId=32086|walaSynthetic=false|sentinelRole=NONE -> java.net.Socket$1#run()Ljava/lang/Boolean;@JDK|context=DelegatingContext [A=Everywhere, B=Everywhere]|nodeId=32468|walaSynthetic=false|sentinelRole=NONE	true	DECOMPILED	6b741e06d063f8985b1daa91127b333bda2235bc0566c4437ddc4d6d700535f8	AVAILABLE	a6787b15daf2fd2b1692d69a626253898cb83b650da494f19fbe65168c5c3c29
rta	ONE_FLOW_TO_CASTS_APPLICATION_GET_METHOD	com.acme.benchmark:impact-medium-app:jar@	CALLER	RANKED_CGNODE	6	13769	com.sun.java.util.jar.pack.ConstantPool$NumberEntry#equals(Ljava/lang/Object;)Z@JDK|context=DelegatingContext [A=Everywhere, B=Everywhere]|nodeId=13769|walaSynthetic=false|sentinelRole=NONE	DelegatingContext [A=Everywhere, B=Everywhere]	false	NONE	com.sun.java.util.jar.pack.ConstantPool$NumberEntry#equals(Ljava/lang/Object;)Z@JDK	com.sun.java.util.jar.pack.ConstantPool$NumberEntry	equals	(Ljava/lang/Object;)Z	JDK	5698	291	5698														true	DECOMPILED	aad2713e323f12f0fd3596239bd53e392a672c3d446d0b720db5b86a6820dfc6	AVAILABLE	de5f3a6ee6e7850bfaeaa2b7158e9437f9f623731aff7f13f4268c3d155db60a
rta	ONE_FLOW_TO_CASTS_APPLICATION_GET_METHOD	com.acme.benchmark:impact-medium-app:jar@	CALLER	RELATED_IMETHOD	6	13769	com.sun.java.util.jar.pack.ConstantPool$NumberEntry#equals(Ljava/lang/Object;)Z@JDK|context=DelegatingContext [A=Everywhere, B=Everywhere]|nodeId=13769|walaSynthetic=false|sentinelRole=NONE	DelegatingContext [A=Everywhere, B=Everywhere]	false	NONE	com.sun.java.util.jar.pack.ConstantPool$NumberEntry#equals(Ljava/lang/Object;)Z@JDK	com.sun.java.util.jar.pack.ConstantPool$NumberEntry	equals	(Ljava/lang/Object;)Z	JDK	5698	291	5698	1	java.lang.Object#getClass()Ljava/lang/Class;@JDK	java.lang.Object	getClass	()Ljava/lang/Class;	JDK	5408	5408	5398	java.lang.Object#getClass()Ljava/lang/Class;@JDK|context=DelegatingContext [A=DelegatingContext [A=JavaTypeContext<point: <Primordial,Ljava/lang/IllegalArgumentException>>, B=Everywhere], B=DelegatingContext [A=JavaTypeContext<point: <Primordial,Ljava/lang/IllegalArgumentException>>, B=Everywhere]]|nodeId=96|walaSynthetic=true|sentinelRole=NONE || java.lang.Object#getClass()Ljava/lang/Class;@JDK|context=DelegatingContext [A=DelegatingContext [A=JavaTypeContext<point: <Primordial,Ljava/lang/StringBuilder>>, B=Everywhere], B=DelegatingContext [A=JavaTypeContext<point: <Primordial,Ljava/lang/StringBuilder>>, B=Everywhere]]|nodeId=97|walaSynthetic=true|sentinelRole=NONE || java.lang.Object#getClass()Ljava/lang/Class;@JDK|context=DelegatingContext [A=DelegatingContext [A=JavaTypeContext<point: <Primordial,Ljava/util/Collections$UnmodifiableRandomAccessList>>, B=Everywhere], B=DelegatingContext [A=JavaTypeContext<point: <Primordial,Ljava/util/Collections$UnmodifiableRandomAccessList>>, B=Everywhere]]|nodeId=98|walaSynthetic=true|sentinelRole=NONE || java.lang.Object#getClass()Ljava/lang/Class;@JDK|context=DelegatingContext [A=DelegatingContext [A=JavaTypeContext<point: <Primordial,Ljava/util/Collections$UnmodifiableList>>, B=Everywhere], B=DelegatingContext [A=JavaTypeContext<point: <Primordial,Ljava/util/Collections$UnmodifiableList>>, B=Everywhere]]|nodeId=99|walaSynthetic=true|sentinelRole=NONE || java.lang.Object#getClass()Ljava/lang/Class;@JDK|context=DelegatingContext [A=DelegatingContext [A=JavaTypeContext<point: <Primordial,Ljava/util/Collections$EmptySet>>, B=Everywhere], B=DelegatingContext [A=JavaTypeContext<point: <Primordial,Ljava/util/Collections$EmptySet>>, B=Everywhere]]|nodeId=100|walaSynthetic=true|sentinelRole=NONE || java.lang.Object#getClass()Ljava/lang/Class;@JDK|context=DelegatingContext [A=DelegatingContext [A=JavaTypeContext<point: <Primordial,Ljava/util/Collections$EmptyList>>, B=Everywhere], B=DelegatingContext [A=JavaTypeContext<point: <Primordial,Ljava/util/Collections$EmptyList>>, B=Everywhere]]|nodeId=101|walaSynthetic=true|sentinelRole=NONE || java.lang.Object#getClass()Ljava/lang/Class;@JDK|context=DelegatingContext [A=DelegatingContext [A=JavaTypeContext<point: <Primordial,Ljava/util/Collections$EmptyMap>>, B=Everywhere], B=DelegatingContext [A=JavaTypeContext<point: <Primordial,Ljava/util/Collections$EmptyMap>>, B=Everywhere]]|nodeId=102|walaSynthetic=true|sentinelRole=NONE || java.lang.Object#getClass()Ljava/lang/Class;@JDK|context=DelegatingContext [A=DelegatingContext [A=JavaTypeContext<point: <Primordial,Ljava/lang/IllegalStateException>>, B=Everywhere], B=DelegatingContext [A=JavaTypeContext<point: <Primordial,Ljava/lang/IllegalStateException>>, B=Everywhere]]|nodeId=103|walaSynthetic=true|sentinelRole=NONE || java.lang.Object#getClass()Ljava/lang/Class;@JDK|context=DelegatingContext [A=DelegatingContext [A=JavaTypeContext<point: <Primordial,Ljava/lang/String>>, B=Everywhere], B=DelegatingContext [A=JavaTypeContext<point: <Primordial,Ljava/lang/String>>, B=Everywhere]]|nodeId=104|walaSynthetic=true|sentinelRole=NONE || java.lang.Object#getClass()Ljava/lang/Class;@JDK|context=DelegatingContext [A=DelegatingContext [A=JavaTypeContext<point: <Primordial,[C>>, B=Everywhere], B=DelegatingContext [A=JavaTypeContext<point: <Primordial,[C>>, B=Everywhere]]|nodeId=105|walaSynthetic=true|sentinelRole=NONE				true	DECOMPILED	aad2713e323f12f0fd3596239bd53e392a672c3d446d0b720db5b86a6820dfc6	AVAILABLE	de5f3a6ee6e7850bfaeaa2b7158e9437f9f623731aff7f13f4268c3d155db60a
rta	ONE_FLOW_TO_CASTS_APPLICATION_GET_METHOD	com.acme.benchmark:impact-medium-app:jar@	CALLER	RELATED_IMETHOD	6	13769	com.sun.java.util.jar.pack.ConstantPool$NumberEntry#equals(Ljava/lang/Object;)Z@JDK|context=DelegatingContext [A=Everywhere, B=Everywhere]|nodeId=13769|walaSynthetic=false|sentinelRole=NONE	DelegatingContext [A=Everywhere, B=Everywhere]	false	NONE	com.sun.java.util.jar.pack.ConstantPool$NumberEntry#equals(Ljava/lang/Object;)Z@JDK	com.sun.java.util.jar.pack.ConstantPool$NumberEntry	equals	(Ljava/lang/Object;)Z	JDK	5698	291	5698	2	com.sun.corba.se.impl.orb.ORBVersionImpl#equals(Ljava/lang/Object;)Z@JDK	com.sun.corba.se.impl.orb.ORBVersionImpl	equals	(Ljava/lang/Object;)Z	JDK	1	1	0	com.sun.corba.se.impl.orb.ORBVersionImpl#equals(Ljava/lang/Object;)Z@JDK|context=DelegatingContext [A=Everywhere, B=Everywhere]|nodeId=13757|walaSynthetic=false|sentinelRole=NONE				true	DECOMPILED	aad2713e323f12f0fd3596239bd53e392a672c3d446d0b720db5b86a6820dfc6	AVAILABLE	de5f3a6ee6e7850bfaeaa2b7158e9437f9f623731aff7f13f4268c3d155db60a
rta	ONE_FLOW_TO_CASTS_APPLICATION_GET_METHOD	com.acme.benchmark:impact-medium-app:jar@	CALLER	RELATED_IMETHOD	6	13769	com.sun.java.util.jar.pack.ConstantPool$NumberEntry#equals(Ljava/lang/Object;)Z@JDK|context=DelegatingContext [A=Everywhere, B=Everywhere]|nodeId=13769|walaSynthetic=false|sentinelRole=NONE	DelegatingContext [A=Everywhere, B=Everywhere]	false	NONE	com.sun.java.util.jar.pack.ConstantPool$NumberEntry#equals(Ljava/lang/Object;)Z@JDK	com.sun.java.util.jar.pack.ConstantPool$NumberEntry	equals	(Ljava/lang/Object;)Z	JDK	5698	291	5698	3	com.sun.corba.se.spi.orb.ParserImplTableBase$MapEntry#equals(Ljava/lang/Object;)Z@JDK	com.sun.corba.se.spi.orb.ParserImplTableBase$MapEntry	equals	(Ljava/lang/Object;)Z	JDK	1	1	0	com.sun.corba.se.spi.orb.ParserImplTableBase$MapEntry#equals(Ljava/lang/Object;)Z@JDK|context=DelegatingContext [A=Everywhere, B=Everywhere]|nodeId=13747|walaSynthetic=false|sentinelRole=NONE				true	DECOMPILED	aad2713e323f12f0fd3596239bd53e392a672c3d446d0b720db5b86a6820dfc6	AVAILABLE	de5f3a6ee6e7850bfaeaa2b7158e9437f9f623731aff7f13f4268c3d155db60a
rta	ONE_FLOW_TO_CASTS_APPLICATION_GET_METHOD	com.acme.benchmark:impact-medium-app:jar@	CALLER	RELATED_IMETHOD	6	13769	com.sun.java.util.jar.pack.ConstantPool$NumberEntry#equals(Ljava/lang/Object;)Z@JDK|context=DelegatingContext [A=Everywhere, B=Everywhere]|nodeId=13769|walaSynthetic=false|sentinelRole=NONE	DelegatingContext [A=Everywhere, B=Everywhere]	false	NONE	com.sun.java.util.jar.pack.ConstantPool$NumberEntry#equals(Ljava/lang/Object;)Z@JDK	com.sun.java.util.jar.pack.ConstantPool$NumberEntry	equals	(Ljava/lang/Object;)Z	JDK	5698	291	5698	4	com.sun.java.util.jar.pack.Attribute$Layout#equals(Ljava/lang/Object;)Z@JDK	com.sun.java.util.jar.pack.Attribute$Layout	equals	(Ljava/lang/Object;)Z	JDK	1	1	0	com.sun.java.util.jar.pack.Attribute$Layout#equals(Ljava/lang/Object;)Z@JDK|context=DelegatingContext [A=Everywhere, B=Everywhere]|nodeId=13758|walaSynthetic=false|sentinelRole=NONE				true	DECOMPILED	aad2713e323f12f0fd3596239bd53e392a672c3d446d0b720db5b86a6820dfc6	AVAILABLE	de5f3a6ee6e7850bfaeaa2b7158e9437f9f623731aff7f13f4268c3d155db60a
rta	ONE_FLOW_TO_CASTS_APPLICATION_GET_METHOD	com.acme.benchmark:impact-medium-app:jar@	CALLER	RELATED_IMETHOD	6	13769	com.sun.java.util.jar.pack.ConstantPool$NumberEntry#equals(Ljava/lang/Object;)Z@JDK|context=DelegatingContext [A=Everywhere, B=Everywhere]|nodeId=13769|walaSynthetic=false|sentinelRole=NONE	DelegatingContext [A=Everywhere, B=Everywhere]	false	NONE	com.sun.java.util.jar.pack.ConstantPool$NumberEntry#equals(Ljava/lang/Object;)Z@JDK	com.sun.java.util.jar.pack.ConstantPool$NumberEntry	equals	(Ljava/lang/Object;)Z	JDK	5698	291	5698	5	com.sun.java.util.jar.pack.ClassReader$2#equals(Ljava/lang/Object;)Z@JDK	com.sun.java.util.jar.pack.ClassReader$2	equals	(Ljava/lang/Object;)Z	JDK	1	1	0	com.sun.java.util.jar.pack.ClassReader$2#equals(Ljava/lang/Object;)Z@JDK|context=DelegatingContext [A=Everywhere, B=Everywhere]|nodeId=13759|walaSynthetic=false|sentinelRole=NONE				true	DECOMPILED	aad2713e323f12f0fd3596239bd53e392a672c3d446d0b720db5b86a6820dfc6	AVAILABLE	de5f3a6ee6e7850bfaeaa2b7158e9437f9f623731aff7f13f4268c3d155db60a
rta	ONE_FLOW_TO_CASTS_APPLICATION_GET_METHOD	com.acme.benchmark:impact-medium-app:jar@	CALLER	RELATED_IMETHOD	6	13769	com.sun.java.util.jar.pack.ConstantPool$NumberEntry#equals(Ljava/lang/Object;)Z@JDK|context=DelegatingContext [A=Everywhere, B=Everywhere]|nodeId=13769|walaSynthetic=false|sentinelRole=NONE	DelegatingContext [A=Everywhere, B=Everywhere]	false	NONE	com.sun.java.util.jar.pack.ConstantPool$NumberEntry#equals(Ljava/lang/Object;)Z@JDK	com.sun.java.util.jar.pack.ConstantPool$NumberEntry	equals	(Ljava/lang/Object;)Z	JDK	5698	291	5698	6	com.sun.java.util.jar.pack.ClassReader$UnresolvedEntry#equals(Ljava/lang/Object;)Z@JDK	com.sun.java.util.jar.pack.ClassReader$UnresolvedEntry	equals	(Ljava/lang/Object;)Z	JDK	1	1	0	com.sun.java.util.jar.pack.ClassReader$UnresolvedEntry#equals(Ljava/lang/Object;)Z@JDK|context=DelegatingContext [A=Everywhere, B=Everywhere]|nodeId=13760|walaSynthetic=false|sentinelRole=NONE				true	DECOMPILED	aad2713e323f12f0fd3596239bd53e392a672c3d446d0b720db5b86a6820dfc6	AVAILABLE	de5f3a6ee6e7850bfaeaa2b7158e9437f9f623731aff7f13f4268c3d155db60a
rta	ONE_FLOW_TO_CASTS_APPLICATION_GET_METHOD	com.acme.benchmark:impact-medium-app:jar@	CALLER	RELATED_IMETHOD	6	13769	com.sun.java.util.jar.pack.ConstantPool$NumberEntry#equals(Ljava/lang/Object;)Z@JDK|context=DelegatingContext [A=Everywhere, B=Everywhere]|nodeId=13769|walaSynthetic=false|sentinelRole=NONE	DelegatingContext [A=Everywhere, B=Everywhere]	false	NONE	com.sun.java.util.jar.pack.ConstantPool$NumberEntry#equals(Ljava/lang/Object;)Z@JDK	com.sun.java.util.jar.pack.ConstantPool$NumberEntry	equals	(Ljava/lang/Object;)Z	JDK	5698	291	5698	7	com.sun.java.util.jar.pack.Coding#equals(Ljava/lang/Object;)Z@JDK	com.sun.java.util.jar.pack.Coding	equals	(Ljava/lang/Object;)Z	JDK	1	1	0	com.sun.java.util.jar.pack.Coding#equals(Ljava/lang/Object;)Z@JDK|context=DelegatingContext [A=Everywhere, B=Everywhere]|nodeId=13761|walaSynthetic=false|sentinelRole=NONE				true	DECOMPILED	aad2713e323f12f0fd3596239bd53e392a672c3d446d0b720db5b86a6820dfc6	AVAILABLE	de5f3a6ee6e7850bfaeaa2b7158e9437f9f623731aff7f13f4268c3d155db60a
rta	ONE_FLOW_TO_CASTS_APPLICATION_GET_METHOD	com.acme.benchmark:impact-medium-app:jar@	CALLER	RELATED_IMETHOD	6	13769	com.sun.java.util.jar.pack.ConstantPool$NumberEntry#equals(Ljava/lang/Object;)Z@JDK|context=DelegatingContext [A=Everywhere, B=Everywhere]|nodeId=13769|walaSynthetic=false|sentinelRole=NONE	DelegatingContext [A=Everywhere, B=Everywhere]	false	NONE	com.sun.java.util.jar.pack.ConstantPool$NumberEntry#equals(Ljava/lang/Object;)Z@JDK	com.sun.java.util.jar.pack.ConstantPool$NumberEntry	equals	(Ljava/lang/Object;)Z	JDK	5698	291	5698	8	com.sun.java.util.jar.pack.ConstantPool$BootstrapMethodEntry#equals(Ljava/lang/Object;)Z@JDK	com.sun.java.util.jar.pack.ConstantPool$BootstrapMethodEntry	equals	(Ljava/lang/Object;)Z	JDK	1	1	0	com.sun.java.util.jar.pack.ConstantPool$BootstrapMethodEntry#equals(Ljava/lang/Object;)Z@JDK|context=DelegatingContext [A=Everywhere, B=Everywhere]|nodeId=13762|walaSynthetic=false|sentinelRole=NONE				true	DECOMPILED	aad2713e323f12f0fd3596239bd53e392a672c3d446d0b720db5b86a6820dfc6	AVAILABLE	de5f3a6ee6e7850bfaeaa2b7158e9437f9f623731aff7f13f4268c3d155db60a
rta	ONE_FLOW_TO_CASTS_APPLICATION_GET_METHOD	com.acme.benchmark:impact-medium-app:jar@	CALLER	RELATED_IMETHOD	6	13769	com.sun.java.util.jar.pack.ConstantPool$NumberEntry#equals(Ljava/lang/Object;)Z@JDK|context=DelegatingContext [A=Everywhere, B=Everywhere]|nodeId=13769|walaSynthetic=false|sentinelRole=NONE	DelegatingContext [A=Everywhere, B=Everywhere]	false	NONE	com.sun.java.util.jar.pack.ConstantPool$NumberEntry#equals(Ljava/lang/Object;)Z@JDK	com.sun.java.util.jar.pack.ConstantPool$NumberEntry	equals	(Ljava/lang/Object;)Z	JDK	5698	291	5698	9	com.sun.java.util.jar.pack.ConstantPool$ClassEntry#equals(Ljava/lang/Object;)Z@JDK	com.sun.java.util.jar.pack.ConstantPool$ClassEntry	equals	(Ljava/lang/Object;)Z	JDK	1	1	0	com.sun.java.util.jar.pack.ConstantPool$ClassEntry#equals(Ljava/lang/Object;)Z@JDK|context=DelegatingContext [A=Everywhere, B=Everywhere]|nodeId=13763|walaSynthetic=false|sentinelRole=NONE				true	DECOMPILED	aad2713e323f12f0fd3596239bd53e392a672c3d446d0b720db5b86a6820dfc6	AVAILABLE	de5f3a6ee6e7850bfaeaa2b7158e9437f9f623731aff7f13f4268c3d155db60a
rta	ONE_FLOW_TO_CASTS_APPLICATION_GET_METHOD	com.acme.benchmark:impact-medium-app:jar@	CALLER	RELATED_IMETHOD	6	13769	com.sun.java.util.jar.pack.ConstantPool$NumberEntry#equals(Ljava/lang/Object;)Z@JDK|context=DelegatingContext [A=Everywhere, B=Everywhere]|nodeId=13769|walaSynthetic=false|sentinelRole=NONE	DelegatingContext [A=Everywhere, B=Everywhere]	false	NONE	com.sun.java.util.jar.pack.ConstantPool$NumberEntry#equals(Ljava/lang/Object;)Z@JDK	com.sun.java.util.jar.pack.ConstantPool$NumberEntry	equals	(Ljava/lang/Object;)Z	JDK	5698	291	5698	10	com.sun.java.util.jar.pack.ConstantPool$DescriptorEntry#equals(Ljava/lang/Object;)Z@JDK	com.sun.java.util.jar.pack.ConstantPool$DescriptorEntry	equals	(Ljava/lang/Object;)Z	JDK	1	1	0	com.sun.java.util.jar.pack.ConstantPool$DescriptorEntry#equals(Ljava/lang/Object;)Z@JDK|context=DelegatingContext [A=Everywhere, B=Everywhere]|nodeId=13764|walaSynthetic=false|sentinelRole=NONE				true	DECOMPILED	aad2713e323f12f0fd3596239bd53e392a672c3d446d0b720db5b86a6820dfc6	AVAILABLE	de5f3a6ee6e7850bfaeaa2b7158e9437f9f623731aff7f13f4268c3d155db60a
rta	ONE_FLOW_TO_CASTS_APPLICATION_GET_METHOD	com.acme.benchmark:impact-medium-app:jar@	CALLER	REACHABILITY_PATH	6	13769	com.sun.java.util.jar.pack.ConstantPool$NumberEntry#equals(Ljava/lang/Object;)Z@JDK|context=DelegatingContext [A=Everywhere, B=Everywhere]|nodeId=13769|walaSynthetic=false|sentinelRole=NONE	DelegatingContext [A=Everywhere, B=Everywhere]	false	NONE	com.sun.java.util.jar.pack.ConstantPool$NumberEntry#equals(Ljava/lang/Object;)Z@JDK	com.sun.java.util.jar.pack.ConstantPool$NumberEntry	equals	(Ljava/lang/Object;)Z	JDK	5698	291	5698											FAKE_ROOT	com.ibm.wala.FakeRootClass#fakeRootMethod()V@SYNTHETIC|context=Everywhere|nodeId=0|walaSynthetic=true|sentinelRole=FAKE_ROOT	[FAKE_ROOT] com.ibm.wala.FakeRootClass#fakeRootMethod()V@SYNTHETIC|context=Everywhere|nodeId=0|walaSynthetic=true|sentinelRole=FAKE_ROOT -> [FAKE_WORLD_CLINIT] com.ibm.wala.FakeRootClass#fakeWorldClinit()V@SYNTHETIC|context=Everywhere|nodeId=1|walaSynthetic=true|sentinelRole=FAKE_WORLD_CLINIT -> com.sun.java.util.jar.pack.BandStructure#<clinit>()V@JDK|context=Everywhere|nodeId=18884|walaSynthetic=false|sentinelRole=NONE -> java.util.Hashtable#put(Ljava/lang/Object;Ljava/lang/Object;)Ljava/lang/Object;@JDK|context=DelegatingContext [A=Everywhere, B=Everywhere]|nodeId=197|walaSynthetic=false|sentinelRole=NONE -> com.sun.java.util.jar.pack.ConstantPool$NumberEntry#equals(Ljava/lang/Object;)Z@JDK|context=DelegatingContext [A=Everywhere, B=Everywhere]|nodeId=13769|walaSynthetic=false|sentinelRole=NONE	true	DECOMPILED	aad2713e323f12f0fd3596239bd53e392a672c3d446d0b720db5b86a6820dfc6	AVAILABLE	de5f3a6ee6e7850bfaeaa2b7158e9437f9f623731aff7f13f4268c3d155db60a
rta	ONE_FLOW_TO_CASTS_APPLICATION_GET_METHOD	com.acme.benchmark:impact-medium-app:jar@	CALLER	REACHABILITY_PATH	6	13769	com.sun.java.util.jar.pack.ConstantPool$NumberEntry#equals(Ljava/lang/Object;)Z@JDK|context=DelegatingContext [A=Everywhere, B=Everywhere]|nodeId=13769|walaSynthetic=false|sentinelRole=NONE	DelegatingContext [A=Everywhere, B=Everywhere]	false	NONE	com.sun.java.util.jar.pack.ConstantPool$NumberEntry#equals(Ljava/lang/Object;)Z@JDK	com.sun.java.util.jar.pack.ConstantPool$NumberEntry	equals	(Ljava/lang/Object;)Z	JDK	5698	291	5698											FAKE_WORLD_CLINIT	com.ibm.wala.FakeRootClass#fakeWorldClinit()V@SYNTHETIC|context=Everywhere|nodeId=1|walaSynthetic=true|sentinelRole=FAKE_WORLD_CLINIT	[FAKE_WORLD_CLINIT] com.ibm.wala.FakeRootClass#fakeWorldClinit()V@SYNTHETIC|context=Everywhere|nodeId=1|walaSynthetic=true|sentinelRole=FAKE_WORLD_CLINIT -> com.sun.java.util.jar.pack.BandStructure#<clinit>()V@JDK|context=Everywhere|nodeId=18884|walaSynthetic=false|sentinelRole=NONE -> java.util.Hashtable#put(Ljava/lang/Object;Ljava/lang/Object;)Ljava/lang/Object;@JDK|context=DelegatingContext [A=Everywhere, B=Everywhere]|nodeId=197|walaSynthetic=false|sentinelRole=NONE -> com.sun.java.util.jar.pack.ConstantPool$NumberEntry#equals(Ljava/lang/Object;)Z@JDK|context=DelegatingContext [A=Everywhere, B=Everywhere]|nodeId=13769|walaSynthetic=false|sentinelRole=NONE	true	DECOMPILED	aad2713e323f12f0fd3596239bd53e392a672c3d446d0b720db5b86a6820dfc6	AVAILABLE	de5f3a6ee6e7850bfaeaa2b7158e9437f9f623731aff7f13f4268c3d155db60a
rta	ONE_FLOW_TO_CASTS_APPLICATION_GET_METHOD	com.acme.benchmark:impact-medium-app:jar@	CALLER	RANKED_CGNODE	7	875	java.security.AccessControlContext#containsAllLimits(Ljava/security/AccessControlContext;)Z@JDK|context=DelegatingContext [A=Everywhere, B=Everywhere]|nodeId=875|walaSynthetic=false|sentinelRole=NONE	DelegatingContext [A=Everywhere, B=Everywhere]	false	NONE	java.security.AccessControlContext#containsAllLimits(Ljava/security/AccessControlContext;)Z@JDK	java.security.AccessControlContext	containsAllLimits	(Ljava/security/AccessControlContext;)Z	JDK	5698	291	5698														true	DECOMPILED	b1b44df872932a13c2d254b7b42def7150d76a471380b88660d5ff48ed44ff77	AVAILABLE	cd97c062aa25be3ca93d59c68445f9bfcba491c207ce9f935f9188ac13311f6a
rta	ONE_FLOW_TO_CASTS_APPLICATION_GET_METHOD	com.acme.benchmark:impact-medium-app:jar@	CALLER	RELATED_IMETHOD	7	875	java.security.AccessControlContext#containsAllLimits(Ljava/security/AccessControlContext;)Z@JDK|context=DelegatingContext [A=Everywhere, B=Everywhere]|nodeId=875|walaSynthetic=false|sentinelRole=NONE	DelegatingContext [A=Everywhere, B=Everywhere]	false	NONE	java.security.AccessControlContext#containsAllLimits(Ljava/security/AccessControlContext;)Z@JDK	java.security.AccessControlContext	containsAllLimits	(Ljava/security/AccessControlContext;)Z	JDK	5698	291	5698	1	java.lang.Object#getClass()Ljava/lang/Class;@JDK	java.lang.Object	getClass	()Ljava/lang/Class;	JDK	5408	5408	5398	java.lang.Object#getClass()Ljava/lang/Class;@JDK|context=DelegatingContext [A=DelegatingContext [A=JavaTypeContext<point: <Primordial,Ljava/lang/IllegalArgumentException>>, B=Everywhere], B=DelegatingContext [A=JavaTypeContext<point: <Primordial,Ljava/lang/IllegalArgumentException>>, B=Everywhere]]|nodeId=96|walaSynthetic=true|sentinelRole=NONE || java.lang.Object#getClass()Ljava/lang/Class;@JDK|context=DelegatingContext [A=DelegatingContext [A=JavaTypeContext<point: <Primordial,Ljava/lang/StringBuilder>>, B=Everywhere], B=DelegatingContext [A=JavaTypeContext<point: <Primordial,Ljava/lang/StringBuilder>>, B=Everywhere]]|nodeId=97|walaSynthetic=true|sentinelRole=NONE || java.lang.Object#getClass()Ljava/lang/Class;@JDK|context=DelegatingContext [A=DelegatingContext [A=JavaTypeContext<point: <Primordial,Ljava/util/Collections$UnmodifiableRandomAccessList>>, B=Everywhere], B=DelegatingContext [A=JavaTypeContext<point: <Primordial,Ljava/util/Collections$UnmodifiableRandomAccessList>>, B=Everywhere]]|nodeId=98|walaSynthetic=true|sentinelRole=NONE || java.lang.Object#getClass()Ljava/lang/Class;@JDK|context=DelegatingContext [A=DelegatingContext [A=JavaTypeContext<point: <Primordial,Ljava/util/Collections$UnmodifiableList>>, B=Everywhere], B=DelegatingContext [A=JavaTypeContext<point: <Primordial,Ljava/util/Collections$UnmodifiableList>>, B=Everywhere]]|nodeId=99|walaSynthetic=true|sentinelRole=NONE || java.lang.Object#getClass()Ljava/lang/Class;@JDK|context=DelegatingContext [A=DelegatingContext [A=JavaTypeContext<point: <Primordial,Ljava/util/Collections$EmptySet>>, B=Everywhere], B=DelegatingContext [A=JavaTypeContext<point: <Primordial,Ljava/util/Collections$EmptySet>>, B=Everywhere]]|nodeId=100|walaSynthetic=true|sentinelRole=NONE || java.lang.Object#getClass()Ljava/lang/Class;@JDK|context=DelegatingContext [A=DelegatingContext [A=JavaTypeContext<point: <Primordial,Ljava/util/Collections$EmptyList>>, B=Everywhere], B=DelegatingContext [A=JavaTypeContext<point: <Primordial,Ljava/util/Collections$EmptyList>>, B=Everywhere]]|nodeId=101|walaSynthetic=true|sentinelRole=NONE || java.lang.Object#getClass()Ljava/lang/Class;@JDK|context=DelegatingContext [A=DelegatingContext [A=JavaTypeContext<point: <Primordial,Ljava/util/Collections$EmptyMap>>, B=Everywhere], B=DelegatingContext [A=JavaTypeContext<point: <Primordial,Ljava/util/Collections$EmptyMap>>, B=Everywhere]]|nodeId=102|walaSynthetic=true|sentinelRole=NONE || java.lang.Object#getClass()Ljava/lang/Class;@JDK|context=DelegatingContext [A=DelegatingContext [A=JavaTypeContext<point: <Primordial,Ljava/lang/IllegalStateException>>, B=Everywhere], B=DelegatingContext [A=JavaTypeContext<point: <Primordial,Ljava/lang/IllegalStateException>>, B=Everywhere]]|nodeId=103|walaSynthetic=true|sentinelRole=NONE || java.lang.Object#getClass()Ljava/lang/Class;@JDK|context=DelegatingContext [A=DelegatingContext [A=JavaTypeContext<point: <Primordial,Ljava/lang/String>>, B=Everywhere], B=DelegatingContext [A=JavaTypeContext<point: <Primordial,Ljava/lang/String>>, B=Everywhere]]|nodeId=104|walaSynthetic=true|sentinelRole=NONE || java.lang.Object#getClass()Ljava/lang/Class;@JDK|context=DelegatingContext [A=DelegatingContext [A=JavaTypeContext<point: <Primordial,[C>>, B=Everywhere], B=DelegatingContext [A=JavaTypeContext<point: <Primordial,[C>>, B=Everywhere]]|nodeId=105|walaSynthetic=true|sentinelRole=NONE				true	DECOMPILED	b1b44df872932a13c2d254b7b42def7150d76a471380b88660d5ff48ed44ff77	AVAILABLE	cd97c062aa25be3ca93d59c68445f9bfcba491c207ce9f935f9188ac13311f6a
rta	ONE_FLOW_TO_CASTS_APPLICATION_GET_METHOD	com.acme.benchmark:impact-medium-app:jar@	CALLER	RELATED_IMETHOD	7	875	java.security.AccessControlContext#containsAllLimits(Ljava/security/AccessControlContext;)Z@JDK|context=DelegatingContext [A=Everywhere, B=Everywhere]|nodeId=875|walaSynthetic=false|sentinelRole=NONE	DelegatingContext [A=Everywhere, B=Everywhere]	false	NONE	java.security.AccessControlContext#containsAllLimits(Ljava/security/AccessControlContext;)Z@JDK	java.security.AccessControlContext	containsAllLimits	(Ljava/security/AccessControlContext;)Z	JDK	5698	291	5698	2	com.sun.corba.se.impl.orb.ORBVersionImpl#equals(Ljava/lang/Object;)Z@JDK	com.sun.corba.se.impl.orb.ORBVersionImpl	equals	(Ljava/lang/Object;)Z	JDK	1	1	0	com.sun.corba.se.impl.orb.ORBVersionImpl#equals(Ljava/lang/Object;)Z@JDK|context=DelegatingContext [A=Everywhere, B=Everywhere]|nodeId=13757|walaSynthetic=false|sentinelRole=NONE				true	DECOMPILED	b1b44df872932a13c2d254b7b42def7150d76a471380b88660d5ff48ed44ff77	AVAILABLE	cd97c062aa25be3ca93d59c68445f9bfcba491c207ce9f935f9188ac13311f6a
rta	ONE_FLOW_TO_CASTS_APPLICATION_GET_METHOD	com.acme.benchmark:impact-medium-app:jar@	CALLER	RELATED_IMETHOD	7	875	java.security.AccessControlContext#containsAllLimits(Ljava/security/AccessControlContext;)Z@JDK|context=DelegatingContext [A=Everywhere, B=Everywhere]|nodeId=875|walaSynthetic=false|sentinelRole=NONE	DelegatingContext [A=Everywhere, B=Everywhere]	false	NONE	java.security.AccessControlContext#containsAllLimits(Ljava/security/AccessControlContext;)Z@JDK	java.security.AccessControlContext	containsAllLimits	(Ljava/security/AccessControlContext;)Z	JDK	5698	291	5698	3	com.sun.corba.se.spi.orb.ParserImplTableBase$MapEntry#equals(Ljava/lang/Object;)Z@JDK	com.sun.corba.se.spi.orb.ParserImplTableBase$MapEntry	equals	(Ljava/lang/Object;)Z	JDK	1	1	0	com.sun.corba.se.spi.orb.ParserImplTableBase$MapEntry#equals(Ljava/lang/Object;)Z@JDK|context=DelegatingContext [A=Everywhere, B=Everywhere]|nodeId=13747|walaSynthetic=false|sentinelRole=NONE				true	DECOMPILED	b1b44df872932a13c2d254b7b42def7150d76a471380b88660d5ff48ed44ff77	AVAILABLE	cd97c062aa25be3ca93d59c68445f9bfcba491c207ce9f935f9188ac13311f6a
rta	ONE_FLOW_TO_CASTS_APPLICATION_GET_METHOD	com.acme.benchmark:impact-medium-app:jar@	CALLER	RELATED_IMETHOD	7	875	java.security.AccessControlContext#containsAllLimits(Ljava/security/AccessControlContext;)Z@JDK|context=DelegatingContext [A=Everywhere, B=Everywhere]|nodeId=875|walaSynthetic=false|sentinelRole=NONE	DelegatingContext [A=Everywhere, B=Everywhere]	false	NONE	java.security.AccessControlContext#containsAllLimits(Ljava/security/AccessControlContext;)Z@JDK	java.security.AccessControlContext	containsAllLimits	(Ljava/security/AccessControlContext;)Z	JDK	5698	291	5698	4	com.sun.java.util.jar.pack.Attribute$Layout#equals(Ljava/lang/Object;)Z@JDK	com.sun.java.util.jar.pack.Attribute$Layout	equals	(Ljava/lang/Object;)Z	JDK	1	1	0	com.sun.java.util.jar.pack.Attribute$Layout#equals(Ljava/lang/Object;)Z@JDK|context=DelegatingContext [A=Everywhere, B=Everywhere]|nodeId=13758|walaSynthetic=false|sentinelRole=NONE				true	DECOMPILED	b1b44df872932a13c2d254b7b42def7150d76a471380b88660d5ff48ed44ff77	AVAILABLE	cd97c062aa25be3ca93d59c68445f9bfcba491c207ce9f935f9188ac13311f6a
rta	ONE_FLOW_TO_CASTS_APPLICATION_GET_METHOD	com.acme.benchmark:impact-medium-app:jar@	CALLER	RELATED_IMETHOD	7	875	java.security.AccessControlContext#containsAllLimits(Ljava/security/AccessControlContext;)Z@JDK|context=DelegatingContext [A=Everywhere, B=Everywhere]|nodeId=875|walaSynthetic=false|sentinelRole=NONE	DelegatingContext [A=Everywhere, B=Everywhere]	false	NONE	java.security.AccessControlContext#containsAllLimits(Ljava/security/AccessControlContext;)Z@JDK	java.security.AccessControlContext	containsAllLimits	(Ljava/security/AccessControlContext;)Z	JDK	5698	291	5698	5	com.sun.java.util.jar.pack.ClassReader$2#equals(Ljava/lang/Object;)Z@JDK	com.sun.java.util.jar.pack.ClassReader$2	equals	(Ljava/lang/Object;)Z	JDK	1	1	0	com.sun.java.util.jar.pack.ClassReader$2#equals(Ljava/lang/Object;)Z@JDK|context=DelegatingContext [A=Everywhere, B=Everywhere]|nodeId=13759|walaSynthetic=false|sentinelRole=NONE				true	DECOMPILED	b1b44df872932a13c2d254b7b42def7150d76a471380b88660d5ff48ed44ff77	AVAILABLE	cd97c062aa25be3ca93d59c68445f9bfcba491c207ce9f935f9188ac13311f6a
rta	ONE_FLOW_TO_CASTS_APPLICATION_GET_METHOD	com.acme.benchmark:impact-medium-app:jar@	CALLER	RELATED_IMETHOD	7	875	java.security.AccessControlContext#containsAllLimits(Ljava/security/AccessControlContext;)Z@JDK|context=DelegatingContext [A=Everywhere, B=Everywhere]|nodeId=875|walaSynthetic=false|sentinelRole=NONE	DelegatingContext [A=Everywhere, B=Everywhere]	false	NONE	java.security.AccessControlContext#containsAllLimits(Ljava/security/AccessControlContext;)Z@JDK	java.security.AccessControlContext	containsAllLimits	(Ljava/security/AccessControlContext;)Z	JDK	5698	291	5698	6	com.sun.java.util.jar.pack.ClassReader$UnresolvedEntry#equals(Ljava/lang/Object;)Z@JDK	com.sun.java.util.jar.pack.ClassReader$UnresolvedEntry	equals	(Ljava/lang/Object;)Z	JDK	1	1	0	com.sun.java.util.jar.pack.ClassReader$UnresolvedEntry#equals(Ljava/lang/Object;)Z@JDK|context=DelegatingContext [A=Everywhere, B=Everywhere]|nodeId=13760|walaSynthetic=false|sentinelRole=NONE				true	DECOMPILED	b1b44df872932a13c2d254b7b42def7150d76a471380b88660d5ff48ed44ff77	AVAILABLE	cd97c062aa25be3ca93d59c68445f9bfcba491c207ce9f935f9188ac13311f6a
rta	ONE_FLOW_TO_CASTS_APPLICATION_GET_METHOD	com.acme.benchmark:impact-medium-app:jar@	CALLER	RELATED_IMETHOD	7	875	java.security.AccessControlContext#containsAllLimits(Ljava/security/AccessControlContext;)Z@JDK|context=DelegatingContext [A=Everywhere, B=Everywhere]|nodeId=875|walaSynthetic=false|sentinelRole=NONE	DelegatingContext [A=Everywhere, B=Everywhere]	false	NONE	java.security.AccessControlContext#containsAllLimits(Ljava/security/AccessControlContext;)Z@JDK	java.security.AccessControlContext	containsAllLimits	(Ljava/security/AccessControlContext;)Z	JDK	5698	291	5698	7	com.sun.java.util.jar.pack.Coding#equals(Ljava/lang/Object;)Z@JDK	com.sun.java.util.jar.pack.Coding	equals	(Ljava/lang/Object;)Z	JDK	1	1	0	com.sun.java.util.jar.pack.Coding#equals(Ljava/lang/Object;)Z@JDK|context=DelegatingContext [A=Everywhere, B=Everywhere]|nodeId=13761|walaSynthetic=false|sentinelRole=NONE				true	DECOMPILED	b1b44df872932a13c2d254b7b42def7150d76a471380b88660d5ff48ed44ff77	AVAILABLE	cd97c062aa25be3ca93d59c68445f9bfcba491c207ce9f935f9188ac13311f6a
rta	ONE_FLOW_TO_CASTS_APPLICATION_GET_METHOD	com.acme.benchmark:impact-medium-app:jar@	CALLER	RELATED_IMETHOD	7	875	java.security.AccessControlContext#containsAllLimits(Ljava/security/AccessControlContext;)Z@JDK|context=DelegatingContext [A=Everywhere, B=Everywhere]|nodeId=875|walaSynthetic=false|sentinelRole=NONE	DelegatingContext [A=Everywhere, B=Everywhere]	false	NONE	java.security.AccessControlContext#containsAllLimits(Ljava/security/AccessControlContext;)Z@JDK	java.security.AccessControlContext	containsAllLimits	(Ljava/security/AccessControlContext;)Z	JDK	5698	291	5698	8	com.sun.java.util.jar.pack.ConstantPool$BootstrapMethodEntry#equals(Ljava/lang/Object;)Z@JDK	com.sun.java.util.jar.pack.ConstantPool$BootstrapMethodEntry	equals	(Ljava/lang/Object;)Z	JDK	1	1	0	com.sun.java.util.jar.pack.ConstantPool$BootstrapMethodEntry#equals(Ljava/lang/Object;)Z@JDK|context=DelegatingContext [A=Everywhere, B=Everywhere]|nodeId=13762|walaSynthetic=false|sentinelRole=NONE				true	DECOMPILED	b1b44df872932a13c2d254b7b42def7150d76a471380b88660d5ff48ed44ff77	AVAILABLE	cd97c062aa25be3ca93d59c68445f9bfcba491c207ce9f935f9188ac13311f6a
rta	ONE_FLOW_TO_CASTS_APPLICATION_GET_METHOD	com.acme.benchmark:impact-medium-app:jar@	CALLER	RELATED_IMETHOD	7	875	java.security.AccessControlContext#containsAllLimits(Ljava/security/AccessControlContext;)Z@JDK|context=DelegatingContext [A=Everywhere, B=Everywhere]|nodeId=875|walaSynthetic=false|sentinelRole=NONE	DelegatingContext [A=Everywhere, B=Everywhere]	false	NONE	java.security.AccessControlContext#containsAllLimits(Ljava/security/AccessControlContext;)Z@JDK	java.security.AccessControlContext	containsAllLimits	(Ljava/security/AccessControlContext;)Z	JDK	5698	291	5698	9	com.sun.java.util.jar.pack.ConstantPool$ClassEntry#equals(Ljava/lang/Object;)Z@JDK	com.sun.java.util.jar.pack.ConstantPool$ClassEntry	equals	(Ljava/lang/Object;)Z	JDK	1	1	0	com.sun.java.util.jar.pack.ConstantPool$ClassEntry#equals(Ljava/lang/Object;)Z@JDK|context=DelegatingContext [A=Everywhere, B=Everywhere]|nodeId=13763|walaSynthetic=false|sentinelRole=NONE				true	DECOMPILED	b1b44df872932a13c2d254b7b42def7150d76a471380b88660d5ff48ed44ff77	AVAILABLE	cd97c062aa25be3ca93d59c68445f9bfcba491c207ce9f935f9188ac13311f6a
rta	ONE_FLOW_TO_CASTS_APPLICATION_GET_METHOD	com.acme.benchmark:impact-medium-app:jar@	CALLER	RELATED_IMETHOD	7	875	java.security.AccessControlContext#containsAllLimits(Ljava/security/AccessControlContext;)Z@JDK|context=DelegatingContext [A=Everywhere, B=Everywhere]|nodeId=875|walaSynthetic=false|sentinelRole=NONE	DelegatingContext [A=Everywhere, B=Everywhere]	false	NONE	java.security.AccessControlContext#containsAllLimits(Ljava/security/AccessControlContext;)Z@JDK	java.security.AccessControlContext	containsAllLimits	(Ljava/security/AccessControlContext;)Z	JDK	5698	291	5698	10	com.sun.java.util.jar.pack.ConstantPool$DescriptorEntry#equals(Ljava/lang/Object;)Z@JDK	com.sun.java.util.jar.pack.ConstantPool$DescriptorEntry	equals	(Ljava/lang/Object;)Z	JDK	1	1	0	com.sun.java.util.jar.pack.ConstantPool$DescriptorEntry#equals(Ljava/lang/Object;)Z@JDK|context=DelegatingContext [A=Everywhere, B=Everywhere]|nodeId=13764|walaSynthetic=false|sentinelRole=NONE				true	DECOMPILED	b1b44df872932a13c2d254b7b42def7150d76a471380b88660d5ff48ed44ff77	AVAILABLE	cd97c062aa25be3ca93d59c68445f9bfcba491c207ce9f935f9188ac13311f6a
rta	ONE_FLOW_TO_CASTS_APPLICATION_GET_METHOD	com.acme.benchmark:impact-medium-app:jar@	CALLER	REACHABILITY_PATH	7	875	java.security.AccessControlContext#containsAllLimits(Ljava/security/AccessControlContext;)Z@JDK|context=DelegatingContext [A=Everywhere, B=Everywhere]|nodeId=875|walaSynthetic=false|sentinelRole=NONE	DelegatingContext [A=Everywhere, B=Everywhere]	false	NONE	java.security.AccessControlContext#containsAllLimits(Ljava/security/AccessControlContext;)Z@JDK	java.security.AccessControlContext	containsAllLimits	(Ljava/security/AccessControlContext;)Z	JDK	5698	291	5698											FAKE_ROOT	com.ibm.wala.FakeRootClass#fakeRootMethod()V@SYNTHETIC|context=Everywhere|nodeId=0|walaSynthetic=true|sentinelRole=FAKE_ROOT	[FAKE_ROOT] com.ibm.wala.FakeRootClass#fakeRootMethod()V@SYNTHETIC|context=Everywhere|nodeId=0|walaSynthetic=true|sentinelRole=FAKE_ROOT -> [FAKE_WORLD_CLINIT] com.ibm.wala.FakeRootClass#fakeWorldClinit()V@SYNTHETIC|context=Everywhere|nodeId=1|walaSynthetic=true|sentinelRole=FAKE_WORLD_CLINIT -> com.sun.java.util.jar.pack.BandStructure#<clinit>()V@JDK|context=Everywhere|nodeId=18884|walaSynthetic=false|sentinelRole=NONE -> java.util.Hashtable#put(Ljava/lang/Object;Ljava/lang/Object;)Ljava/lang/Object;@JDK|context=DelegatingContext [A=Everywhere, B=Everywhere]|nodeId=197|walaSynthetic=false|sentinelRole=NONE -> java.security.AccessControlContext#equals(Ljava/lang/Object;)Z@JDK|context=DelegatingContext [A=Everywhere, B=Everywhere]|nodeId=608|walaSynthetic=false|sentinelRole=NONE -> java.security.AccessControlContext#equalLimitedContext(Ljava/security/AccessControlContext;)Z@JDK|context=DelegatingContext [A=Everywhere, B=Everywhere]|nodeId=745|walaSynthetic=false|sentinelRole=NONE -> java.security.AccessControlContext#containsAllLimits(Ljava/security/AccessControlContext;)Z@JDK|context=DelegatingContext [A=Everywhere, B=Everywhere]|nodeId=875|walaSynthetic=false|sentinelRole=NONE	true	DECOMPILED	b1b44df872932a13c2d254b7b42def7150d76a471380b88660d5ff48ed44ff77	AVAILABLE	cd97c062aa25be3ca93d59c68445f9bfcba491c207ce9f935f9188ac13311f6a
rta	ONE_FLOW_TO_CASTS_APPLICATION_GET_METHOD	com.acme.benchmark:impact-medium-app:jar@	CALLER	REACHABILITY_PATH	7	875	java.security.AccessControlContext#containsAllLimits(Ljava/security/AccessControlContext;)Z@JDK|context=DelegatingContext [A=Everywhere, B=Everywhere]|nodeId=875|walaSynthetic=false|sentinelRole=NONE	DelegatingContext [A=Everywhere, B=Everywhere]	false	NONE	java.security.AccessControlContext#containsAllLimits(Ljava/security/AccessControlContext;)Z@JDK	java.security.AccessControlContext	containsAllLimits	(Ljava/security/AccessControlContext;)Z	JDK	5698	291	5698											FAKE_WORLD_CLINIT	com.ibm.wala.FakeRootClass#fakeWorldClinit()V@SYNTHETIC|context=Everywhere|nodeId=1|walaSynthetic=true|sentinelRole=FAKE_WORLD_CLINIT	[FAKE_WORLD_CLINIT] com.ibm.wala.FakeRootClass#fakeWorldClinit()V@SYNTHETIC|context=Everywhere|nodeId=1|walaSynthetic=true|sentinelRole=FAKE_WORLD_CLINIT -> com.sun.java.util.jar.pack.BandStructure#<clinit>()V@JDK|context=Everywhere|nodeId=18884|walaSynthetic=false|sentinelRole=NONE -> java.util.Hashtable#put(Ljava/lang/Object;Ljava/lang/Object;)Ljava/lang/Object;@JDK|context=DelegatingContext [A=Everywhere, B=Everywhere]|nodeId=197|walaSynthetic=false|sentinelRole=NONE -> java.security.AccessControlContext#equals(Ljava/lang/Object;)Z@JDK|context=DelegatingContext [A=Everywhere, B=Everywhere]|nodeId=608|walaSynthetic=false|sentinelRole=NONE -> java.security.AccessControlContext#equalLimitedContext(Ljava/security/AccessControlContext;)Z@JDK|context=DelegatingContext [A=Everywhere, B=Everywhere]|nodeId=745|walaSynthetic=false|sentinelRole=NONE -> java.security.AccessControlContext#containsAllLimits(Ljava/security/AccessControlContext;)Z@JDK|context=DelegatingContext [A=Everywhere, B=Everywhere]|nodeId=875|walaSynthetic=false|sentinelRole=NONE	true	DECOMPILED	b1b44df872932a13c2d254b7b42def7150d76a471380b88660d5ff48ed44ff77	AVAILABLE	cd97c062aa25be3ca93d59c68445f9bfcba491c207ce9f935f9188ac13311f6a
rta	ONE_FLOW_TO_CASTS_APPLICATION_GET_METHOD	com.acme.benchmark:impact-medium-app:jar@	CALLER	RANKED_CGNODE	8	995	java.security.AccessControlContext#containsAllPDs([Ljava/security/ProtectionDomain;[Ljava/security/ProtectionDomain;)Z@JDK|context=DelegatingContext [A=Everywhere, B=Everywhere]|nodeId=995|walaSynthetic=false|sentinelRole=NONE	DelegatingContext [A=Everywhere, B=Everywhere]	false	NONE	java.security.AccessControlContext#containsAllPDs([Ljava/security/ProtectionDomain;[Ljava/security/ProtectionDomain;)Z@JDK	java.security.AccessControlContext	containsAllPDs	([Ljava/security/ProtectionDomain;[Ljava/security/ProtectionDomain;)Z	JDK	5698	291	5698														true	DECOMPILED	0d7b167bfe87b151c0d378163a9922c6aa44beb3423744af75b72ca607ea3052	AVAILABLE	9d1806702ca06bfae0a754fe0ae0dd919be15138b6c1f36ff0ba37d247c3e5b2
rta	ONE_FLOW_TO_CASTS_APPLICATION_GET_METHOD	com.acme.benchmark:impact-medium-app:jar@	CALLER	RELATED_IMETHOD	8	995	java.security.AccessControlContext#containsAllPDs([Ljava/security/ProtectionDomain;[Ljava/security/ProtectionDomain;)Z@JDK|context=DelegatingContext [A=Everywhere, B=Everywhere]|nodeId=995|walaSynthetic=false|sentinelRole=NONE	DelegatingContext [A=Everywhere, B=Everywhere]	false	NONE	java.security.AccessControlContext#containsAllPDs([Ljava/security/ProtectionDomain;[Ljava/security/ProtectionDomain;)Z@JDK	java.security.AccessControlContext	containsAllPDs	([Ljava/security/ProtectionDomain;[Ljava/security/ProtectionDomain;)Z	JDK	5698	291	5698	1	java.lang.Object#getClass()Ljava/lang/Class;@JDK	java.lang.Object	getClass	()Ljava/lang/Class;	JDK	5408	5408	5398	java.lang.Object#getClass()Ljava/lang/Class;@JDK|context=DelegatingContext [A=DelegatingContext [A=JavaTypeContext<point: <Primordial,Ljava/lang/IllegalArgumentException>>, B=Everywhere], B=DelegatingContext [A=JavaTypeContext<point: <Primordial,Ljava/lang/IllegalArgumentException>>, B=Everywhere]]|nodeId=96|walaSynthetic=true|sentinelRole=NONE || java.lang.Object#getClass()Ljava/lang/Class;@JDK|context=DelegatingContext [A=DelegatingContext [A=JavaTypeContext<point: <Primordial,Ljava/lang/StringBuilder>>, B=Everywhere], B=DelegatingContext [A=JavaTypeContext<point: <Primordial,Ljava/lang/StringBuilder>>, B=Everywhere]]|nodeId=97|walaSynthetic=true|sentinelRole=NONE || java.lang.Object#getClass()Ljava/lang/Class;@JDK|context=DelegatingContext [A=DelegatingContext [A=JavaTypeContext<point: <Primordial,Ljava/util/Collections$UnmodifiableRandomAccessList>>, B=Everywhere], B=DelegatingContext [A=JavaTypeContext<point: <Primordial,Ljava/util/Collections$UnmodifiableRandomAccessList>>, B=Everywhere]]|nodeId=98|walaSynthetic=true|sentinelRole=NONE || java.lang.Object#getClass()Ljava/lang/Class;@JDK|context=DelegatingContext [A=DelegatingContext [A=JavaTypeContext<point: <Primordial,Ljava/util/Collections$UnmodifiableList>>, B=Everywhere], B=DelegatingContext [A=JavaTypeContext<point: <Primordial,Ljava/util/Collections$UnmodifiableList>>, B=Everywhere]]|nodeId=99|walaSynthetic=true|sentinelRole=NONE || java.lang.Object#getClass()Ljava/lang/Class;@JDK|context=DelegatingContext [A=DelegatingContext [A=JavaTypeContext<point: <Primordial,Ljava/util/Collections$EmptySet>>, B=Everywhere], B=DelegatingContext [A=JavaTypeContext<point: <Primordial,Ljava/util/Collections$EmptySet>>, B=Everywhere]]|nodeId=100|walaSynthetic=true|sentinelRole=NONE || java.lang.Object#getClass()Ljava/lang/Class;@JDK|context=DelegatingContext [A=DelegatingContext [A=JavaTypeContext<point: <Primordial,Ljava/util/Collections$EmptyList>>, B=Everywhere], B=DelegatingContext [A=JavaTypeContext<point: <Primordial,Ljava/util/Collections$EmptyList>>, B=Everywhere]]|nodeId=101|walaSynthetic=true|sentinelRole=NONE || java.lang.Object#getClass()Ljava/lang/Class;@JDK|context=DelegatingContext [A=DelegatingContext [A=JavaTypeContext<point: <Primordial,Ljava/util/Collections$EmptyMap>>, B=Everywhere], B=DelegatingContext [A=JavaTypeContext<point: <Primordial,Ljava/util/Collections$EmptyMap>>, B=Everywhere]]|nodeId=102|walaSynthetic=true|sentinelRole=NONE || java.lang.Object#getClass()Ljava/lang/Class;@JDK|context=DelegatingContext [A=DelegatingContext [A=JavaTypeContext<point: <Primordial,Ljava/lang/IllegalStateException>>, B=Everywhere], B=DelegatingContext [A=JavaTypeContext<point: <Primordial,Ljava/lang/IllegalStateException>>, B=Everywhere]]|nodeId=103|walaSynthetic=true|sentinelRole=NONE || java.lang.Object#getClass()Ljava/lang/Class;@JDK|context=DelegatingContext [A=DelegatingContext [A=JavaTypeContext<point: <Primordial,Ljava/lang/String>>, B=Everywhere], B=DelegatingContext [A=JavaTypeContext<point: <Primordial,Ljava/lang/String>>, B=Everywhere]]|nodeId=104|walaSynthetic=true|sentinelRole=NONE || java.lang.Object#getClass()Ljava/lang/Class;@JDK|context=DelegatingContext [A=DelegatingContext [A=JavaTypeContext<point: <Primordial,[C>>, B=Everywhere], B=DelegatingContext [A=JavaTypeContext<point: <Primordial,[C>>, B=Everywhere]]|nodeId=105|walaSynthetic=true|sentinelRole=NONE				true	DECOMPILED	0d7b167bfe87b151c0d378163a9922c6aa44beb3423744af75b72ca607ea3052	AVAILABLE	9d1806702ca06bfae0a754fe0ae0dd919be15138b6c1f36ff0ba37d247c3e5b2
rta	ONE_FLOW_TO_CASTS_APPLICATION_GET_METHOD	com.acme.benchmark:impact-medium-app:jar@	CALLER	RELATED_IMETHOD	8	995	java.security.AccessControlContext#containsAllPDs([Ljava/security/ProtectionDomain;[Ljava/security/ProtectionDomain;)Z@JDK|context=DelegatingContext [A=Everywhere, B=Everywhere]|nodeId=995|walaSynthetic=false|sentinelRole=NONE	DelegatingContext [A=Everywhere, B=Everywhere]	false	NONE	java.security.AccessControlContext#containsAllPDs([Ljava/security/ProtectionDomain;[Ljava/security/ProtectionDomain;)Z@JDK	java.security.AccessControlContext	containsAllPDs	([Ljava/security/ProtectionDomain;[Ljava/security/ProtectionDomain;)Z	JDK	5698	291	5698	2	com.sun.corba.se.impl.orb.ORBVersionImpl#equals(Ljava/lang/Object;)Z@JDK	com.sun.corba.se.impl.orb.ORBVersionImpl	equals	(Ljava/lang/Object;)Z	JDK	1	1	0	com.sun.corba.se.impl.orb.ORBVersionImpl#equals(Ljava/lang/Object;)Z@JDK|context=DelegatingContext [A=Everywhere, B=Everywhere]|nodeId=13757|walaSynthetic=false|sentinelRole=NONE				true	DECOMPILED	0d7b167bfe87b151c0d378163a9922c6aa44beb3423744af75b72ca607ea3052	AVAILABLE	9d1806702ca06bfae0a754fe0ae0dd919be15138b6c1f36ff0ba37d247c3e5b2
rta	ONE_FLOW_TO_CASTS_APPLICATION_GET_METHOD	com.acme.benchmark:impact-medium-app:jar@	CALLER	RELATED_IMETHOD	8	995	java.security.AccessControlContext#containsAllPDs([Ljava/security/ProtectionDomain;[Ljava/security/ProtectionDomain;)Z@JDK|context=DelegatingContext [A=Everywhere, B=Everywhere]|nodeId=995|walaSynthetic=false|sentinelRole=NONE	DelegatingContext [A=Everywhere, B=Everywhere]	false	NONE	java.security.AccessControlContext#containsAllPDs([Ljava/security/ProtectionDomain;[Ljava/security/ProtectionDomain;)Z@JDK	java.security.AccessControlContext	containsAllPDs	([Ljava/security/ProtectionDomain;[Ljava/security/ProtectionDomain;)Z	JDK	5698	291	5698	3	com.sun.corba.se.spi.orb.ParserImplTableBase$MapEntry#equals(Ljava/lang/Object;)Z@JDK	com.sun.corba.se.spi.orb.ParserImplTableBase$MapEntry	equals	(Ljava/lang/Object;)Z	JDK	1	1	0	com.sun.corba.se.spi.orb.ParserImplTableBase$MapEntry#equals(Ljava/lang/Object;)Z@JDK|context=DelegatingContext [A=Everywhere, B=Everywhere]|nodeId=13747|walaSynthetic=false|sentinelRole=NONE				true	DECOMPILED	0d7b167bfe87b151c0d378163a9922c6aa44beb3423744af75b72ca607ea3052	AVAILABLE	9d1806702ca06bfae0a754fe0ae0dd919be15138b6c1f36ff0ba37d247c3e5b2
rta	ONE_FLOW_TO_CASTS_APPLICATION_GET_METHOD	com.acme.benchmark:impact-medium-app:jar@	CALLER	RELATED_IMETHOD	8	995	java.security.AccessControlContext#containsAllPDs([Ljava/security/ProtectionDomain;[Ljava/security/ProtectionDomain;)Z@JDK|context=DelegatingContext [A=Everywhere, B=Everywhere]|nodeId=995|walaSynthetic=false|sentinelRole=NONE	DelegatingContext [A=Everywhere, B=Everywhere]	false	NONE	java.security.AccessControlContext#containsAllPDs([Ljava/security/ProtectionDomain;[Ljava/security/ProtectionDomain;)Z@JDK	java.security.AccessControlContext	containsAllPDs	([Ljava/security/ProtectionDomain;[Ljava/security/ProtectionDomain;)Z	JDK	5698	291	5698	4	com.sun.java.util.jar.pack.Attribute$Layout#equals(Ljava/lang/Object;)Z@JDK	com.sun.java.util.jar.pack.Attribute$Layout	equals	(Ljava/lang/Object;)Z	JDK	1	1	0	com.sun.java.util.jar.pack.Attribute$Layout#equals(Ljava/lang/Object;)Z@JDK|context=DelegatingContext [A=Everywhere, B=Everywhere]|nodeId=13758|walaSynthetic=false|sentinelRole=NONE				true	DECOMPILED	0d7b167bfe87b151c0d378163a9922c6aa44beb3423744af75b72ca607ea3052	AVAILABLE	9d1806702ca06bfae0a754fe0ae0dd919be15138b6c1f36ff0ba37d247c3e5b2
rta	ONE_FLOW_TO_CASTS_APPLICATION_GET_METHOD	com.acme.benchmark:impact-medium-app:jar@	CALLER	RELATED_IMETHOD	8	995	java.security.AccessControlContext#containsAllPDs([Ljava/security/ProtectionDomain;[Ljava/security/ProtectionDomain;)Z@JDK|context=DelegatingContext [A=Everywhere, B=Everywhere]|nodeId=995|walaSynthetic=false|sentinelRole=NONE	DelegatingContext [A=Everywhere, B=Everywhere]	false	NONE	java.security.AccessControlContext#containsAllPDs([Ljava/security/ProtectionDomain;[Ljava/security/ProtectionDomain;)Z@JDK	java.security.AccessControlContext	containsAllPDs	([Ljava/security/ProtectionDomain;[Ljava/security/ProtectionDomain;)Z	JDK	5698	291	5698	5	com.sun.java.util.jar.pack.ClassReader$2#equals(Ljava/lang/Object;)Z@JDK	com.sun.java.util.jar.pack.ClassReader$2	equals	(Ljava/lang/Object;)Z	JDK	1	1	0	com.sun.java.util.jar.pack.ClassReader$2#equals(Ljava/lang/Object;)Z@JDK|context=DelegatingContext [A=Everywhere, B=Everywhere]|nodeId=13759|walaSynthetic=false|sentinelRole=NONE				true	DECOMPILED	0d7b167bfe87b151c0d378163a9922c6aa44beb3423744af75b72ca607ea3052	AVAILABLE	9d1806702ca06bfae0a754fe0ae0dd919be15138b6c1f36ff0ba37d247c3e5b2
rta	ONE_FLOW_TO_CASTS_APPLICATION_GET_METHOD	com.acme.benchmark:impact-medium-app:jar@	CALLER	RELATED_IMETHOD	8	995	java.security.AccessControlContext#containsAllPDs([Ljava/security/ProtectionDomain;[Ljava/security/ProtectionDomain;)Z@JDK|context=DelegatingContext [A=Everywhere, B=Everywhere]|nodeId=995|walaSynthetic=false|sentinelRole=NONE	DelegatingContext [A=Everywhere, B=Everywhere]	false	NONE	java.security.AccessControlContext#containsAllPDs([Ljava/security/ProtectionDomain;[Ljava/security/ProtectionDomain;)Z@JDK	java.security.AccessControlContext	containsAllPDs	([Ljava/security/ProtectionDomain;[Ljava/security/ProtectionDomain;)Z	JDK	5698	291	5698	6	com.sun.java.util.jar.pack.ClassReader$UnresolvedEntry#equals(Ljava/lang/Object;)Z@JDK	com.sun.java.util.jar.pack.ClassReader$UnresolvedEntry	equals	(Ljava/lang/Object;)Z	JDK	1	1	0	com.sun.java.util.jar.pack.ClassReader$UnresolvedEntry#equals(Ljava/lang/Object;)Z@JDK|context=DelegatingContext [A=Everywhere, B=Everywhere]|nodeId=13760|walaSynthetic=false|sentinelRole=NONE				true	DECOMPILED	0d7b167bfe87b151c0d378163a9922c6aa44beb3423744af75b72ca607ea3052	AVAILABLE	9d1806702ca06bfae0a754fe0ae0dd919be15138b6c1f36ff0ba37d247c3e5b2
rta	ONE_FLOW_TO_CASTS_APPLICATION_GET_METHOD	com.acme.benchmark:impact-medium-app:jar@	CALLER	RELATED_IMETHOD	8	995	java.security.AccessControlContext#containsAllPDs([Ljava/security/ProtectionDomain;[Ljava/security/ProtectionDomain;)Z@JDK|context=DelegatingContext [A=Everywhere, B=Everywhere]|nodeId=995|walaSynthetic=false|sentinelRole=NONE	DelegatingContext [A=Everywhere, B=Everywhere]	false	NONE	java.security.AccessControlContext#containsAllPDs([Ljava/security/ProtectionDomain;[Ljava/security/ProtectionDomain;)Z@JDK	java.security.AccessControlContext	containsAllPDs	([Ljava/security/ProtectionDomain;[Ljava/security/ProtectionDomain;)Z	JDK	5698	291	5698	7	com.sun.java.util.jar.pack.Coding#equals(Ljava/lang/Object;)Z@JDK	com.sun.java.util.jar.pack.Coding	equals	(Ljava/lang/Object;)Z	JDK	1	1	0	com.sun.java.util.jar.pack.Coding#equals(Ljava/lang/Object;)Z@JDK|context=DelegatingContext [A=Everywhere, B=Everywhere]|nodeId=13761|walaSynthetic=false|sentinelRole=NONE				true	DECOMPILED	0d7b167bfe87b151c0d378163a9922c6aa44beb3423744af75b72ca607ea3052	AVAILABLE	9d1806702ca06bfae0a754fe0ae0dd919be15138b6c1f36ff0ba37d247c3e5b2
rta	ONE_FLOW_TO_CASTS_APPLICATION_GET_METHOD	com.acme.benchmark:impact-medium-app:jar@	CALLER	RELATED_IMETHOD	8	995	java.security.AccessControlContext#containsAllPDs([Ljava/security/ProtectionDomain;[Ljava/security/ProtectionDomain;)Z@JDK|context=DelegatingContext [A=Everywhere, B=Everywhere]|nodeId=995|walaSynthetic=false|sentinelRole=NONE	DelegatingContext [A=Everywhere, B=Everywhere]	false	NONE	java.security.AccessControlContext#containsAllPDs([Ljava/security/ProtectionDomain;[Ljava/security/ProtectionDomain;)Z@JDK	java.security.AccessControlContext	containsAllPDs	([Ljava/security/ProtectionDomain;[Ljava/security/ProtectionDomain;)Z	JDK	5698	291	5698	8	com.sun.java.util.jar.pack.ConstantPool$BootstrapMethodEntry#equals(Ljava/lang/Object;)Z@JDK	com.sun.java.util.jar.pack.ConstantPool$BootstrapMethodEntry	equals	(Ljava/lang/Object;)Z	JDK	1	1	0	com.sun.java.util.jar.pack.ConstantPool$BootstrapMethodEntry#equals(Ljava/lang/Object;)Z@JDK|context=DelegatingContext [A=Everywhere, B=Everywhere]|nodeId=13762|walaSynthetic=false|sentinelRole=NONE				true	DECOMPILED	0d7b167bfe87b151c0d378163a9922c6aa44beb3423744af75b72ca607ea3052	AVAILABLE	9d1806702ca06bfae0a754fe0ae0dd919be15138b6c1f36ff0ba37d247c3e5b2
rta	ONE_FLOW_TO_CASTS_APPLICATION_GET_METHOD	com.acme.benchmark:impact-medium-app:jar@	CALLER	RELATED_IMETHOD	8	995	java.security.AccessControlContext#containsAllPDs([Ljava/security/ProtectionDomain;[Ljava/security/ProtectionDomain;)Z@JDK|context=DelegatingContext [A=Everywhere, B=Everywhere]|nodeId=995|walaSynthetic=false|sentinelRole=NONE	DelegatingContext [A=Everywhere, B=Everywhere]	false	NONE	java.security.AccessControlContext#containsAllPDs([Ljava/security/ProtectionDomain;[Ljava/security/ProtectionDomain;)Z@JDK	java.security.AccessControlContext	containsAllPDs	([Ljava/security/ProtectionDomain;[Ljava/security/ProtectionDomain;)Z	JDK	5698	291	5698	9	com.sun.java.util.jar.pack.ConstantPool$ClassEntry#equals(Ljava/lang/Object;)Z@JDK	com.sun.java.util.jar.pack.ConstantPool$ClassEntry	equals	(Ljava/lang/Object;)Z	JDK	1	1	0	com.sun.java.util.jar.pack.ConstantPool$ClassEntry#equals(Ljava/lang/Object;)Z@JDK|context=DelegatingContext [A=Everywhere, B=Everywhere]|nodeId=13763|walaSynthetic=false|sentinelRole=NONE				true	DECOMPILED	0d7b167bfe87b151c0d378163a9922c6aa44beb3423744af75b72ca607ea3052	AVAILABLE	9d1806702ca06bfae0a754fe0ae0dd919be15138b6c1f36ff0ba37d247c3e5b2
rta	ONE_FLOW_TO_CASTS_APPLICATION_GET_METHOD	com.acme.benchmark:impact-medium-app:jar@	CALLER	RELATED_IMETHOD	8	995	java.security.AccessControlContext#containsAllPDs([Ljava/security/ProtectionDomain;[Ljava/security/ProtectionDomain;)Z@JDK|context=DelegatingContext [A=Everywhere, B=Everywhere]|nodeId=995|walaSynthetic=false|sentinelRole=NONE	DelegatingContext [A=Everywhere, B=Everywhere]	false	NONE	java.security.AccessControlContext#containsAllPDs([Ljava/security/ProtectionDomain;[Ljava/security/ProtectionDomain;)Z@JDK	java.security.AccessControlContext	containsAllPDs	([Ljava/security/ProtectionDomain;[Ljava/security/ProtectionDomain;)Z	JDK	5698	291	5698	10	com.sun.java.util.jar.pack.ConstantPool$DescriptorEntry#equals(Ljava/lang/Object;)Z@JDK	com.sun.java.util.jar.pack.ConstantPool$DescriptorEntry	equals	(Ljava/lang/Object;)Z	JDK	1	1	0	com.sun.java.util.jar.pack.ConstantPool$DescriptorEntry#equals(Ljava/lang/Object;)Z@JDK|context=DelegatingContext [A=Everywhere, B=Everywhere]|nodeId=13764|walaSynthetic=false|sentinelRole=NONE				true	DECOMPILED	0d7b167bfe87b151c0d378163a9922c6aa44beb3423744af75b72ca607ea3052	AVAILABLE	9d1806702ca06bfae0a754fe0ae0dd919be15138b6c1f36ff0ba37d247c3e5b2
rta	ONE_FLOW_TO_CASTS_APPLICATION_GET_METHOD	com.acme.benchmark:impact-medium-app:jar@	CALLER	REACHABILITY_PATH	8	995	java.security.AccessControlContext#containsAllPDs([Ljava/security/ProtectionDomain;[Ljava/security/ProtectionDomain;)Z@JDK|context=DelegatingContext [A=Everywhere, B=Everywhere]|nodeId=995|walaSynthetic=false|sentinelRole=NONE	DelegatingContext [A=Everywhere, B=Everywhere]	false	NONE	java.security.AccessControlContext#containsAllPDs([Ljava/security/ProtectionDomain;[Ljava/security/ProtectionDomain;)Z@JDK	java.security.AccessControlContext	containsAllPDs	([Ljava/security/ProtectionDomain;[Ljava/security/ProtectionDomain;)Z	JDK	5698	291	5698											FAKE_ROOT	com.ibm.wala.FakeRootClass#fakeRootMethod()V@SYNTHETIC|context=Everywhere|nodeId=0|walaSynthetic=true|sentinelRole=FAKE_ROOT	[FAKE_ROOT] com.ibm.wala.FakeRootClass#fakeRootMethod()V@SYNTHETIC|context=Everywhere|nodeId=0|walaSynthetic=true|sentinelRole=FAKE_ROOT -> [FAKE_WORLD_CLINIT] com.ibm.wala.FakeRootClass#fakeWorldClinit()V@SYNTHETIC|context=Everywhere|nodeId=1|walaSynthetic=true|sentinelRole=FAKE_WORLD_CLINIT -> com.sun.java.util.jar.pack.BandStructure#<clinit>()V@JDK|context=Everywhere|nodeId=18884|walaSynthetic=false|sentinelRole=NONE -> java.util.Hashtable#put(Ljava/lang/Object;Ljava/lang/Object;)Ljava/lang/Object;@JDK|context=DelegatingContext [A=Everywhere, B=Everywhere]|nodeId=197|walaSynthetic=false|sentinelRole=NONE -> java.security.AccessControlContext#equals(Ljava/lang/Object;)Z@JDK|context=DelegatingContext [A=Everywhere, B=Everywhere]|nodeId=608|walaSynthetic=false|sentinelRole=NONE -> java.security.AccessControlContext#equalContext(Ljava/security/AccessControlContext;)Z@JDK|context=DelegatingContext [A=Everywhere, B=Everywhere]|nodeId=744|walaSynthetic=false|sentinelRole=NONE -> java.security.AccessControlContext#equalPDs([Ljava/security/ProtectionDomain;[Ljava/security/ProtectionDomain;)Z@JDK|context=DelegatingContext [A=Everywhere, B=Everywhere]|nodeId=869|walaSynthetic=false|sentinelRole=NONE -> java.security.AccessControlContext#containsAllPDs([Ljava/security/ProtectionDomain;[Ljava/security/ProtectionDomain;)Z@JDK|context=DelegatingContext [A=Everywhere, B=Everywhere]|nodeId=995|walaSynthetic=false|sentinelRole=NONE	true	DECOMPILED	0d7b167bfe87b151c0d378163a9922c6aa44beb3423744af75b72ca607ea3052	AVAILABLE	9d1806702ca06bfae0a754fe0ae0dd919be15138b6c1f36ff0ba37d247c3e5b2
rta	ONE_FLOW_TO_CASTS_APPLICATION_GET_METHOD	com.acme.benchmark:impact-medium-app:jar@	CALLER	REACHABILITY_PATH	8	995	java.security.AccessControlContext#containsAllPDs([Ljava/security/ProtectionDomain;[Ljava/security/ProtectionDomain;)Z@JDK|context=DelegatingContext [A=Everywhere, B=Everywhere]|nodeId=995|walaSynthetic=false|sentinelRole=NONE	DelegatingContext [A=Everywhere, B=Everywhere]	false	NONE	java.security.AccessControlContext#containsAllPDs([Ljava/security/ProtectionDomain;[Ljava/security/ProtectionDomain;)Z@JDK	java.security.AccessControlContext	containsAllPDs	([Ljava/security/ProtectionDomain;[Ljava/security/ProtectionDomain;)Z	JDK	5698	291	5698											FAKE_WORLD_CLINIT	com.ibm.wala.FakeRootClass#fakeWorldClinit()V@SYNTHETIC|context=Everywhere|nodeId=1|walaSynthetic=true|sentinelRole=FAKE_WORLD_CLINIT	[FAKE_WORLD_CLINIT] com.ibm.wala.FakeRootClass#fakeWorldClinit()V@SYNTHETIC|context=Everywhere|nodeId=1|walaSynthetic=true|sentinelRole=FAKE_WORLD_CLINIT -> com.sun.java.util.jar.pack.BandStructure#<clinit>()V@JDK|context=Everywhere|nodeId=18884|walaSynthetic=false|sentinelRole=NONE -> java.util.Hashtable#put(Ljava/lang/Object;Ljava/lang/Object;)Ljava/lang/Object;@JDK|context=DelegatingContext [A=Everywhere, B=Everywhere]|nodeId=197|walaSynthetic=false|sentinelRole=NONE -> java.security.AccessControlContext#equals(Ljava/lang/Object;)Z@JDK|context=DelegatingContext [A=Everywhere, B=Everywhere]|nodeId=608|walaSynthetic=false|sentinelRole=NONE -> java.security.AccessControlContext#equalContext(Ljava/security/AccessControlContext;)Z@JDK|context=DelegatingContext [A=Everywhere, B=Everywhere]|nodeId=744|walaSynthetic=false|sentinelRole=NONE -> java.security.AccessControlContext#equalPDs([Ljava/security/ProtectionDomain;[Ljava/security/ProtectionDomain;)Z@JDK|context=DelegatingContext [A=Everywhere, B=Everywhere]|nodeId=869|walaSynthetic=false|sentinelRole=NONE -> java.security.AccessControlContext#containsAllPDs([Ljava/security/ProtectionDomain;[Ljava/security/ProtectionDomain;)Z@JDK|context=DelegatingContext [A=Everywhere, B=Everywhere]|nodeId=995|walaSynthetic=false|sentinelRole=NONE	true	DECOMPILED	0d7b167bfe87b151c0d378163a9922c6aa44beb3423744af75b72ca607ea3052	AVAILABLE	9d1806702ca06bfae0a754fe0ae0dd919be15138b6c1f36ff0ba37d247c3e5b2
rta	ONE_FLOW_TO_CASTS_APPLICATION_GET_METHOD	com.acme.benchmark:impact-medium-app:jar@	CALLER	RANKED_CGNODE	9	13788	java.text.RuleBasedCollationKey#equals(Ljava/lang/Object;)Z@JDK|context=DelegatingContext [A=Everywhere, B=Everywhere]|nodeId=13788|walaSynthetic=false|sentinelRole=NONE	DelegatingContext [A=Everywhere, B=Everywhere]	false	NONE	java.text.RuleBasedCollationKey#equals(Ljava/lang/Object;)Z@JDK	java.text.RuleBasedCollationKey	equals	(Ljava/lang/Object;)Z	JDK	5698	291	5698														true	DECOMPILED	25cf7be10a6eff2392157da1a0b1d4a37365031187450fb2997860ab02dc8018	AVAILABLE	77174e0a4d6af8b27bebb3d4d86e88b8a37c68ffbe849c1f9e59e2cbea938113
rta	ONE_FLOW_TO_CASTS_APPLICATION_GET_METHOD	com.acme.benchmark:impact-medium-app:jar@	CALLER	RELATED_IMETHOD	9	13788	java.text.RuleBasedCollationKey#equals(Ljava/lang/Object;)Z@JDK|context=DelegatingContext [A=Everywhere, B=Everywhere]|nodeId=13788|walaSynthetic=false|sentinelRole=NONE	DelegatingContext [A=Everywhere, B=Everywhere]	false	NONE	java.text.RuleBasedCollationKey#equals(Ljava/lang/Object;)Z@JDK	java.text.RuleBasedCollationKey	equals	(Ljava/lang/Object;)Z	JDK	5698	291	5698	1	java.lang.Object#getClass()Ljava/lang/Class;@JDK	java.lang.Object	getClass	()Ljava/lang/Class;	JDK	5408	5408	5398	java.lang.Object#getClass()Ljava/lang/Class;@JDK|context=DelegatingContext [A=DelegatingContext [A=JavaTypeContext<point: <Primordial,Ljava/lang/IllegalArgumentException>>, B=Everywhere], B=DelegatingContext [A=JavaTypeContext<point: <Primordial,Ljava/lang/IllegalArgumentException>>, B=Everywhere]]|nodeId=96|walaSynthetic=true|sentinelRole=NONE || java.lang.Object#getClass()Ljava/lang/Class;@JDK|context=DelegatingContext [A=DelegatingContext [A=JavaTypeContext<point: <Primordial,Ljava/lang/StringBuilder>>, B=Everywhere], B=DelegatingContext [A=JavaTypeContext<point: <Primordial,Ljava/lang/StringBuilder>>, B=Everywhere]]|nodeId=97|walaSynthetic=true|sentinelRole=NONE || java.lang.Object#getClass()Ljava/lang/Class;@JDK|context=DelegatingContext [A=DelegatingContext [A=JavaTypeContext<point: <Primordial,Ljava/util/Collections$UnmodifiableRandomAccessList>>, B=Everywhere], B=DelegatingContext [A=JavaTypeContext<point: <Primordial,Ljava/util/Collections$UnmodifiableRandomAccessList>>, B=Everywhere]]|nodeId=98|walaSynthetic=true|sentinelRole=NONE || java.lang.Object#getClass()Ljava/lang/Class;@JDK|context=DelegatingContext [A=DelegatingContext [A=JavaTypeContext<point: <Primordial,Ljava/util/Collections$UnmodifiableList>>, B=Everywhere], B=DelegatingContext [A=JavaTypeContext<point: <Primordial,Ljava/util/Collections$UnmodifiableList>>, B=Everywhere]]|nodeId=99|walaSynthetic=true|sentinelRole=NONE || java.lang.Object#getClass()Ljava/lang/Class;@JDK|context=DelegatingContext [A=DelegatingContext [A=JavaTypeContext<point: <Primordial,Ljava/util/Collections$EmptySet>>, B=Everywhere], B=DelegatingContext [A=JavaTypeContext<point: <Primordial,Ljava/util/Collections$EmptySet>>, B=Everywhere]]|nodeId=100|walaSynthetic=true|sentinelRole=NONE || java.lang.Object#getClass()Ljava/lang/Class;@JDK|context=DelegatingContext [A=DelegatingContext [A=JavaTypeContext<point: <Primordial,Ljava/util/Collections$EmptyList>>, B=Everywhere], B=DelegatingContext [A=JavaTypeContext<point: <Primordial,Ljava/util/Collections$EmptyList>>, B=Everywhere]]|nodeId=101|walaSynthetic=true|sentinelRole=NONE || java.lang.Object#getClass()Ljava/lang/Class;@JDK|context=DelegatingContext [A=DelegatingContext [A=JavaTypeContext<point: <Primordial,Ljava/util/Collections$EmptyMap>>, B=Everywhere], B=DelegatingContext [A=JavaTypeContext<point: <Primordial,Ljava/util/Collections$EmptyMap>>, B=Everywhere]]|nodeId=102|walaSynthetic=true|sentinelRole=NONE || java.lang.Object#getClass()Ljava/lang/Class;@JDK|context=DelegatingContext [A=DelegatingContext [A=JavaTypeContext<point: <Primordial,Ljava/lang/IllegalStateException>>, B=Everywhere], B=DelegatingContext [A=JavaTypeContext<point: <Primordial,Ljava/lang/IllegalStateException>>, B=Everywhere]]|nodeId=103|walaSynthetic=true|sentinelRole=NONE || java.lang.Object#getClass()Ljava/lang/Class;@JDK|context=DelegatingContext [A=DelegatingContext [A=JavaTypeContext<point: <Primordial,Ljava/lang/String>>, B=Everywhere], B=DelegatingContext [A=JavaTypeContext<point: <Primordial,Ljava/lang/String>>, B=Everywhere]]|nodeId=104|walaSynthetic=true|sentinelRole=NONE || java.lang.Object#getClass()Ljava/lang/Class;@JDK|context=DelegatingContext [A=DelegatingContext [A=JavaTypeContext<point: <Primordial,[C>>, B=Everywhere], B=DelegatingContext [A=JavaTypeContext<point: <Primordial,[C>>, B=Everywhere]]|nodeId=105|walaSynthetic=true|sentinelRole=NONE				true	DECOMPILED	25cf7be10a6eff2392157da1a0b1d4a37365031187450fb2997860ab02dc8018	AVAILABLE	77174e0a4d6af8b27bebb3d4d86e88b8a37c68ffbe849c1f9e59e2cbea938113
rta	ONE_FLOW_TO_CASTS_APPLICATION_GET_METHOD	com.acme.benchmark:impact-medium-app:jar@	CALLER	RELATED_IMETHOD	9	13788	java.text.RuleBasedCollationKey#equals(Ljava/lang/Object;)Z@JDK|context=DelegatingContext [A=Everywhere, B=Everywhere]|nodeId=13788|walaSynthetic=false|sentinelRole=NONE	DelegatingContext [A=Everywhere, B=Everywhere]	false	NONE	java.text.RuleBasedCollationKey#equals(Ljava/lang/Object;)Z@JDK	java.text.RuleBasedCollationKey	equals	(Ljava/lang/Object;)Z	JDK	5698	291	5698	2	com.sun.corba.se.impl.orb.ORBVersionImpl#equals(Ljava/lang/Object;)Z@JDK	com.sun.corba.se.impl.orb.ORBVersionImpl	equals	(Ljava/lang/Object;)Z	JDK	1	1	0	com.sun.corba.se.impl.orb.ORBVersionImpl#equals(Ljava/lang/Object;)Z@JDK|context=DelegatingContext [A=Everywhere, B=Everywhere]|nodeId=13757|walaSynthetic=false|sentinelRole=NONE				true	DECOMPILED	25cf7be10a6eff2392157da1a0b1d4a37365031187450fb2997860ab02dc8018	AVAILABLE	77174e0a4d6af8b27bebb3d4d86e88b8a37c68ffbe849c1f9e59e2cbea938113
rta	ONE_FLOW_TO_CASTS_APPLICATION_GET_METHOD	com.acme.benchmark:impact-medium-app:jar@	CALLER	RELATED_IMETHOD	9	13788	java.text.RuleBasedCollationKey#equals(Ljava/lang/Object;)Z@JDK|context=DelegatingContext [A=Everywhere, B=Everywhere]|nodeId=13788|walaSynthetic=false|sentinelRole=NONE	DelegatingContext [A=Everywhere, B=Everywhere]	false	NONE	java.text.RuleBasedCollationKey#equals(Ljava/lang/Object;)Z@JDK	java.text.RuleBasedCollationKey	equals	(Ljava/lang/Object;)Z	JDK	5698	291	5698	3	com.sun.corba.se.spi.orb.ParserImplTableBase$MapEntry#equals(Ljava/lang/Object;)Z@JDK	com.sun.corba.se.spi.orb.ParserImplTableBase$MapEntry	equals	(Ljava/lang/Object;)Z	JDK	1	1	0	com.sun.corba.se.spi.orb.ParserImplTableBase$MapEntry#equals(Ljava/lang/Object;)Z@JDK|context=DelegatingContext [A=Everywhere, B=Everywhere]|nodeId=13747|walaSynthetic=false|sentinelRole=NONE				true	DECOMPILED	25cf7be10a6eff2392157da1a0b1d4a37365031187450fb2997860ab02dc8018	AVAILABLE	77174e0a4d6af8b27bebb3d4d86e88b8a37c68ffbe849c1f9e59e2cbea938113
rta	ONE_FLOW_TO_CASTS_APPLICATION_GET_METHOD	com.acme.benchmark:impact-medium-app:jar@	CALLER	RELATED_IMETHOD	9	13788	java.text.RuleBasedCollationKey#equals(Ljava/lang/Object;)Z@JDK|context=DelegatingContext [A=Everywhere, B=Everywhere]|nodeId=13788|walaSynthetic=false|sentinelRole=NONE	DelegatingContext [A=Everywhere, B=Everywhere]	false	NONE	java.text.RuleBasedCollationKey#equals(Ljava/lang/Object;)Z@JDK	java.text.RuleBasedCollationKey	equals	(Ljava/lang/Object;)Z	JDK	5698	291	5698	4	com.sun.java.util.jar.pack.Attribute$Layout#equals(Ljava/lang/Object;)Z@JDK	com.sun.java.util.jar.pack.Attribute$Layout	equals	(Ljava/lang/Object;)Z	JDK	1	1	0	com.sun.java.util.jar.pack.Attribute$Layout#equals(Ljava/lang/Object;)Z@JDK|context=DelegatingContext [A=Everywhere, B=Everywhere]|nodeId=13758|walaSynthetic=false|sentinelRole=NONE				true	DECOMPILED	25cf7be10a6eff2392157da1a0b1d4a37365031187450fb2997860ab02dc8018	AVAILABLE	77174e0a4d6af8b27bebb3d4d86e88b8a37c68ffbe849c1f9e59e2cbea938113
rta	ONE_FLOW_TO_CASTS_APPLICATION_GET_METHOD	com.acme.benchmark:impact-medium-app:jar@	CALLER	RELATED_IMETHOD	9	13788	java.text.RuleBasedCollationKey#equals(Ljava/lang/Object;)Z@JDK|context=DelegatingContext [A=Everywhere, B=Everywhere]|nodeId=13788|walaSynthetic=false|sentinelRole=NONE	DelegatingContext [A=Everywhere, B=Everywhere]	false	NONE	java.text.RuleBasedCollationKey#equals(Ljava/lang/Object;)Z@JDK	java.text.RuleBasedCollationKey	equals	(Ljava/lang/Object;)Z	JDK	5698	291	5698	5	com.sun.java.util.jar.pack.ClassReader$2#equals(Ljava/lang/Object;)Z@JDK	com.sun.java.util.jar.pack.ClassReader$2	equals	(Ljava/lang/Object;)Z	JDK	1	1	0	com.sun.java.util.jar.pack.ClassReader$2#equals(Ljava/lang/Object;)Z@JDK|context=DelegatingContext [A=Everywhere, B=Everywhere]|nodeId=13759|walaSynthetic=false|sentinelRole=NONE				true	DECOMPILED	25cf7be10a6eff2392157da1a0b1d4a37365031187450fb2997860ab02dc8018	AVAILABLE	77174e0a4d6af8b27bebb3d4d86e88b8a37c68ffbe849c1f9e59e2cbea938113
rta	ONE_FLOW_TO_CASTS_APPLICATION_GET_METHOD	com.acme.benchmark:impact-medium-app:jar@	CALLER	RELATED_IMETHOD	9	13788	java.text.RuleBasedCollationKey#equals(Ljava/lang/Object;)Z@JDK|context=DelegatingContext [A=Everywhere, B=Everywhere]|nodeId=13788|walaSynthetic=false|sentinelRole=NONE	DelegatingContext [A=Everywhere, B=Everywhere]	false	NONE	java.text.RuleBasedCollationKey#equals(Ljava/lang/Object;)Z@JDK	java.text.RuleBasedCollationKey	equals	(Ljava/lang/Object;)Z	JDK	5698	291	5698	6	com.sun.java.util.jar.pack.ClassReader$UnresolvedEntry#equals(Ljava/lang/Object;)Z@JDK	com.sun.java.util.jar.pack.ClassReader$UnresolvedEntry	equals	(Ljava/lang/Object;)Z	JDK	1	1	0	com.sun.java.util.jar.pack.ClassReader$UnresolvedEntry#equals(Ljava/lang/Object;)Z@JDK|context=DelegatingContext [A=Everywhere, B=Everywhere]|nodeId=13760|walaSynthetic=false|sentinelRole=NONE				true	DECOMPILED	25cf7be10a6eff2392157da1a0b1d4a37365031187450fb2997860ab02dc8018	AVAILABLE	77174e0a4d6af8b27bebb3d4d86e88b8a37c68ffbe849c1f9e59e2cbea938113
rta	ONE_FLOW_TO_CASTS_APPLICATION_GET_METHOD	com.acme.benchmark:impact-medium-app:jar@	CALLER	RELATED_IMETHOD	9	13788	java.text.RuleBasedCollationKey#equals(Ljava/lang/Object;)Z@JDK|context=DelegatingContext [A=Everywhere, B=Everywhere]|nodeId=13788|walaSynthetic=false|sentinelRole=NONE	DelegatingContext [A=Everywhere, B=Everywhere]	false	NONE	java.text.RuleBasedCollationKey#equals(Ljava/lang/Object;)Z@JDK	java.text.RuleBasedCollationKey	equals	(Ljava/lang/Object;)Z	JDK	5698	291	5698	7	com.sun.java.util.jar.pack.Coding#equals(Ljava/lang/Object;)Z@JDK	com.sun.java.util.jar.pack.Coding	equals	(Ljava/lang/Object;)Z	JDK	1	1	0	com.sun.java.util.jar.pack.Coding#equals(Ljava/lang/Object;)Z@JDK|context=DelegatingContext [A=Everywhere, B=Everywhere]|nodeId=13761|walaSynthetic=false|sentinelRole=NONE				true	DECOMPILED	25cf7be10a6eff2392157da1a0b1d4a37365031187450fb2997860ab02dc8018	AVAILABLE	77174e0a4d6af8b27bebb3d4d86e88b8a37c68ffbe849c1f9e59e2cbea938113
rta	ONE_FLOW_TO_CASTS_APPLICATION_GET_METHOD	com.acme.benchmark:impact-medium-app:jar@	CALLER	RELATED_IMETHOD	9	13788	java.text.RuleBasedCollationKey#equals(Ljava/lang/Object;)Z@JDK|context=DelegatingContext [A=Everywhere, B=Everywhere]|nodeId=13788|walaSynthetic=false|sentinelRole=NONE	DelegatingContext [A=Everywhere, B=Everywhere]	false	NONE	java.text.RuleBasedCollationKey#equals(Ljava/lang/Object;)Z@JDK	java.text.RuleBasedCollationKey	equals	(Ljava/lang/Object;)Z	JDK	5698	291	5698	8	com.sun.java.util.jar.pack.ConstantPool$BootstrapMethodEntry#equals(Ljava/lang/Object;)Z@JDK	com.sun.java.util.jar.pack.ConstantPool$BootstrapMethodEntry	equals	(Ljava/lang/Object;)Z	JDK	1	1	0	com.sun.java.util.jar.pack.ConstantPool$BootstrapMethodEntry#equals(Ljava/lang/Object;)Z@JDK|context=DelegatingContext [A=Everywhere, B=Everywhere]|nodeId=13762|walaSynthetic=false|sentinelRole=NONE				true	DECOMPILED	25cf7be10a6eff2392157da1a0b1d4a37365031187450fb2997860ab02dc8018	AVAILABLE	77174e0a4d6af8b27bebb3d4d86e88b8a37c68ffbe849c1f9e59e2cbea938113
rta	ONE_FLOW_TO_CASTS_APPLICATION_GET_METHOD	com.acme.benchmark:impact-medium-app:jar@	CALLER	RELATED_IMETHOD	9	13788	java.text.RuleBasedCollationKey#equals(Ljava/lang/Object;)Z@JDK|context=DelegatingContext [A=Everywhere, B=Everywhere]|nodeId=13788|walaSynthetic=false|sentinelRole=NONE	DelegatingContext [A=Everywhere, B=Everywhere]	false	NONE	java.text.RuleBasedCollationKey#equals(Ljava/lang/Object;)Z@JDK	java.text.RuleBasedCollationKey	equals	(Ljava/lang/Object;)Z	JDK	5698	291	5698	9	com.sun.java.util.jar.pack.ConstantPool$ClassEntry#equals(Ljava/lang/Object;)Z@JDK	com.sun.java.util.jar.pack.ConstantPool$ClassEntry	equals	(Ljava/lang/Object;)Z	JDK	1	1	0	com.sun.java.util.jar.pack.ConstantPool$ClassEntry#equals(Ljava/lang/Object;)Z@JDK|context=DelegatingContext [A=Everywhere, B=Everywhere]|nodeId=13763|walaSynthetic=false|sentinelRole=NONE				true	DECOMPILED	25cf7be10a6eff2392157da1a0b1d4a37365031187450fb2997860ab02dc8018	AVAILABLE	77174e0a4d6af8b27bebb3d4d86e88b8a37c68ffbe849c1f9e59e2cbea938113
rta	ONE_FLOW_TO_CASTS_APPLICATION_GET_METHOD	com.acme.benchmark:impact-medium-app:jar@	CALLER	RELATED_IMETHOD	9	13788	java.text.RuleBasedCollationKey#equals(Ljava/lang/Object;)Z@JDK|context=DelegatingContext [A=Everywhere, B=Everywhere]|nodeId=13788|walaSynthetic=false|sentinelRole=NONE	DelegatingContext [A=Everywhere, B=Everywhere]	false	NONE	java.text.RuleBasedCollationKey#equals(Ljava/lang/Object;)Z@JDK	java.text.RuleBasedCollationKey	equals	(Ljava/lang/Object;)Z	JDK	5698	291	5698	10	com.sun.java.util.jar.pack.ConstantPool$DescriptorEntry#equals(Ljava/lang/Object;)Z@JDK	com.sun.java.util.jar.pack.ConstantPool$DescriptorEntry	equals	(Ljava/lang/Object;)Z	JDK	1	1	0	com.sun.java.util.jar.pack.ConstantPool$DescriptorEntry#equals(Ljava/lang/Object;)Z@JDK|context=DelegatingContext [A=Everywhere, B=Everywhere]|nodeId=13764|walaSynthetic=false|sentinelRole=NONE				true	DECOMPILED	25cf7be10a6eff2392157da1a0b1d4a37365031187450fb2997860ab02dc8018	AVAILABLE	77174e0a4d6af8b27bebb3d4d86e88b8a37c68ffbe849c1f9e59e2cbea938113
rta	ONE_FLOW_TO_CASTS_APPLICATION_GET_METHOD	com.acme.benchmark:impact-medium-app:jar@	CALLER	REACHABILITY_PATH	9	13788	java.text.RuleBasedCollationKey#equals(Ljava/lang/Object;)Z@JDK|context=DelegatingContext [A=Everywhere, B=Everywhere]|nodeId=13788|walaSynthetic=false|sentinelRole=NONE	DelegatingContext [A=Everywhere, B=Everywhere]	false	NONE	java.text.RuleBasedCollationKey#equals(Ljava/lang/Object;)Z@JDK	java.text.RuleBasedCollationKey	equals	(Ljava/lang/Object;)Z	JDK	5698	291	5698											FAKE_ROOT	com.ibm.wala.FakeRootClass#fakeRootMethod()V@SYNTHETIC|context=Everywhere|nodeId=0|walaSynthetic=true|sentinelRole=FAKE_ROOT	[FAKE_ROOT] com.ibm.wala.FakeRootClass#fakeRootMethod()V@SYNTHETIC|context=Everywhere|nodeId=0|walaSynthetic=true|sentinelRole=FAKE_ROOT -> [FAKE_WORLD_CLINIT] com.ibm.wala.FakeRootClass#fakeWorldClinit()V@SYNTHETIC|context=Everywhere|nodeId=1|walaSynthetic=true|sentinelRole=FAKE_WORLD_CLINIT -> com.sun.java.util.jar.pack.BandStructure#<clinit>()V@JDK|context=Everywhere|nodeId=18884|walaSynthetic=false|sentinelRole=NONE -> java.util.Hashtable#put(Ljava/lang/Object;Ljava/lang/Object;)Ljava/lang/Object;@JDK|context=DelegatingContext [A=Everywhere, B=Everywhere]|nodeId=197|walaSynthetic=false|sentinelRole=NONE -> java.text.RuleBasedCollationKey#equals(Ljava/lang/Object;)Z@JDK|context=DelegatingContext [A=Everywhere, B=Everywhere]|nodeId=13788|walaSynthetic=false|sentinelRole=NONE	true	DECOMPILED	25cf7be10a6eff2392157da1a0b1d4a37365031187450fb2997860ab02dc8018	AVAILABLE	77174e0a4d6af8b27bebb3d4d86e88b8a37c68ffbe849c1f9e59e2cbea938113
rta	ONE_FLOW_TO_CASTS_APPLICATION_GET_METHOD	com.acme.benchmark:impact-medium-app:jar@	CALLER	REACHABILITY_PATH	9	13788	java.text.RuleBasedCollationKey#equals(Ljava/lang/Object;)Z@JDK|context=DelegatingContext [A=Everywhere, B=Everywhere]|nodeId=13788|walaSynthetic=false|sentinelRole=NONE	DelegatingContext [A=Everywhere, B=Everywhere]	false	NONE	java.text.RuleBasedCollationKey#equals(Ljava/lang/Object;)Z@JDK	java.text.RuleBasedCollationKey	equals	(Ljava/lang/Object;)Z	JDK	5698	291	5698											FAKE_WORLD_CLINIT	com.ibm.wala.FakeRootClass#fakeWorldClinit()V@SYNTHETIC|context=Everywhere|nodeId=1|walaSynthetic=true|sentinelRole=FAKE_WORLD_CLINIT	[FAKE_WORLD_CLINIT] com.ibm.wala.FakeRootClass#fakeWorldClinit()V@SYNTHETIC|context=Everywhere|nodeId=1|walaSynthetic=true|sentinelRole=FAKE_WORLD_CLINIT -> com.sun.java.util.jar.pack.BandStructure#<clinit>()V@JDK|context=Everywhere|nodeId=18884|walaSynthetic=false|sentinelRole=NONE -> java.util.Hashtable#put(Ljava/lang/Object;Ljava/lang/Object;)Ljava/lang/Object;@JDK|context=DelegatingContext [A=Everywhere, B=Everywhere]|nodeId=197|walaSynthetic=false|sentinelRole=NONE -> java.text.RuleBasedCollationKey#equals(Ljava/lang/Object;)Z@JDK|context=DelegatingContext [A=Everywhere, B=Everywhere]|nodeId=13788|walaSynthetic=false|sentinelRole=NONE	true	DECOMPILED	25cf7be10a6eff2392157da1a0b1d4a37365031187450fb2997860ab02dc8018	AVAILABLE	77174e0a4d6af8b27bebb3d4d86e88b8a37c68ffbe849c1f9e59e2cbea938113
rta	ONE_FLOW_TO_CASTS_APPLICATION_GET_METHOD	com.acme.benchmark:impact-medium-app:jar@	CALLER	RANKED_CGNODE	10	27881	javax.crypto.CryptoPermission#impliesParameterSpec(ZLjava/security/spec/AlgorithmParameterSpec;)Z@JDK|context=DelegatingContext [A=Everywhere, B=Everywhere]|nodeId=27881|walaSynthetic=false|sentinelRole=NONE	DelegatingContext [A=Everywhere, B=Everywhere]	false	NONE	javax.crypto.CryptoPermission#impliesParameterSpec(ZLjava/security/spec/AlgorithmParameterSpec;)Z@JDK	javax.crypto.CryptoPermission	impliesParameterSpec	(ZLjava/security/spec/AlgorithmParameterSpec;)Z	JDK	5698	291	5698														true	DECOMPILED	9fd5eb4cfd05998825bfe8869d2221eb3ee2ee4ab5d69273f3562227c9f79836	AVAILABLE	5eacc91fe3a2a0e5a4b4185ecb5d9cdd558a42575f2c9f255e9cdb3c95647a06
rta	ONE_FLOW_TO_CASTS_APPLICATION_GET_METHOD	com.acme.benchmark:impact-medium-app:jar@	CALLER	RELATED_IMETHOD	10	27881	javax.crypto.CryptoPermission#impliesParameterSpec(ZLjava/security/spec/AlgorithmParameterSpec;)Z@JDK|context=DelegatingContext [A=Everywhere, B=Everywhere]|nodeId=27881|walaSynthetic=false|sentinelRole=NONE	DelegatingContext [A=Everywhere, B=Everywhere]	false	NONE	javax.crypto.CryptoPermission#impliesParameterSpec(ZLjava/security/spec/AlgorithmParameterSpec;)Z@JDK	javax.crypto.CryptoPermission	impliesParameterSpec	(ZLjava/security/spec/AlgorithmParameterSpec;)Z	JDK	5698	291	5698	1	java.lang.Object#getClass()Ljava/lang/Class;@JDK	java.lang.Object	getClass	()Ljava/lang/Class;	JDK	5408	5408	5398	java.lang.Object#getClass()Ljava/lang/Class;@JDK|context=DelegatingContext [A=DelegatingContext [A=JavaTypeContext<point: <Primordial,Ljava/lang/IllegalArgumentException>>, B=Everywhere], B=DelegatingContext [A=JavaTypeContext<point: <Primordial,Ljava/lang/IllegalArgumentException>>, B=Everywhere]]|nodeId=96|walaSynthetic=true|sentinelRole=NONE || java.lang.Object#getClass()Ljava/lang/Class;@JDK|context=DelegatingContext [A=DelegatingContext [A=JavaTypeContext<point: <Primordial,Ljava/lang/StringBuilder>>, B=Everywhere], B=DelegatingContext [A=JavaTypeContext<point: <Primordial,Ljava/lang/StringBuilder>>, B=Everywhere]]|nodeId=97|walaSynthetic=true|sentinelRole=NONE || java.lang.Object#getClass()Ljava/lang/Class;@JDK|context=DelegatingContext [A=DelegatingContext [A=JavaTypeContext<point: <Primordial,Ljava/util/Collections$UnmodifiableRandomAccessList>>, B=Everywhere], B=DelegatingContext [A=JavaTypeContext<point: <Primordial,Ljava/util/Collections$UnmodifiableRandomAccessList>>, B=Everywhere]]|nodeId=98|walaSynthetic=true|sentinelRole=NONE || java.lang.Object#getClass()Ljava/lang/Class;@JDK|context=DelegatingContext [A=DelegatingContext [A=JavaTypeContext<point: <Primordial,Ljava/util/Collections$UnmodifiableList>>, B=Everywhere], B=DelegatingContext [A=JavaTypeContext<point: <Primordial,Ljava/util/Collections$UnmodifiableList>>, B=Everywhere]]|nodeId=99|walaSynthetic=true|sentinelRole=NONE || java.lang.Object#getClass()Ljava/lang/Class;@JDK|context=DelegatingContext [A=DelegatingContext [A=JavaTypeContext<point: <Primordial,Ljava/util/Collections$EmptySet>>, B=Everywhere], B=DelegatingContext [A=JavaTypeContext<point: <Primordial,Ljava/util/Collections$EmptySet>>, B=Everywhere]]|nodeId=100|walaSynthetic=true|sentinelRole=NONE || java.lang.Object#getClass()Ljava/lang/Class;@JDK|context=DelegatingContext [A=DelegatingContext [A=JavaTypeContext<point: <Primordial,Ljava/util/Collections$EmptyList>>, B=Everywhere], B=DelegatingContext [A=JavaTypeContext<point: <Primordial,Ljava/util/Collections$EmptyList>>, B=Everywhere]]|nodeId=101|walaSynthetic=true|sentinelRole=NONE || java.lang.Object#getClass()Ljava/lang/Class;@JDK|context=DelegatingContext [A=DelegatingContext [A=JavaTypeContext<point: <Primordial,Ljava/util/Collections$EmptyMap>>, B=Everywhere], B=DelegatingContext [A=JavaTypeContext<point: <Primordial,Ljava/util/Collections$EmptyMap>>, B=Everywhere]]|nodeId=102|walaSynthetic=true|sentinelRole=NONE || java.lang.Object#getClass()Ljava/lang/Class;@JDK|context=DelegatingContext [A=DelegatingContext [A=JavaTypeContext<point: <Primordial,Ljava/lang/IllegalStateException>>, B=Everywhere], B=DelegatingContext [A=JavaTypeContext<point: <Primordial,Ljava/lang/IllegalStateException>>, B=Everywhere]]|nodeId=103|walaSynthetic=true|sentinelRole=NONE || java.lang.Object#getClass()Ljava/lang/Class;@JDK|context=DelegatingContext [A=DelegatingContext [A=JavaTypeContext<point: <Primordial,Ljava/lang/String>>, B=Everywhere], B=DelegatingContext [A=JavaTypeContext<point: <Primordial,Ljava/lang/String>>, B=Everywhere]]|nodeId=104|walaSynthetic=true|sentinelRole=NONE || java.lang.Object#getClass()Ljava/lang/Class;@JDK|context=DelegatingContext [A=DelegatingContext [A=JavaTypeContext<point: <Primordial,[C>>, B=Everywhere], B=DelegatingContext [A=JavaTypeContext<point: <Primordial,[C>>, B=Everywhere]]|nodeId=105|walaSynthetic=true|sentinelRole=NONE				true	DECOMPILED	9fd5eb4cfd05998825bfe8869d2221eb3ee2ee4ab5d69273f3562227c9f79836	AVAILABLE	5eacc91fe3a2a0e5a4b4185ecb5d9cdd558a42575f2c9f255e9cdb3c95647a06
rta	ONE_FLOW_TO_CASTS_APPLICATION_GET_METHOD	com.acme.benchmark:impact-medium-app:jar@	CALLER	RELATED_IMETHOD	10	27881	javax.crypto.CryptoPermission#impliesParameterSpec(ZLjava/security/spec/AlgorithmParameterSpec;)Z@JDK|context=DelegatingContext [A=Everywhere, B=Everywhere]|nodeId=27881|walaSynthetic=false|sentinelRole=NONE	DelegatingContext [A=Everywhere, B=Everywhere]	false	NONE	javax.crypto.CryptoPermission#impliesParameterSpec(ZLjava/security/spec/AlgorithmParameterSpec;)Z@JDK	javax.crypto.CryptoPermission	impliesParameterSpec	(ZLjava/security/spec/AlgorithmParameterSpec;)Z	JDK	5698	291	5698	2	com.sun.corba.se.impl.orb.ORBVersionImpl#equals(Ljava/lang/Object;)Z@JDK	com.sun.corba.se.impl.orb.ORBVersionImpl	equals	(Ljava/lang/Object;)Z	JDK	1	1	0	com.sun.corba.se.impl.orb.ORBVersionImpl#equals(Ljava/lang/Object;)Z@JDK|context=DelegatingContext [A=Everywhere, B=Everywhere]|nodeId=13757|walaSynthetic=false|sentinelRole=NONE				true	DECOMPILED	9fd5eb4cfd05998825bfe8869d2221eb3ee2ee4ab5d69273f3562227c9f79836	AVAILABLE	5eacc91fe3a2a0e5a4b4185ecb5d9cdd558a42575f2c9f255e9cdb3c95647a06
rta	ONE_FLOW_TO_CASTS_APPLICATION_GET_METHOD	com.acme.benchmark:impact-medium-app:jar@	CALLER	RELATED_IMETHOD	10	27881	javax.crypto.CryptoPermission#impliesParameterSpec(ZLjava/security/spec/AlgorithmParameterSpec;)Z@JDK|context=DelegatingContext [A=Everywhere, B=Everywhere]|nodeId=27881|walaSynthetic=false|sentinelRole=NONE	DelegatingContext [A=Everywhere, B=Everywhere]	false	NONE	javax.crypto.CryptoPermission#impliesParameterSpec(ZLjava/security/spec/AlgorithmParameterSpec;)Z@JDK	javax.crypto.CryptoPermission	impliesParameterSpec	(ZLjava/security/spec/AlgorithmParameterSpec;)Z	JDK	5698	291	5698	3	com.sun.corba.se.spi.orb.ParserImplTableBase$MapEntry#equals(Ljava/lang/Object;)Z@JDK	com.sun.corba.se.spi.orb.ParserImplTableBase$MapEntry	equals	(Ljava/lang/Object;)Z	JDK	1	1	0	com.sun.corba.se.spi.orb.ParserImplTableBase$MapEntry#equals(Ljava/lang/Object;)Z@JDK|context=DelegatingContext [A=Everywhere, B=Everywhere]|nodeId=13747|walaSynthetic=false|sentinelRole=NONE				true	DECOMPILED	9fd5eb4cfd05998825bfe8869d2221eb3ee2ee4ab5d69273f3562227c9f79836	AVAILABLE	5eacc91fe3a2a0e5a4b4185ecb5d9cdd558a42575f2c9f255e9cdb3c95647a06
rta	ONE_FLOW_TO_CASTS_APPLICATION_GET_METHOD	com.acme.benchmark:impact-medium-app:jar@	CALLER	RELATED_IMETHOD	10	27881	javax.crypto.CryptoPermission#impliesParameterSpec(ZLjava/security/spec/AlgorithmParameterSpec;)Z@JDK|context=DelegatingContext [A=Everywhere, B=Everywhere]|nodeId=27881|walaSynthetic=false|sentinelRole=NONE	DelegatingContext [A=Everywhere, B=Everywhere]	false	NONE	javax.crypto.CryptoPermission#impliesParameterSpec(ZLjava/security/spec/AlgorithmParameterSpec;)Z@JDK	javax.crypto.CryptoPermission	impliesParameterSpec	(ZLjava/security/spec/AlgorithmParameterSpec;)Z	JDK	5698	291	5698	4	com.sun.java.util.jar.pack.Attribute$Layout#equals(Ljava/lang/Object;)Z@JDK	com.sun.java.util.jar.pack.Attribute$Layout	equals	(Ljava/lang/Object;)Z	JDK	1	1	0	com.sun.java.util.jar.pack.Attribute$Layout#equals(Ljava/lang/Object;)Z@JDK|context=DelegatingContext [A=Everywhere, B=Everywhere]|nodeId=13758|walaSynthetic=false|sentinelRole=NONE				true	DECOMPILED	9fd5eb4cfd05998825bfe8869d2221eb3ee2ee4ab5d69273f3562227c9f79836	AVAILABLE	5eacc91fe3a2a0e5a4b4185ecb5d9cdd558a42575f2c9f255e9cdb3c95647a06
rta	ONE_FLOW_TO_CASTS_APPLICATION_GET_METHOD	com.acme.benchmark:impact-medium-app:jar@	CALLER	RELATED_IMETHOD	10	27881	javax.crypto.CryptoPermission#impliesParameterSpec(ZLjava/security/spec/AlgorithmParameterSpec;)Z@JDK|context=DelegatingContext [A=Everywhere, B=Everywhere]|nodeId=27881|walaSynthetic=false|sentinelRole=NONE	DelegatingContext [A=Everywhere, B=Everywhere]	false	NONE	javax.crypto.CryptoPermission#impliesParameterSpec(ZLjava/security/spec/AlgorithmParameterSpec;)Z@JDK	javax.crypto.CryptoPermission	impliesParameterSpec	(ZLjava/security/spec/AlgorithmParameterSpec;)Z	JDK	5698	291	5698	5	com.sun.java.util.jar.pack.ClassReader$2#equals(Ljava/lang/Object;)Z@JDK	com.sun.java.util.jar.pack.ClassReader$2	equals	(Ljava/lang/Object;)Z	JDK	1	1	0	com.sun.java.util.jar.pack.ClassReader$2#equals(Ljava/lang/Object;)Z@JDK|context=DelegatingContext [A=Everywhere, B=Everywhere]|nodeId=13759|walaSynthetic=false|sentinelRole=NONE				true	DECOMPILED	9fd5eb4cfd05998825bfe8869d2221eb3ee2ee4ab5d69273f3562227c9f79836	AVAILABLE	5eacc91fe3a2a0e5a4b4185ecb5d9cdd558a42575f2c9f255e9cdb3c95647a06
rta	ONE_FLOW_TO_CASTS_APPLICATION_GET_METHOD	com.acme.benchmark:impact-medium-app:jar@	CALLER	RELATED_IMETHOD	10	27881	javax.crypto.CryptoPermission#impliesParameterSpec(ZLjava/security/spec/AlgorithmParameterSpec;)Z@JDK|context=DelegatingContext [A=Everywhere, B=Everywhere]|nodeId=27881|walaSynthetic=false|sentinelRole=NONE	DelegatingContext [A=Everywhere, B=Everywhere]	false	NONE	javax.crypto.CryptoPermission#impliesParameterSpec(ZLjava/security/spec/AlgorithmParameterSpec;)Z@JDK	javax.crypto.CryptoPermission	impliesParameterSpec	(ZLjava/security/spec/AlgorithmParameterSpec;)Z	JDK	5698	291	5698	6	com.sun.java.util.jar.pack.ClassReader$UnresolvedEntry#equals(Ljava/lang/Object;)Z@JDK	com.sun.java.util.jar.pack.ClassReader$UnresolvedEntry	equals	(Ljava/lang/Object;)Z	JDK	1	1	0	com.sun.java.util.jar.pack.ClassReader$UnresolvedEntry#equals(Ljava/lang/Object;)Z@JDK|context=DelegatingContext [A=Everywhere, B=Everywhere]|nodeId=13760|walaSynthetic=false|sentinelRole=NONE				true	DECOMPILED	9fd5eb4cfd05998825bfe8869d2221eb3ee2ee4ab5d69273f3562227c9f79836	AVAILABLE	5eacc91fe3a2a0e5a4b4185ecb5d9cdd558a42575f2c9f255e9cdb3c95647a06
rta	ONE_FLOW_TO_CASTS_APPLICATION_GET_METHOD	com.acme.benchmark:impact-medium-app:jar@	CALLER	RELATED_IMETHOD	10	27881	javax.crypto.CryptoPermission#impliesParameterSpec(ZLjava/security/spec/AlgorithmParameterSpec;)Z@JDK|context=DelegatingContext [A=Everywhere, B=Everywhere]|nodeId=27881|walaSynthetic=false|sentinelRole=NONE	DelegatingContext [A=Everywhere, B=Everywhere]	false	NONE	javax.crypto.CryptoPermission#impliesParameterSpec(ZLjava/security/spec/AlgorithmParameterSpec;)Z@JDK	javax.crypto.CryptoPermission	impliesParameterSpec	(ZLjava/security/spec/AlgorithmParameterSpec;)Z	JDK	5698	291	5698	7	com.sun.java.util.jar.pack.Coding#equals(Ljava/lang/Object;)Z@JDK	com.sun.java.util.jar.pack.Coding	equals	(Ljava/lang/Object;)Z	JDK	1	1	0	com.sun.java.util.jar.pack.Coding#equals(Ljava/lang/Object;)Z@JDK|context=DelegatingContext [A=Everywhere, B=Everywhere]|nodeId=13761|walaSynthetic=false|sentinelRole=NONE				true	DECOMPILED	9fd5eb4cfd05998825bfe8869d2221eb3ee2ee4ab5d69273f3562227c9f79836	AVAILABLE	5eacc91fe3a2a0e5a4b4185ecb5d9cdd558a42575f2c9f255e9cdb3c95647a06
rta	ONE_FLOW_TO_CASTS_APPLICATION_GET_METHOD	com.acme.benchmark:impact-medium-app:jar@	CALLER	RELATED_IMETHOD	10	27881	javax.crypto.CryptoPermission#impliesParameterSpec(ZLjava/security/spec/AlgorithmParameterSpec;)Z@JDK|context=DelegatingContext [A=Everywhere, B=Everywhere]|nodeId=27881|walaSynthetic=false|sentinelRole=NONE	DelegatingContext [A=Everywhere, B=Everywhere]	false	NONE	javax.crypto.CryptoPermission#impliesParameterSpec(ZLjava/security/spec/AlgorithmParameterSpec;)Z@JDK	javax.crypto.CryptoPermission	impliesParameterSpec	(ZLjava/security/spec/AlgorithmParameterSpec;)Z	JDK	5698	291	5698	8	com.sun.java.util.jar.pack.ConstantPool$BootstrapMethodEntry#equals(Ljava/lang/Object;)Z@JDK	com.sun.java.util.jar.pack.ConstantPool$BootstrapMethodEntry	equals	(Ljava/lang/Object;)Z	JDK	1	1	0	com.sun.java.util.jar.pack.ConstantPool$BootstrapMethodEntry#equals(Ljava/lang/Object;)Z@JDK|context=DelegatingContext [A=Everywhere, B=Everywhere]|nodeId=13762|walaSynthetic=false|sentinelRole=NONE				true	DECOMPILED	9fd5eb4cfd05998825bfe8869d2221eb3ee2ee4ab5d69273f3562227c9f79836	AVAILABLE	5eacc91fe3a2a0e5a4b4185ecb5d9cdd558a42575f2c9f255e9cdb3c95647a06
rta	ONE_FLOW_TO_CASTS_APPLICATION_GET_METHOD	com.acme.benchmark:impact-medium-app:jar@	CALLER	RELATED_IMETHOD	10	27881	javax.crypto.CryptoPermission#impliesParameterSpec(ZLjava/security/spec/AlgorithmParameterSpec;)Z@JDK|context=DelegatingContext [A=Everywhere, B=Everywhere]|nodeId=27881|walaSynthetic=false|sentinelRole=NONE	DelegatingContext [A=Everywhere, B=Everywhere]	false	NONE	javax.crypto.CryptoPermission#impliesParameterSpec(ZLjava/security/spec/AlgorithmParameterSpec;)Z@JDK	javax.crypto.CryptoPermission	impliesParameterSpec	(ZLjava/security/spec/AlgorithmParameterSpec;)Z	JDK	5698	291	5698	9	com.sun.java.util.jar.pack.ConstantPool$ClassEntry#equals(Ljava/lang/Object;)Z@JDK	com.sun.java.util.jar.pack.ConstantPool$ClassEntry	equals	(Ljava/lang/Object;)Z	JDK	1	1	0	com.sun.java.util.jar.pack.ConstantPool$ClassEntry#equals(Ljava/lang/Object;)Z@JDK|context=DelegatingContext [A=Everywhere, B=Everywhere]|nodeId=13763|walaSynthetic=false|sentinelRole=NONE				true	DECOMPILED	9fd5eb4cfd05998825bfe8869d2221eb3ee2ee4ab5d69273f3562227c9f79836	AVAILABLE	5eacc91fe3a2a0e5a4b4185ecb5d9cdd558a42575f2c9f255e9cdb3c95647a06
rta	ONE_FLOW_TO_CASTS_APPLICATION_GET_METHOD	com.acme.benchmark:impact-medium-app:jar@	CALLER	RELATED_IMETHOD	10	27881	javax.crypto.CryptoPermission#impliesParameterSpec(ZLjava/security/spec/AlgorithmParameterSpec;)Z@JDK|context=DelegatingContext [A=Everywhere, B=Everywhere]|nodeId=27881|walaSynthetic=false|sentinelRole=NONE	DelegatingContext [A=Everywhere, B=Everywhere]	false	NONE	javax.crypto.CryptoPermission#impliesParameterSpec(ZLjava/security/spec/AlgorithmParameterSpec;)Z@JDK	javax.crypto.CryptoPermission	impliesParameterSpec	(ZLjava/security/spec/AlgorithmParameterSpec;)Z	JDK	5698	291	5698	10	com.sun.java.util.jar.pack.ConstantPool$DescriptorEntry#equals(Ljava/lang/Object;)Z@JDK	com.sun.java.util.jar.pack.ConstantPool$DescriptorEntry	equals	(Ljava/lang/Object;)Z	JDK	1	1	0	com.sun.java.util.jar.pack.ConstantPool$DescriptorEntry#equals(Ljava/lang/Object;)Z@JDK|context=DelegatingContext [A=Everywhere, B=Everywhere]|nodeId=13764|walaSynthetic=false|sentinelRole=NONE				true	DECOMPILED	9fd5eb4cfd05998825bfe8869d2221eb3ee2ee4ab5d69273f3562227c9f79836	AVAILABLE	5eacc91fe3a2a0e5a4b4185ecb5d9cdd558a42575f2c9f255e9cdb3c95647a06
rta	ONE_FLOW_TO_CASTS_APPLICATION_GET_METHOD	com.acme.benchmark:impact-medium-app:jar@	CALLER	REACHABILITY_PATH	10	27881	javax.crypto.CryptoPermission#impliesParameterSpec(ZLjava/security/spec/AlgorithmParameterSpec;)Z@JDK|context=DelegatingContext [A=Everywhere, B=Everywhere]|nodeId=27881|walaSynthetic=false|sentinelRole=NONE	DelegatingContext [A=Everywhere, B=Everywhere]	false	NONE	javax.crypto.CryptoPermission#impliesParameterSpec(ZLjava/security/spec/AlgorithmParameterSpec;)Z@JDK	javax.crypto.CryptoPermission	impliesParameterSpec	(ZLjava/security/spec/AlgorithmParameterSpec;)Z	JDK	5698	291	5698											FAKE_ROOT	com.ibm.wala.FakeRootClass#fakeRootMethod()V@SYNTHETIC|context=Everywhere|nodeId=0|walaSynthetic=true|sentinelRole=FAKE_ROOT	[FAKE_ROOT] com.ibm.wala.FakeRootClass#fakeRootMethod()V@SYNTHETIC|context=Everywhere|nodeId=0|walaSynthetic=true|sentinelRole=FAKE_ROOT -> [FAKE_WORLD_CLINIT] com.ibm.wala.FakeRootClass#fakeWorldClinit()V@SYNTHETIC|context=Everywhere|nodeId=1|walaSynthetic=true|sentinelRole=FAKE_WORLD_CLINIT -> javax.crypto.JceSecurity#<clinit>()V@JDK|context=Everywhere|nodeId=9556|walaSynthetic=false|sentinelRole=NONE -> javax.crypto.CryptoPermissions#implies(Ljava/security/Permission;)Z@JDK|context=DelegatingContext [A=Everywhere, B=Everywhere]|nodeId=13677|walaSynthetic=false|sentinelRole=NONE -> com.sun.rmi.rmid.ExecOptionPermission$ExecOptionPermissionCollection#implies(Ljava/security/Permission;)Z@JDK|context=DelegatingContext [A=Everywhere, B=Everywhere]|nodeId=14501|walaSynthetic=false|sentinelRole=NONE -> javax.crypto.CryptoPermission#implies(Ljava/security/Permission;)Z@JDK|context=DelegatingContext [A=Everywhere, B=Everywhere]|nodeId=27426|walaSynthetic=false|sentinelRole=NONE -> javax.crypto.CryptoPermission#impliesParameterSpec(ZLjava/security/spec/AlgorithmParameterSpec;)Z@JDK|context=DelegatingContext [A=Everywhere, B=Everywhere]|nodeId=27881|walaSynthetic=false|sentinelRole=NONE	true	DECOMPILED	9fd5eb4cfd05998825bfe8869d2221eb3ee2ee4ab5d69273f3562227c9f79836	AVAILABLE	5eacc91fe3a2a0e5a4b4185ecb5d9cdd558a42575f2c9f255e9cdb3c95647a06
rta	ONE_FLOW_TO_CASTS_APPLICATION_GET_METHOD	com.acme.benchmark:impact-medium-app:jar@	CALLER	REACHABILITY_PATH	10	27881	javax.crypto.CryptoPermission#impliesParameterSpec(ZLjava/security/spec/AlgorithmParameterSpec;)Z@JDK|context=DelegatingContext [A=Everywhere, B=Everywhere]|nodeId=27881|walaSynthetic=false|sentinelRole=NONE	DelegatingContext [A=Everywhere, B=Everywhere]	false	NONE	javax.crypto.CryptoPermission#impliesParameterSpec(ZLjava/security/spec/AlgorithmParameterSpec;)Z@JDK	javax.crypto.CryptoPermission	impliesParameterSpec	(ZLjava/security/spec/AlgorithmParameterSpec;)Z	JDK	5698	291	5698											FAKE_WORLD_CLINIT	com.ibm.wala.FakeRootClass#fakeWorldClinit()V@SYNTHETIC|context=Everywhere|nodeId=1|walaSynthetic=true|sentinelRole=FAKE_WORLD_CLINIT	[FAKE_WORLD_CLINIT] com.ibm.wala.FakeRootClass#fakeWorldClinit()V@SYNTHETIC|context=Everywhere|nodeId=1|walaSynthetic=true|sentinelRole=FAKE_WORLD_CLINIT -> javax.crypto.JceSecurity#<clinit>()V@JDK|context=Everywhere|nodeId=9556|walaSynthetic=false|sentinelRole=NONE -> javax.crypto.CryptoPermissions#implies(Ljava/security/Permission;)Z@JDK|context=DelegatingContext [A=Everywhere, B=Everywhere]|nodeId=13677|walaSynthetic=false|sentinelRole=NONE -> com.sun.rmi.rmid.ExecOptionPermission$ExecOptionPermissionCollection#implies(Ljava/security/Permission;)Z@JDK|context=DelegatingContext [A=Everywhere, B=Everywhere]|nodeId=14501|walaSynthetic=false|sentinelRole=NONE -> javax.crypto.CryptoPermission#implies(Ljava/security/Permission;)Z@JDK|context=DelegatingContext [A=Everywhere, B=Everywhere]|nodeId=27426|walaSynthetic=false|sentinelRole=NONE -> javax.crypto.CryptoPermission#impliesParameterSpec(ZLjava/security/spec/AlgorithmParameterSpec;)Z@JDK|context=DelegatingContext [A=Everywhere, B=Everywhere]|nodeId=27881|walaSynthetic=false|sentinelRole=NONE	true	DECOMPILED	9fd5eb4cfd05998825bfe8869d2221eb3ee2ee4ab5d69273f3562227c9f79836	AVAILABLE	5eacc91fe3a2a0e5a4b4185ecb5d9cdd558a42575f2c9f255e9cdb3c95647a06
rta	ONE_FLOW_TO_CASTS_APPLICATION_GET_METHOD	com.acme.benchmark:impact-medium-app:jar@	CALLEE	RANKED_CGNODE	1	17	java.lang.Object#<init>()V@JDK|context=DelegatingContext [A=Everywhere, B=Everywhere]|nodeId=17|walaSynthetic=false|sentinelRole=NONE	DelegatingContext [A=Everywhere, B=Everywhere]	false	NONE	java.lang.Object#<init>()V@JDK	java.lang.Object	<init>	()V	JDK	1556	1555	1556														false	DECOMPILED	7bba52985f2ab21a1318c6746875d79d0eb89ec487321971902c9e6b27ac4170	AVAILABLE	50f2ffa80a1eafa8c60e708ef31663bf8f2e1468a5604ee6f54f58d9bd468cd4
rta	ONE_FLOW_TO_CASTS_APPLICATION_GET_METHOD	com.acme.benchmark:impact-medium-app:jar@	CALLEE	RELATED_IMETHOD	1	17	java.lang.Object#<init>()V@JDK|context=DelegatingContext [A=Everywhere, B=Everywhere]|nodeId=17|walaSynthetic=false|sentinelRole=NONE	DelegatingContext [A=Everywhere, B=Everywhere]	false	NONE	java.lang.Object#<init>()V@JDK	java.lang.Object	<init>	()V	JDK	1556	1555	1556	1	java.lang.Class#newInstance()Ljava/lang/Object;@JDK	java.lang.Class	newInstance	()Ljava/lang/Object;	JDK	2	2	0	java.lang.Class#newInstance()Ljava/lang/Object;@JDK|context=DelegatingContext [A=DelegatingContext [A=CallStringContext: [ sun.nio.cs.FastCharsetProvider.lookup(Ljava/lang/String;)Ljava/nio/charset/Charset;@125 ], B=Everywhere], B=DelegatingContext [A=CallStringContext: [ sun.nio.cs.FastCharsetProvider.lookup(Ljava/lang/String;)Ljava/nio/charset/Charset;@125 ], B=Everywhere]]|nodeId=1304|walaSynthetic=true|sentinelRole=NONE || java.lang.Class#newInstance()Ljava/lang/Object;@JDK|context=DelegatingContext [A=DelegatingContext [A=CallStringContext: [ java.util.ServiceLoader$LazyIterator.nextService()Ljava/lang/Object;@119 ], B=Everywhere], B=DelegatingContext [A=CallStringContext: [ java.util.ServiceLoader$LazyIterator.nextService()Ljava/lang/Object;@119 ], B=Everywhere]]|nodeId=2567|walaSynthetic=true|sentinelRole=NONE				false	DECOMPILED	7bba52985f2ab21a1318c6746875d79d0eb89ec487321971902c9e6b27ac4170	AVAILABLE	50f2ffa80a1eafa8c60e708ef31663bf8f2e1468a5604ee6f54f58d9bd468cd4
rta	ONE_FLOW_TO_CASTS_APPLICATION_GET_METHOD	com.acme.benchmark:impact-medium-app:jar@	CALLEE	RELATED_IMETHOD	1	17	java.lang.Object#<init>()V@JDK|context=DelegatingContext [A=Everywhere, B=Everywhere]|nodeId=17|walaSynthetic=false|sentinelRole=NONE	DelegatingContext [A=Everywhere, B=Everywhere]	false	NONE	java.lang.Object#<init>()V@JDK	java.lang.Object	<init>	()V	JDK	1556	1555	1556	2	apple.security.AppleProvider$1#<init>(Lapple/security/AppleProvider;)V@JDK	apple.security.AppleProvider$1	<init>	(Lapple/security/AppleProvider;)V	JDK	1	1	0	apple.security.AppleProvider$1#<init>(Lapple/security/AppleProvider;)V@JDK|context=DelegatingContext [A=Everywhere, B=Everywhere]|nodeId=8935|walaSynthetic=false|sentinelRole=NONE				false	DECOMPILED	7bba52985f2ab21a1318c6746875d79d0eb89ec487321971902c9e6b27ac4170	AVAILABLE	50f2ffa80a1eafa8c60e708ef31663bf8f2e1468a5604ee6f54f58d9bd468cd4
rta	ONE_FLOW_TO_CASTS_APPLICATION_GET_METHOD	com.acme.benchmark:impact-medium-app:jar@	CALLEE	RELATED_IMETHOD	1	17	java.lang.Object#<init>()V@JDK|context=DelegatingContext [A=Everywhere, B=Everywhere]|nodeId=17|walaSynthetic=false|sentinelRole=NONE	DelegatingContext [A=Everywhere, B=Everywhere]	false	NONE	java.lang.Object#<init>()V@JDK	java.lang.Object	<init>	()V	JDK	1556	1555	1556	3	com.acme.benchmark.BodyChangeUseCase#<init>()V@PROJECT	com.acme.benchmark.BodyChangeUseCase	<init>	()V	PROJECT	1	1	0	com.acme.benchmark.BodyChangeUseCase#<init>()V@PROJECT|context=DelegatingContext [A=Everywhere, B=Everywhere]|nodeId=4|walaSynthetic=false|sentinelRole=NONE				false	DECOMPILED	7bba52985f2ab21a1318c6746875d79d0eb89ec487321971902c9e6b27ac4170	AVAILABLE	50f2ffa80a1eafa8c60e708ef31663bf8f2e1468a5604ee6f54f58d9bd468cd4
rta	ONE_FLOW_TO_CASTS_APPLICATION_GET_METHOD	com.acme.benchmark:impact-medium-app:jar@	CALLEE	RELATED_IMETHOD	1	17	java.lang.Object#<init>()V@JDK|context=DelegatingContext [A=Everywhere, B=Everywhere]|nodeId=17|walaSynthetic=false|sentinelRole=NONE	DelegatingContext [A=Everywhere, B=Everywhere]	false	NONE	java.lang.Object#<init>()V@JDK	java.lang.Object	<init>	()V	JDK	1556	1555	1556	4	com.acme.benchmark.DescriptorChangeUseCase#<init>()V@PROJECT	com.acme.benchmark.DescriptorChangeUseCase	<init>	()V	PROJECT	1	1	0	com.acme.benchmark.DescriptorChangeUseCase#<init>()V@PROJECT|context=DelegatingContext [A=Everywhere, B=Everywhere]|nodeId=6|walaSynthetic=false|sentinelRole=NONE				false	DECOMPILED	7bba52985f2ab21a1318c6746875d79d0eb89ec487321971902c9e6b27ac4170	AVAILABLE	50f2ffa80a1eafa8c60e708ef31663bf8f2e1468a5604ee6f54f58d9bd468cd4
rta	ONE_FLOW_TO_CASTS_APPLICATION_GET_METHOD	com.acme.benchmark:impact-medium-app:jar@	CALLEE	RELATED_IMETHOD	1	17	java.lang.Object#<init>()V@JDK|context=DelegatingContext [A=Everywhere, B=Everywhere]|nodeId=17|walaSynthetic=false|sentinelRole=NONE	DelegatingContext [A=Everywhere, B=Everywhere]	false	NONE	java.lang.Object#<init>()V@JDK	java.lang.Object	<init>	()V	JDK	1556	1555	1556	5	com.acme.benchmark.FieldDescriptorUseCase#<init>()V@PROJECT	com.acme.benchmark.FieldDescriptorUseCase	<init>	()V	PROJECT	1	1	0	com.acme.benchmark.FieldDescriptorUseCase#<init>()V@PROJECT|context=DelegatingContext [A=Everywhere, B=Everywhere]|nodeId=8|walaSynthetic=false|sentinelRole=NONE				false	DECOMPILED	7bba52985f2ab21a1318c6746875d79d0eb89ec487321971902c9e6b27ac4170	AVAILABLE	50f2ffa80a1eafa8c60e708ef31663bf8f2e1468a5604ee6f54f58d9bd468cd4
rta	ONE_FLOW_TO_CASTS_APPLICATION_GET_METHOD	com.acme.benchmark:impact-medium-app:jar@	CALLEE	RELATED_IMETHOD	1	17	java.lang.Object#<init>()V@JDK|context=DelegatingContext [A=Everywhere, B=Everywhere]|nodeId=17|walaSynthetic=false|sentinelRole=NONE	DelegatingContext [A=Everywhere, B=Everywhere]	false	NONE	java.lang.Object#<init>()V@JDK	java.lang.Object	<init>	()V	JDK	1556	1555	1556	6	com.acme.benchmark.RemovedClassUseCase#<init>()V@PROJECT	com.acme.benchmark.RemovedClassUseCase	<init>	()V	PROJECT	1	1	0	com.acme.benchmark.RemovedClassUseCase#<init>()V@PROJECT|context=DelegatingContext [A=Everywhere, B=Everywhere]|nodeId=11|walaSynthetic=false|sentinelRole=NONE				false	DECOMPILED	7bba52985f2ab21a1318c6746875d79d0eb89ec487321971902c9e6b27ac4170	AVAILABLE	50f2ffa80a1eafa8c60e708ef31663bf8f2e1468a5604ee6f54f58d9bd468cd4
rta	ONE_FLOW_TO_CASTS_APPLICATION_GET_METHOD	com.acme.benchmark:impact-medium-app:jar@	CALLEE	RELATED_IMETHOD	1	17	java.lang.Object#<init>()V@JDK|context=DelegatingContext [A=Everywhere, B=Everywhere]|nodeId=17|walaSynthetic=false|sentinelRole=NONE	DelegatingContext [A=Everywhere, B=Everywhere]	false	NONE	java.lang.Object#<init>()V@JDK	java.lang.Object	<init>	()V	JDK	1556	1555	1556	7	com.acme.benchmark.RemovedFieldUseCase#<init>()V@PROJECT	com.acme.benchmark.RemovedFieldUseCase	<init>	()V	PROJECT	1	1	0	com.acme.benchmark.RemovedFieldUseCase#<init>()V@PROJECT|context=DelegatingContext [A=Everywhere, B=Everywhere]|nodeId=13|walaSynthetic=false|sentinelRole=NONE				false	DECOMPILED	7bba52985f2ab21a1318c6746875d79d0eb89ec487321971902c9e6b27ac4170	AVAILABLE	50f2ffa80a1eafa8c60e708ef31663bf8f2e1468a5604ee6f54f58d9bd468cd4
rta	ONE_FLOW_TO_CASTS_APPLICATION_GET_METHOD	com.acme.benchmark:impact-medium-app:jar@	CALLEE	RELATED_IMETHOD	1	17	java.lang.Object#<init>()V@JDK|context=DelegatingContext [A=Everywhere, B=Everywhere]|nodeId=17|walaSynthetic=false|sentinelRole=NONE	DelegatingContext [A=Everywhere, B=Everywhere]	false	NONE	java.lang.Object#<init>()V@JDK	java.lang.Object	<init>	()V	JDK	1556	1555	1556	8	com.acme.benchmark.RemovedMethodUseCase#<init>()V@PROJECT	com.acme.benchmark.RemovedMethodUseCase	<init>	()V	PROJECT	1	1	0	com.acme.benchmark.RemovedMethodUseCase#<init>()V@PROJECT|context=DelegatingContext [A=Everywhere, B=Everywhere]|nodeId=15|walaSynthetic=false|sentinelRole=NONE				false	DECOMPILED	7bba52985f2ab21a1318c6746875d79d0eb89ec487321971902c9e6b27ac4170	AVAILABLE	50f2ffa80a1eafa8c60e708ef31663bf8f2e1468a5604ee6f54f58d9bd468cd4
rta	ONE_FLOW_TO_CASTS_APPLICATION_GET_METHOD	com.acme.benchmark:impact-medium-app:jar@	CALLEE	RELATED_IMETHOD	1	17	java.lang.Object#<init>()V@JDK|context=DelegatingContext [A=Everywhere, B=Everywhere]|nodeId=17|walaSynthetic=false|sentinelRole=NONE	DelegatingContext [A=Everywhere, B=Everywhere]	false	NONE	java.lang.Object#<init>()V@JDK	java.lang.Object	<init>	()V	JDK	1556	1555	1556	9	com.acme.impact.api.ScenarioApi#<init>()V@DEPENDENCY	com.acme.impact.api.ScenarioApi	<init>	()V	DEPENDENCY	1	1	0	com.acme.impact.api.ScenarioApi#<init>()V@DEPENDENCY|context=DelegatingContext [A=Everywhere, B=Everywhere]|nodeId=31|walaSynthetic=false|sentinelRole=NONE				false	DECOMPILED	7bba52985f2ab21a1318c6746875d79d0eb89ec487321971902c9e6b27ac4170	AVAILABLE	50f2ffa80a1eafa8c60e708ef31663bf8f2e1468a5604ee6f54f58d9bd468cd4
rta	ONE_FLOW_TO_CASTS_APPLICATION_GET_METHOD	com.acme.benchmark:impact-medium-app:jar@	CALLEE	RELATED_IMETHOD	1	17	java.lang.Object#<init>()V@JDK|context=DelegatingContext [A=Everywhere, B=Everywhere]|nodeId=17|walaSynthetic=false|sentinelRole=NONE	DelegatingContext [A=Everywhere, B=Everywhere]	false	NONE	java.lang.Object#<init>()V@JDK	java.lang.Object	<init>	()V	JDK	1556	1555	1556	10	com.acme.impact.bridge.LegacyImpactBridge#<init>()V@DEPENDENCY	com.acme.impact.bridge.LegacyImpactBridge	<init>	()V	DEPENDENCY	1	1	0	com.acme.impact.bridge.LegacyImpactBridge#<init>()V@DEPENDENCY|context=DelegatingContext [A=Everywhere, B=Everywhere]|nodeId=33|walaSynthetic=false|sentinelRole=NONE				false	DECOMPILED	7bba52985f2ab21a1318c6746875d79d0eb89ec487321971902c9e6b27ac4170	AVAILABLE	50f2ffa80a1eafa8c60e708ef31663bf8f2e1468a5604ee6f54f58d9bd468cd4
rta	ONE_FLOW_TO_CASTS_APPLICATION_GET_METHOD	com.acme.benchmark:impact-medium-app:jar@	CALLEE	REACHABILITY_PATH	1	17	java.lang.Object#<init>()V@JDK|context=DelegatingContext [A=Everywhere, B=Everywhere]|nodeId=17|walaSynthetic=false|sentinelRole=NONE	DelegatingContext [A=Everywhere, B=Everywhere]	false	NONE	java.lang.Object#<init>()V@JDK	java.lang.Object	<init>	()V	JDK	1556	1555	1556											DECLARED_ENTRYPOINT	com.acme.benchmark.BodyChangeUseCase#<init>()V@PROJECT|context=DelegatingContext [A=Everywhere, B=Everywhere]|nodeId=4|walaSynthetic=false|sentinelRole=NONE	com.acme.benchmark.BodyChangeUseCase#<init>()V@PROJECT|context=DelegatingContext [A=Everywhere, B=Everywhere]|nodeId=4|walaSynthetic=false|sentinelRole=NONE -> java.lang.Object#<init>()V@JDK|context=DelegatingContext [A=Everywhere, B=Everywhere]|nodeId=17|walaSynthetic=false|sentinelRole=NONE	false	DECOMPILED	7bba52985f2ab21a1318c6746875d79d0eb89ec487321971902c9e6b27ac4170	AVAILABLE	50f2ffa80a1eafa8c60e708ef31663bf8f2e1468a5604ee6f54f58d9bd468cd4
rta	ONE_FLOW_TO_CASTS_APPLICATION_GET_METHOD	com.acme.benchmark:impact-medium-app:jar@	CALLEE	REACHABILITY_PATH	1	17	java.lang.Object#<init>()V@JDK|context=DelegatingContext [A=Everywhere, B=Everywhere]|nodeId=17|walaSynthetic=false|sentinelRole=NONE	DelegatingContext [A=Everywhere, B=Everywhere]	false	NONE	java.lang.Object#<init>()V@JDK	java.lang.Object	<init>	()V	JDK	1556	1555	1556											DECLARED_ENTRYPOINT	com.acme.benchmark.BodyChangeUseCase#execute()I@PROJECT|context=DelegatingContext [A=Everywhere, B=Everywhere]|nodeId=5|walaSynthetic=false|sentinelRole=NONE	com.acme.benchmark.BodyChangeUseCase#execute()I@PROJECT|context=DelegatingContext [A=Everywhere, B=Everywhere]|nodeId=5|walaSynthetic=false|sentinelRole=NONE -> com.acme.impact.api.ScenarioApi#<init>()V@DEPENDENCY|context=DelegatingContext [A=Everywhere, B=Everywhere]|nodeId=31|walaSynthetic=false|sentinelRole=NONE -> java.lang.Object#<init>()V@JDK|context=DelegatingContext [A=Everywhere, B=Everywhere]|nodeId=17|walaSynthetic=false|sentinelRole=NONE	false	DECOMPILED	7bba52985f2ab21a1318c6746875d79d0eb89ec487321971902c9e6b27ac4170	AVAILABLE	50f2ffa80a1eafa8c60e708ef31663bf8f2e1468a5604ee6f54f58d9bd468cd4
rta	ONE_FLOW_TO_CASTS_APPLICATION_GET_METHOD	com.acme.benchmark:impact-medium-app:jar@	CALLEE	REACHABILITY_PATH	1	17	java.lang.Object#<init>()V@JDK|context=DelegatingContext [A=Everywhere, B=Everywhere]|nodeId=17|walaSynthetic=false|sentinelRole=NONE	DelegatingContext [A=Everywhere, B=Everywhere]	false	NONE	java.lang.Object#<init>()V@JDK	java.lang.Object	<init>	()V	JDK	1556	1555	1556											DECLARED_ENTRYPOINT	com.acme.benchmark.DescriptorChangeUseCase#<init>()V@PROJECT|context=DelegatingContext [A=Everywhere, B=Everywhere]|nodeId=6|walaSynthetic=false|sentinelRole=NONE	com.acme.benchmark.DescriptorChangeUseCase#<init>()V@PROJECT|context=DelegatingContext [A=Everywhere, B=Everywhere]|nodeId=6|walaSynthetic=false|sentinelRole=NONE -> java.lang.Object#<init>()V@JDK|context=DelegatingContext [A=Everywhere, B=Everywhere]|nodeId=17|walaSynthetic=false|sentinelRole=NONE	false	DECOMPILED	7bba52985f2ab21a1318c6746875d79d0eb89ec487321971902c9e6b27ac4170	AVAILABLE	50f2ffa80a1eafa8c60e708ef31663bf8f2e1468a5604ee6f54f58d9bd468cd4
rta	ONE_FLOW_TO_CASTS_APPLICATION_GET_METHOD	com.acme.benchmark:impact-medium-app:jar@	CALLEE	REACHABILITY_PATH	1	17	java.lang.Object#<init>()V@JDK|context=DelegatingContext [A=Everywhere, B=Everywhere]|nodeId=17|walaSynthetic=false|sentinelRole=NONE	DelegatingContext [A=Everywhere, B=Everywhere]	false	NONE	java.lang.Object#<init>()V@JDK	java.lang.Object	<init>	()V	JDK	1556	1555	1556											DECLARED_ENTRYPOINT	com.acme.benchmark.DescriptorChangeUseCase#executeOldDescriptor()Ljava/lang/String;@PROJECT|context=DelegatingContext [A=Everywhere, B=Everywhere]|nodeId=7|walaSynthetic=false|sentinelRole=NONE	com.acme.benchmark.DescriptorChangeUseCase#executeOldDescriptor()Ljava/lang/String;@PROJECT|context=DelegatingContext [A=Everywhere, B=Everywhere]|nodeId=7|walaSynthetic=false|sentinelRole=NONE -> com.acme.impact.bridge.LegacyImpactBridge#<init>()V@DEPENDENCY|context=DelegatingContext [A=Everywhere, B=Everywhere]|nodeId=33|walaSynthetic=false|sentinelRole=NONE -> java.lang.Object#<init>()V@JDK|context=DelegatingContext [A=Everywhere, B=Everywhere]|nodeId=17|walaSynthetic=false|sentinelRole=NONE	false	DECOMPILED	7bba52985f2ab21a1318c6746875d79d0eb89ec487321971902c9e6b27ac4170	AVAILABLE	50f2ffa80a1eafa8c60e708ef31663bf8f2e1468a5604ee6f54f58d9bd468cd4
rta	ONE_FLOW_TO_CASTS_APPLICATION_GET_METHOD	com.acme.benchmark:impact-medium-app:jar@	CALLEE	REACHABILITY_PATH	1	17	java.lang.Object#<init>()V@JDK|context=DelegatingContext [A=Everywhere, B=Everywhere]|nodeId=17|walaSynthetic=false|sentinelRole=NONE	DelegatingContext [A=Everywhere, B=Everywhere]	false	NONE	java.lang.Object#<init>()V@JDK	java.lang.Object	<init>	()V	JDK	1556	1555	1556											DECLARED_ENTRYPOINT	com.acme.benchmark.FieldDescriptorUseCase#<init>()V@PROJECT|context=DelegatingContext [A=Everywhere, B=Everywhere]|nodeId=8|walaSynthetic=false|sentinelRole=NONE	com.acme.benchmark.FieldDescriptorUseCase#<init>()V@PROJECT|context=DelegatingContext [A=Everywhere, B=Everywhere]|nodeId=8|walaSynthetic=false|sentinelRole=NONE -> java.lang.Object#<init>()V@JDK|context=DelegatingContext [A=Everywhere, B=Everywhere]|nodeId=17|walaSynthetic=false|sentinelRole=NONE	false	DECOMPILED	7bba52985f2ab21a1318c6746875d79d0eb89ec487321971902c9e6b27ac4170	AVAILABLE	50f2ffa80a1eafa8c60e708ef31663bf8f2e1468a5604ee6f54f58d9bd468cd4
rta	ONE_FLOW_TO_CASTS_APPLICATION_GET_METHOD	com.acme.benchmark:impact-medium-app:jar@	CALLEE	REACHABILITY_PATH	1	17	java.lang.Object#<init>()V@JDK|context=DelegatingContext [A=Everywhere, B=Everywhere]|nodeId=17|walaSynthetic=false|sentinelRole=NONE	DelegatingContext [A=Everywhere, B=Everywhere]	false	NONE	java.lang.Object#<init>()V@JDK	java.lang.Object	<init>	()V	JDK	1556	1555	1556											DECLARED_ENTRYPOINT	com.acme.benchmark.FieldDescriptorUseCase#executeNewDescriptor()I@PROJECT|context=DelegatingContext [A=Everywhere, B=Everywhere]|nodeId=9|walaSynthetic=false|sentinelRole=NONE	com.acme.benchmark.FieldDescriptorUseCase#executeNewDescriptor()I@PROJECT|context=DelegatingContext [A=Everywhere, B=Everywhere]|nodeId=9|walaSynthetic=false|sentinelRole=NONE -> com.acme.impact.api.ScenarioApi#<init>()V@DEPENDENCY|context=DelegatingContext [A=Everywhere, B=Everywhere]|nodeId=31|walaSynthetic=false|sentinelRole=NONE -> java.lang.Object#<init>()V@JDK|context=DelegatingContext [A=Everywhere, B=Everywhere]|nodeId=17|walaSynthetic=false|sentinelRole=NONE	false	DECOMPILED	7bba52985f2ab21a1318c6746875d79d0eb89ec487321971902c9e6b27ac4170	AVAILABLE	50f2ffa80a1eafa8c60e708ef31663bf8f2e1468a5604ee6f54f58d9bd468cd4
rta	ONE_FLOW_TO_CASTS_APPLICATION_GET_METHOD	com.acme.benchmark:impact-medium-app:jar@	CALLEE	REACHABILITY_PATH	1	17	java.lang.Object#<init>()V@JDK|context=DelegatingContext [A=Everywhere, B=Everywhere]|nodeId=17|walaSynthetic=false|sentinelRole=NONE	DelegatingContext [A=Everywhere, B=Everywhere]	false	NONE	java.lang.Object#<init>()V@JDK	java.lang.Object	<init>	()V	JDK	1556	1555	1556											DECLARED_ENTRYPOINT	com.acme.benchmark.FieldDescriptorUseCase#executeOldDescriptor()Ljava/lang/Object;@PROJECT|context=DelegatingContext [A=Everywhere, B=Everywhere]|nodeId=10|walaSynthetic=false|sentinelRole=NONE	com.acme.benchmark.FieldDescriptorUseCase#executeOldDescriptor()Ljava/lang/Object;@PROJECT|context=DelegatingContext [A=Everywhere, B=Everywhere]|nodeId=10|walaSynthetic=false|sentinelRole=NONE -> com.acme.impact.bridge.LegacyImpactBridge#<init>()V@DEPENDENCY|context=DelegatingContext [A=Everywhere, B=Everywhere]|nodeId=33|walaSynthetic=false|sentinelRole=NONE -> java.lang.Object#<init>()V@JDK|context=DelegatingContext [A=Everywhere, B=Everywhere]|nodeId=17|walaSynthetic=false|sentinelRole=NONE	false	DECOMPILED	7bba52985f2ab21a1318c6746875d79d0eb89ec487321971902c9e6b27ac4170	AVAILABLE	50f2ffa80a1eafa8c60e708ef31663bf8f2e1468a5604ee6f54f58d9bd468cd4
rta	ONE_FLOW_TO_CASTS_APPLICATION_GET_METHOD	com.acme.benchmark:impact-medium-app:jar@	CALLEE	REACHABILITY_PATH	1	17	java.lang.Object#<init>()V@JDK|context=DelegatingContext [A=Everywhere, B=Everywhere]|nodeId=17|walaSynthetic=false|sentinelRole=NONE	DelegatingContext [A=Everywhere, B=Everywhere]	false	NONE	java.lang.Object#<init>()V@JDK	java.lang.Object	<init>	()V	JDK	1556	1555	1556											DECLARED_ENTRYPOINT	com.acme.benchmark.RemovedClassUseCase#<init>()V@PROJECT|context=DelegatingContext [A=Everywhere, B=Everywhere]|nodeId=11|walaSynthetic=false|sentinelRole=NONE	com.acme.benchmark.RemovedClassUseCase#<init>()V@PROJECT|context=DelegatingContext [A=Everywhere, B=Everywhere]|nodeId=11|walaSynthetic=false|sentinelRole=NONE -> java.lang.Object#<init>()V@JDK|context=DelegatingContext [A=Everywhere, B=Everywhere]|nodeId=17|walaSynthetic=false|sentinelRole=NONE	false	DECOMPILED	7bba52985f2ab21a1318c6746875d79d0eb89ec487321971902c9e6b27ac4170	AVAILABLE	50f2ffa80a1eafa8c60e708ef31663bf8f2e1468a5604ee6f54f58d9bd468cd4
rta	ONE_FLOW_TO_CASTS_APPLICATION_GET_METHOD	com.acme.benchmark:impact-medium-app:jar@	CALLEE	REACHABILITY_PATH	1	17	java.lang.Object#<init>()V@JDK|context=DelegatingContext [A=Everywhere, B=Everywhere]|nodeId=17|walaSynthetic=false|sentinelRole=NONE	DelegatingContext [A=Everywhere, B=Everywhere]	false	NONE	java.lang.Object#<init>()V@JDK	java.lang.Object	<init>	()V	JDK	1556	1555	1556											DECLARED_ENTRYPOINT	com.acme.benchmark.RemovedClassUseCase#execute()Ljava/lang/Object;@PROJECT|context=DelegatingContext [A=Everywhere, B=Everywhere]|nodeId=12|walaSynthetic=false|sentinelRole=NONE	com.acme.benchmark.RemovedClassUseCase#execute()Ljava/lang/Object;@PROJECT|context=DelegatingContext [A=Everywhere, B=Everywhere]|nodeId=12|walaSynthetic=false|sentinelRole=NONE -> com.acme.impact.bridge.LegacyImpactBridge#<init>()V@DEPENDENCY|context=DelegatingContext [A=Everywhere, B=Everywhere]|nodeId=33|walaSynthetic=false|sentinelRole=NONE -> java.lang.Object#<init>()V@JDK|context=DelegatingContext [A=Everywhere, B=Everywhere]|nodeId=17|walaSynthetic=false|sentinelRole=NONE	false	DECOMPILED	7bba52985f2ab21a1318c6746875d79d0eb89ec487321971902c9e6b27ac4170	AVAILABLE	50f2ffa80a1eafa8c60e708ef31663bf8f2e1468a5604ee6f54f58d9bd468cd4
rta	ONE_FLOW_TO_CASTS_APPLICATION_GET_METHOD	com.acme.benchmark:impact-medium-app:jar@	CALLEE	REACHABILITY_PATH	1	17	java.lang.Object#<init>()V@JDK|context=DelegatingContext [A=Everywhere, B=Everywhere]|nodeId=17|walaSynthetic=false|sentinelRole=NONE	DelegatingContext [A=Everywhere, B=Everywhere]	false	NONE	java.lang.Object#<init>()V@JDK	java.lang.Object	<init>	()V	JDK	1556	1555	1556											DECLARED_ENTRYPOINT	com.acme.benchmark.RemovedFieldUseCase#<init>()V@PROJECT|context=DelegatingContext [A=Everywhere, B=Everywhere]|nodeId=13|walaSynthetic=false|sentinelRole=NONE	com.acme.benchmark.RemovedFieldUseCase#<init>()V@PROJECT|context=DelegatingContext [A=Everywhere, B=Everywhere]|nodeId=13|walaSynthetic=false|sentinelRole=NONE -> java.lang.Object#<init>()V@JDK|context=DelegatingContext [A=Everywhere, B=Everywhere]|nodeId=17|walaSynthetic=false|sentinelRole=NONE	false	DECOMPILED	7bba52985f2ab21a1318c6746875d79d0eb89ec487321971902c9e6b27ac4170	AVAILABLE	50f2ffa80a1eafa8c60e708ef31663bf8f2e1468a5604ee6f54f58d9bd468cd4
rta	ONE_FLOW_TO_CASTS_APPLICATION_GET_METHOD	com.acme.benchmark:impact-medium-app:jar@	CALLEE	REACHABILITY_PATH	1	17	java.lang.Object#<init>()V@JDK|context=DelegatingContext [A=Everywhere, B=Everywhere]|nodeId=17|walaSynthetic=false|sentinelRole=NONE	DelegatingContext [A=Everywhere, B=Everywhere]	false	NONE	java.lang.Object#<init>()V@JDK	java.lang.Object	<init>	()V	JDK	1556	1555	1556											DECLARED_ENTRYPOINT	com.acme.benchmark.RemovedFieldUseCase#execute()I@PROJECT|context=DelegatingContext [A=Everywhere, B=Everywhere]|nodeId=14|walaSynthetic=false|sentinelRole=NONE	com.acme.benchmark.RemovedFieldUseCase#execute()I@PROJECT|context=DelegatingContext [A=Everywhere, B=Everywhere]|nodeId=14|walaSynthetic=false|sentinelRole=NONE -> com.acme.impact.bridge.LegacyImpactBridge#<init>()V@DEPENDENCY|context=DelegatingContext [A=Everywhere, B=Everywhere]|nodeId=33|walaSynthetic=false|sentinelRole=NONE -> java.lang.Object#<init>()V@JDK|context=DelegatingContext [A=Everywhere, B=Everywhere]|nodeId=17|walaSynthetic=false|sentinelRole=NONE	false	DECOMPILED	7bba52985f2ab21a1318c6746875d79d0eb89ec487321971902c9e6b27ac4170	AVAILABLE	50f2ffa80a1eafa8c60e708ef31663bf8f2e1468a5604ee6f54f58d9bd468cd4
rta	ONE_FLOW_TO_CASTS_APPLICATION_GET_METHOD	com.acme.benchmark:impact-medium-app:jar@	CALLEE	REACHABILITY_PATH	1	17	java.lang.Object#<init>()V@JDK|context=DelegatingContext [A=Everywhere, B=Everywhere]|nodeId=17|walaSynthetic=false|sentinelRole=NONE	DelegatingContext [A=Everywhere, B=Everywhere]	false	NONE	java.lang.Object#<init>()V@JDK	java.lang.Object	<init>	()V	JDK	1556	1555	1556											DECLARED_ENTRYPOINT	com.acme.benchmark.RemovedMethodUseCase#<init>()V@PROJECT|context=DelegatingContext [A=Everywhere, B=Everywhere]|nodeId=15|walaSynthetic=false|sentinelRole=NONE	com.acme.benchmark.RemovedMethodUseCase#<init>()V@PROJECT|context=DelegatingContext [A=Everywhere, B=Everywhere]|nodeId=15|walaSynthetic=false|sentinelRole=NONE -> java.lang.Object#<init>()V@JDK|context=DelegatingContext [A=Everywhere, B=Everywhere]|nodeId=17|walaSynthetic=false|sentinelRole=NONE	false	DECOMPILED	7bba52985f2ab21a1318c6746875d79d0eb89ec487321971902c9e6b27ac4170	AVAILABLE	50f2ffa80a1eafa8c60e708ef31663bf8f2e1468a5604ee6f54f58d9bd468cd4
rta	ONE_FLOW_TO_CASTS_APPLICATION_GET_METHOD	com.acme.benchmark:impact-medium-app:jar@	CALLEE	REACHABILITY_PATH	1	17	java.lang.Object#<init>()V@JDK|context=DelegatingContext [A=Everywhere, B=Everywhere]|nodeId=17|walaSynthetic=false|sentinelRole=NONE	DelegatingContext [A=Everywhere, B=Everywhere]	false	NONE	java.lang.Object#<init>()V@JDK	java.lang.Object	<init>	()V	JDK	1556	1555	1556											DECLARED_ENTRYPOINT	com.acme.benchmark.RemovedMethodUseCase#execute()Ljava/lang/String;@PROJECT|context=DelegatingContext [A=Everywhere, B=Everywhere]|nodeId=16|walaSynthetic=false|sentinelRole=NONE	com.acme.benchmark.RemovedMethodUseCase#execute()Ljava/lang/String;@PROJECT|context=DelegatingContext [A=Everywhere, B=Everywhere]|nodeId=16|walaSynthetic=false|sentinelRole=NONE -> com.acme.impact.bridge.LegacyImpactBridge#<init>()V@DEPENDENCY|context=DelegatingContext [A=Everywhere, B=Everywhere]|nodeId=33|walaSynthetic=false|sentinelRole=NONE -> java.lang.Object#<init>()V@JDK|context=DelegatingContext [A=Everywhere, B=Everywhere]|nodeId=17|walaSynthetic=false|sentinelRole=NONE	false	DECOMPILED	7bba52985f2ab21a1318c6746875d79d0eb89ec487321971902c9e6b27ac4170	AVAILABLE	50f2ffa80a1eafa8c60e708ef31663bf8f2e1468a5604ee6f54f58d9bd468cd4
rta	ONE_FLOW_TO_CASTS_APPLICATION_GET_METHOD	com.acme.benchmark:impact-medium-app:jar@	CALLEE	REACHABILITY_PATH	1	17	java.lang.Object#<init>()V@JDK|context=DelegatingContext [A=Everywhere, B=Everywhere]|nodeId=17|walaSynthetic=false|sentinelRole=NONE	DelegatingContext [A=Everywhere, B=Everywhere]	false	NONE	java.lang.Object#<init>()V@JDK	java.lang.Object	<init>	()V	JDK	1556	1555	1556											FAKE_ROOT	com.ibm.wala.FakeRootClass#fakeRootMethod()V@SYNTHETIC|context=Everywhere|nodeId=0|walaSynthetic=true|sentinelRole=FAKE_ROOT	[FAKE_ROOT] com.ibm.wala.FakeRootClass#fakeRootMethod()V@SYNTHETIC|context=Everywhere|nodeId=0|walaSynthetic=true|sentinelRole=FAKE_ROOT -> java.lang.Object#<init>()V@JDK|context=DelegatingContext [A=Everywhere, B=Everywhere]|nodeId=17|walaSynthetic=false|sentinelRole=NONE	false	DECOMPILED	7bba52985f2ab21a1318c6746875d79d0eb89ec487321971902c9e6b27ac4170	AVAILABLE	50f2ffa80a1eafa8c60e708ef31663bf8f2e1468a5604ee6f54f58d9bd468cd4
rta	ONE_FLOW_TO_CASTS_APPLICATION_GET_METHOD	com.acme.benchmark:impact-medium-app:jar@	CALLEE	REACHABILITY_PATH	1	17	java.lang.Object#<init>()V@JDK|context=DelegatingContext [A=Everywhere, B=Everywhere]|nodeId=17|walaSynthetic=false|sentinelRole=NONE	DelegatingContext [A=Everywhere, B=Everywhere]	false	NONE	java.lang.Object#<init>()V@JDK	java.lang.Object	<init>	()V	JDK	1556	1555	1556											FAKE_WORLD_CLINIT	com.ibm.wala.FakeRootClass#fakeWorldClinit()V@SYNTHETIC|context=Everywhere|nodeId=1|walaSynthetic=true|sentinelRole=FAKE_WORLD_CLINIT	[FAKE_WORLD_CLINIT] com.ibm.wala.FakeRootClass#fakeWorldClinit()V@SYNTHETIC|context=Everywhere|nodeId=1|walaSynthetic=true|sentinelRole=FAKE_WORLD_CLINIT -> java.lang.ClassValue#<clinit>()V@JDK|context=Everywhere|nodeId=14467|walaSynthetic=false|sentinelRole=NONE -> java.lang.Object#<init>()V@JDK|context=DelegatingContext [A=Everywhere, B=Everywhere]|nodeId=17|walaSynthetic=false|sentinelRole=NONE	false	DECOMPILED	7bba52985f2ab21a1318c6746875d79d0eb89ec487321971902c9e6b27ac4170	AVAILABLE	50f2ffa80a1eafa8c60e708ef31663bf8f2e1468a5604ee6f54f58d9bd468cd4
rta	ONE_FLOW_TO_CASTS_APPLICATION_GET_METHOD	com.acme.benchmark:impact-medium-app:jar@	CALLEE	RANKED_CGNODE	2	47	java.lang.StringBuilder#toString()Ljava/lang/String;@JDK|context=DelegatingContext [A=Everywhere, B=Everywhere]|nodeId=47|walaSynthetic=false|sentinelRole=NONE	DelegatingContext [A=Everywhere, B=Everywhere]	false	NONE	java.lang.StringBuilder#toString()Ljava/lang/String;@JDK	java.lang.StringBuilder	toString	()Ljava/lang/String;	JDK	1462	1462	1462														true	DECOMPILED	98ba1081e015c2e2097a72afec6b527a5392a61849b0fa9b3ab87ab1283f67ca	AVAILABLE	27735da30dcb3f84c864e871bb8a88401c7a076d5369ff4c77d52c94dafbc463
rta	ONE_FLOW_TO_CASTS_APPLICATION_GET_METHOD	com.acme.benchmark:impact-medium-app:jar@	CALLEE	RELATED_IMETHOD	2	47	java.lang.StringBuilder#toString()Ljava/lang/String;@JDK|context=DelegatingContext [A=Everywhere, B=Everywhere]|nodeId=47|walaSynthetic=false|sentinelRole=NONE	DelegatingContext [A=Everywhere, B=Everywhere]	false	NONE	java.lang.StringBuilder#toString()Ljava/lang/String;@JDK	java.lang.StringBuilder	toString	()Ljava/lang/String;	JDK	1462	1462	1462	1	com.sun.corba.se.impl.io.ObjectStreamField#toString()Ljava/lang/String;@JDK	com.sun.corba.se.impl.io.ObjectStreamField	toString	()Ljava/lang/String;	JDK	1	1	0	com.sun.corba.se.impl.io.ObjectStreamField#toString()Ljava/lang/String;@JDK|context=DelegatingContext [A=Everywhere, B=Everywhere]|nodeId=17038|walaSynthetic=false|sentinelRole=NONE				true	DECOMPILED	98ba1081e015c2e2097a72afec6b527a5392a61849b0fa9b3ab87ab1283f67ca	AVAILABLE	27735da30dcb3f84c864e871bb8a88401c7a076d5369ff4c77d52c94dafbc463
rta	ONE_FLOW_TO_CASTS_APPLICATION_GET_METHOD	com.acme.benchmark:impact-medium-app:jar@	CALLEE	RELATED_IMETHOD	2	47	java.lang.StringBuilder#toString()Ljava/lang/String;@JDK|context=DelegatingContext [A=Everywhere, B=Everywhere]|nodeId=47|walaSynthetic=false|sentinelRole=NONE	DelegatingContext [A=Everywhere, B=Everywhere]	false	NONE	java.lang.StringBuilder#toString()Ljava/lang/String;@JDK	java.lang.StringBuilder	toString	()Ljava/lang/String;	JDK	1462	1462	1462	2	com.sun.corba.se.impl.orb.ORBVersionImpl#toString()Ljava/lang/String;@JDK	com.sun.corba.se.impl.orb.ORBVersionImpl	toString	()Ljava/lang/String;	JDK	1	1	0	com.sun.corba.se.impl.orb.ORBVersionImpl#toString()Ljava/lang/String;@JDK|context=DelegatingContext [A=Everywhere, B=Everywhere]|nodeId=17039|walaSynthetic=false|sentinelRole=NONE				true	DECOMPILED	98ba1081e015c2e2097a72afec6b527a5392a61849b0fa9b3ab87ab1283f67ca	AVAILABLE	27735da30dcb3f84c864e871bb8a88401c7a076d5369ff4c77d52c94dafbc463
rta	ONE_FLOW_TO_CASTS_APPLICATION_GET_METHOD	com.acme.benchmark:impact-medium-app:jar@	CALLEE	RELATED_IMETHOD	2	47	java.lang.StringBuilder#toString()Ljava/lang/String;@JDK|context=DelegatingContext [A=Everywhere, B=Everywhere]|nodeId=47|walaSynthetic=false|sentinelRole=NONE	DelegatingContext [A=Everywhere, B=Everywhere]	false	NONE	java.lang.StringBuilder#toString()Ljava/lang/String;@JDK	java.lang.StringBuilder	toString	()Ljava/lang/String;	JDK	1462	1462	1462	3	com.sun.corba.se.impl.orbutil.ObjectStreamField#toString()Ljava/lang/String;@JDK	com.sun.corba.se.impl.orbutil.ObjectStreamField	toString	()Ljava/lang/String;	JDK	1	1	0	com.sun.corba.se.impl.orbutil.ObjectStreamField#toString()Ljava/lang/String;@JDK|context=DelegatingContext [A=Everywhere, B=Everywhere]|nodeId=17040|walaSynthetic=false|sentinelRole=NONE				true	DECOMPILED	98ba1081e015c2e2097a72afec6b527a5392a61849b0fa9b3ab87ab1283f67ca	AVAILABLE	27735da30dcb3f84c864e871bb8a88401c7a076d5369ff4c77d52c94dafbc463
rta	ONE_FLOW_TO_CASTS_APPLICATION_GET_METHOD	com.acme.benchmark:impact-medium-app:jar@	CALLEE	RELATED_IMETHOD	2	47	java.lang.StringBuilder#toString()Ljava/lang/String;@JDK|context=DelegatingContext [A=Everywhere, B=Everywhere]|nodeId=47|walaSynthetic=false|sentinelRole=NONE	DelegatingContext [A=Everywhere, B=Everywhere]	false	NONE	java.lang.StringBuilder#toString()Ljava/lang/String;@JDK	java.lang.StringBuilder	toString	()Ljava/lang/String;	JDK	1462	1462	1462	4	com.sun.crypto.provider.SunJCE#putEntries()V@JDK	com.sun.crypto.provider.SunJCE	putEntries	()V	JDK	1	1	0	com.sun.crypto.provider.SunJCE#putEntries()V@JDK|context=DelegatingContext [A=Everywhere, B=Everywhere]|nodeId=8955|walaSynthetic=false|sentinelRole=NONE				true	DECOMPILED	98ba1081e015c2e2097a72afec6b527a5392a61849b0fa9b3ab87ab1283f67ca	AVAILABLE	27735da30dcb3f84c864e871bb8a88401c7a076d5369ff4c77d52c94dafbc463
rta	ONE_FLOW_TO_CASTS_APPLICATION_GET_METHOD	com.acme.benchmark:impact-medium-app:jar@	CALLEE	RELATED_IMETHOD	2	47	java.lang.StringBuilder#toString()Ljava/lang/String;@JDK|context=DelegatingContext [A=Everywhere, B=Everywhere]|nodeId=47|walaSynthetic=false|sentinelRole=NONE	DelegatingContext [A=Everywhere, B=Everywhere]	false	NONE	java.lang.StringBuilder#toString()Ljava/lang/String;@JDK	java.lang.StringBuilder	toString	()Ljava/lang/String;	JDK	1462	1462	1462	5	com.sun.istack.internal.localization.Localizer#getDefaultMessage(Lcom/sun/istack/internal/localization/Localizable;)Ljava/lang/String;@JDK	com.sun.istack.internal.localization.Localizer	getDefaultMessage	(Lcom/sun/istack/internal/localization/Localizable;)Ljava/lang/String;	JDK	1	1	0	com.sun.istack.internal.localization.Localizer#getDefaultMessage(Lcom/sun/istack/internal/localization/Localizable;)Ljava/lang/String;@JDK|context=DelegatingContext [A=Everywhere, B=Everywhere]|nodeId=23927|walaSynthetic=false|sentinelRole=NONE				true	DECOMPILED	98ba1081e015c2e2097a72afec6b527a5392a61849b0fa9b3ab87ab1283f67ca	AVAILABLE	27735da30dcb3f84c864e871bb8a88401c7a076d5369ff4c77d52c94dafbc463
rta	ONE_FLOW_TO_CASTS_APPLICATION_GET_METHOD	com.acme.benchmark:impact-medium-app:jar@	CALLEE	RELATED_IMETHOD	2	47	java.lang.StringBuilder#toString()Ljava/lang/String;@JDK|context=DelegatingContext [A=Everywhere, B=Everywhere]|nodeId=47|walaSynthetic=false|sentinelRole=NONE	DelegatingContext [A=Everywhere, B=Everywhere]	false	NONE	java.lang.StringBuilder#toString()Ljava/lang/String;@JDK	java.lang.StringBuilder	toString	()Ljava/lang/String;	JDK	1462	1462	1462	6	com.sun.java.util.jar.pack.Attribute#<clinit>()V@JDK	com.sun.java.util.jar.pack.Attribute	<clinit>	()V	JDK	1	1	0	com.sun.java.util.jar.pack.Attribute#<clinit>()V@JDK|context=Everywhere|nodeId=6232|walaSynthetic=false|sentinelRole=NONE				true	DECOMPILED	98ba1081e015c2e2097a72afec6b527a5392a61849b0fa9b3ab87ab1283f67ca	AVAILABLE	27735da30dcb3f84c864e871bb8a88401c7a076d5369ff4c77d52c94dafbc463
rta	ONE_FLOW_TO_CASTS_APPLICATION_GET_METHOD	com.acme.benchmark:impact-medium-app:jar@	CALLEE	RELATED_IMETHOD	2	47	java.lang.StringBuilder#toString()Ljava/lang/String;@JDK|context=DelegatingContext [A=Everywhere, B=Everywhere]|nodeId=47|walaSynthetic=false|sentinelRole=NONE	DelegatingContext [A=Everywhere, B=Everywhere]	false	NONE	java.lang.StringBuilder#toString()Ljava/lang/String;@JDK	java.lang.StringBuilder	toString	()Ljava/lang/String;	JDK	1462	1462	1462	7	com.sun.java.util.jar.pack.Attribute#expandCaseDashNotation(Ljava/lang/String;)Ljava/lang/String;@JDK	com.sun.java.util.jar.pack.Attribute	expandCaseDashNotation	(Ljava/lang/String;)Ljava/lang/String;	JDK	1	1	0	com.sun.java.util.jar.pack.Attribute#expandCaseDashNotation(Ljava/lang/String;)Ljava/lang/String;@JDK|context=DelegatingContext [A=Everywhere, B=Everywhere]|nodeId=8975|walaSynthetic=false|sentinelRole=NONE				true	DECOMPILED	98ba1081e015c2e2097a72afec6b527a5392a61849b0fa9b3ab87ab1283f67ca	AVAILABLE	27735da30dcb3f84c864e871bb8a88401c7a076d5369ff4c77d52c94dafbc463
rta	ONE_FLOW_TO_CASTS_APPLICATION_GET_METHOD	com.acme.benchmark:impact-medium-app:jar@	CALLEE	RELATED_IMETHOD	2	47	java.lang.StringBuilder#toString()Ljava/lang/String;@JDK|context=DelegatingContext [A=Everywhere, B=Everywhere]|nodeId=47|walaSynthetic=false|sentinelRole=NONE	DelegatingContext [A=Everywhere, B=Everywhere]	false	NONE	java.lang.StringBuilder#toString()Ljava/lang/String;@JDK	java.lang.StringBuilder	toString	()Ljava/lang/String;	JDK	1462	1462	1462	8	com.sun.java.util.jar.pack.Attribute#normalizeLayoutString(Ljava/lang/String;)Ljava/lang/String;@JDK	com.sun.java.util.jar.pack.Attribute	normalizeLayoutString	(Ljava/lang/String;)Ljava/lang/String;	JDK	1	1	0	com.sun.java.util.jar.pack.Attribute#normalizeLayoutString(Ljava/lang/String;)Ljava/lang/String;@JDK|context=DelegatingContext [A=Everywhere, B=Everywhere]|nodeId=8974|walaSynthetic=false|sentinelRole=NONE				true	DECOMPILED	98ba1081e015c2e2097a72afec6b527a5392a61849b0fa9b3ab87ab1283f67ca	AVAILABLE	27735da30dcb3f84c864e871bb8a88401c7a076d5369ff4c77d52c94dafbc463
rta	ONE_FLOW_TO_CASTS_APPLICATION_GET_METHOD	com.acme.benchmark:impact-medium-app:jar@	CALLEE	RELATED_IMETHOD	2	47	java.lang.StringBuilder#toString()Ljava/lang/String;@JDK|context=DelegatingContext [A=Everywhere, B=Everywhere]|nodeId=47|walaSynthetic=false|sentinelRole=NONE	DelegatingContext [A=Everywhere, B=Everywhere]	false	NONE	java.lang.StringBuilder#toString()Ljava/lang/String;@JDK	java.lang.StringBuilder	toString	()Ljava/lang/String;	JDK	1462	1462	1462	9	com.sun.java.util.jar.pack.Attribute#toString()Ljava/lang/String;@JDK	com.sun.java.util.jar.pack.Attribute	toString	()Ljava/lang/String;	JDK	1	1	0	com.sun.java.util.jar.pack.Attribute#toString()Ljava/lang/String;@JDK|context=DelegatingContext [A=Everywhere, B=Everywhere]|nodeId=17042|walaSynthetic=false|sentinelRole=NONE				true	DECOMPILED	98ba1081e015c2e2097a72afec6b527a5392a61849b0fa9b3ab87ab1283f67ca	AVAILABLE	27735da30dcb3f84c864e871bb8a88401c7a076d5369ff4c77d52c94dafbc463
rta	ONE_FLOW_TO_CASTS_APPLICATION_GET_METHOD	com.acme.benchmark:impact-medium-app:jar@	CALLEE	RELATED_IMETHOD	2	47	java.lang.StringBuilder#toString()Ljava/lang/String;@JDK|context=DelegatingContext [A=Everywhere, B=Everywhere]|nodeId=47|walaSynthetic=false|sentinelRole=NONE	DelegatingContext [A=Everywhere, B=Everywhere]	false	NONE	java.lang.StringBuilder#toString()Ljava/lang/String;@JDK	java.lang.StringBuilder	toString	()Ljava/lang/String;	JDK	1462	1462	1462	10	com.sun.java.util.jar.pack.Attribute#tokenizeLayout(Lcom/sun/java/util/jar/pack/Attribute$Layout;ILjava/lang/String;Ljava/util/List;)V@JDK	com.sun.java.util.jar.pack.Attribute	tokenizeLayout	(Lcom/sun/java/util/jar/pack/Attribute$Layout;ILjava/lang/String;Ljava/util/List;)V	JDK	1	1	0	com.sun.java.util.jar.pack.Attribute#tokenizeLayout(Lcom/sun/java/util/jar/pack/Attribute$Layout;ILjava/lang/String;Ljava/util/List;)V@JDK|context=DelegatingContext [A=Everywhere, B=Everywhere]|nodeId=16183|walaSynthetic=false|sentinelRole=NONE				true	DECOMPILED	98ba1081e015c2e2097a72afec6b527a5392a61849b0fa9b3ab87ab1283f67ca	AVAILABLE	27735da30dcb3f84c864e871bb8a88401c7a076d5369ff4c77d52c94dafbc463
rta	ONE_FLOW_TO_CASTS_APPLICATION_GET_METHOD	com.acme.benchmark:impact-medium-app:jar@	CALLEE	REACHABILITY_PATH	2	47	java.lang.StringBuilder#toString()Ljava/lang/String;@JDK|context=DelegatingContext [A=Everywhere, B=Everywhere]|nodeId=47|walaSynthetic=false|sentinelRole=NONE	DelegatingContext [A=Everywhere, B=Everywhere]	false	NONE	java.lang.StringBuilder#toString()Ljava/lang/String;@JDK	java.lang.StringBuilder	toString	()Ljava/lang/String;	JDK	1462	1462	1462											FAKE_ROOT	com.ibm.wala.FakeRootClass#fakeRootMethod()V@SYNTHETIC|context=Everywhere|nodeId=0|walaSynthetic=true|sentinelRole=FAKE_ROOT	[FAKE_ROOT] com.ibm.wala.FakeRootClass#fakeRootMethod()V@SYNTHETIC|context=Everywhere|nodeId=0|walaSynthetic=true|sentinelRole=FAKE_ROOT -> [FAKE_WORLD_CLINIT] com.ibm.wala.FakeRootClass#fakeWorldClinit()V@SYNTHETIC|context=Everywhere|nodeId=1|walaSynthetic=true|sentinelRole=FAKE_WORLD_CLINIT -> com.sun.java.util.jar.pack.Attribute#<clinit>()V@JDK|context=Everywhere|nodeId=6232|walaSynthetic=false|sentinelRole=NONE -> java.lang.StringBuilder#toString()Ljava/lang/String;@JDK|context=DelegatingContext [A=Everywhere, B=Everywhere]|nodeId=47|walaSynthetic=false|sentinelRole=NONE	true	DECOMPILED	98ba1081e015c2e2097a72afec6b527a5392a61849b0fa9b3ab87ab1283f67ca	AVAILABLE	27735da30dcb3f84c864e871bb8a88401c7a076d5369ff4c77d52c94dafbc463
rta	ONE_FLOW_TO_CASTS_APPLICATION_GET_METHOD	com.acme.benchmark:impact-medium-app:jar@	CALLEE	REACHABILITY_PATH	2	47	java.lang.StringBuilder#toString()Ljava/lang/String;@JDK|context=DelegatingContext [A=Everywhere, B=Everywhere]|nodeId=47|walaSynthetic=false|sentinelRole=NONE	DelegatingContext [A=Everywhere, B=Everywhere]	false	NONE	java.lang.StringBuilder#toString()Ljava/lang/String;@JDK	java.lang.StringBuilder	toString	()Ljava/lang/String;	JDK	1462	1462	1462											FAKE_WORLD_CLINIT	com.ibm.wala.FakeRootClass#fakeWorldClinit()V@SYNTHETIC|context=Everywhere|nodeId=1|walaSynthetic=true|sentinelRole=FAKE_WORLD_CLINIT	[FAKE_WORLD_CLINIT] com.ibm.wala.FakeRootClass#fakeWorldClinit()V@SYNTHETIC|context=Everywhere|nodeId=1|walaSynthetic=true|sentinelRole=FAKE_WORLD_CLINIT -> com.sun.java.util.jar.pack.Attribute#<clinit>()V@JDK|context=Everywhere|nodeId=6232|walaSynthetic=false|sentinelRole=NONE -> java.lang.StringBuilder#toString()Ljava/lang/String;@JDK|context=DelegatingContext [A=Everywhere, B=Everywhere]|nodeId=47|walaSynthetic=false|sentinelRole=NONE	true	DECOMPILED	98ba1081e015c2e2097a72afec6b527a5392a61849b0fa9b3ab87ab1283f67ca	AVAILABLE	27735da30dcb3f84c864e871bb8a88401c7a076d5369ff4c77d52c94dafbc463
rta	ONE_FLOW_TO_CASTS_APPLICATION_GET_METHOD	com.acme.benchmark:impact-medium-app:jar@	CALLEE	RANKED_CGNODE	3	45	java.lang.StringBuilder#append(Ljava/lang/String;)Ljava/lang/StringBuilder;@JDK|context=DelegatingContext [A=Everywhere, B=Everywhere]|nodeId=45|walaSynthetic=false|sentinelRole=NONE	DelegatingContext [A=Everywhere, B=Everywhere]	false	NONE	java.lang.StringBuilder#append(Ljava/lang/String;)Ljava/lang/StringBuilder;@JDK	java.lang.StringBuilder	append	(Ljava/lang/String;)Ljava/lang/StringBuilder;	JDK	1415	1415	1415														true	DECOMPILED	ef77eed45c5a4c0f31c71e6f3e22344fcd9eeff80b1bb7e1ee9a72aebb1be287	AVAILABLE	53c16ce2459d9163cdffa4b5359e6cdd902e846644e3f518c4198e8042e6bc07
rta	ONE_FLOW_TO_CASTS_APPLICATION_GET_METHOD	com.acme.benchmark:impact-medium-app:jar@	CALLEE	RELATED_IMETHOD	3	45	java.lang.StringBuilder#append(Ljava/lang/String;)Ljava/lang/StringBuilder;@JDK|context=DelegatingContext [A=Everywhere, B=Everywhere]|nodeId=45|walaSynthetic=false|sentinelRole=NONE	DelegatingContext [A=Everywhere, B=Everywhere]	false	NONE	java.lang.StringBuilder#append(Ljava/lang/String;)Ljava/lang/StringBuilder;@JDK	java.lang.StringBuilder	append	(Ljava/lang/String;)Ljava/lang/StringBuilder;	JDK	1415	1415	1415	1	com.sun.corba.se.impl.io.ObjectStreamField#toString()Ljava/lang/String;@JDK	com.sun.corba.se.impl.io.ObjectStreamField	toString	()Ljava/lang/String;	JDK	1	1	0	com.sun.corba.se.impl.io.ObjectStreamField#toString()Ljava/lang/String;@JDK|context=DelegatingContext [A=Everywhere, B=Everywhere]|nodeId=17038|walaSynthetic=false|sentinelRole=NONE				true	DECOMPILED	ef77eed45c5a4c0f31c71e6f3e22344fcd9eeff80b1bb7e1ee9a72aebb1be287	AVAILABLE	53c16ce2459d9163cdffa4b5359e6cdd902e846644e3f518c4198e8042e6bc07
rta	ONE_FLOW_TO_CASTS_APPLICATION_GET_METHOD	com.acme.benchmark:impact-medium-app:jar@	CALLEE	RELATED_IMETHOD	3	45	java.lang.StringBuilder#append(Ljava/lang/String;)Ljava/lang/StringBuilder;@JDK|context=DelegatingContext [A=Everywhere, B=Everywhere]|nodeId=45|walaSynthetic=false|sentinelRole=NONE	DelegatingContext [A=Everywhere, B=Everywhere]	false	NONE	java.lang.StringBuilder#append(Ljava/lang/String;)Ljava/lang/StringBuilder;@JDK	java.lang.StringBuilder	append	(Ljava/lang/String;)Ljava/lang/StringBuilder;	JDK	1415	1415	1415	2	com.sun.corba.se.impl.orb.ORBVersionImpl#toString()Ljava/lang/String;@JDK	com.sun.corba.se.impl.orb.ORBVersionImpl	toString	()Ljava/lang/String;	JDK	1	1	0	com.sun.corba.se.impl.orb.ORBVersionImpl#toString()Ljava/lang/String;@JDK|context=DelegatingContext [A=Everywhere, B=Everywhere]|nodeId=17039|walaSynthetic=false|sentinelRole=NONE				true	DECOMPILED	ef77eed45c5a4c0f31c71e6f3e22344fcd9eeff80b1bb7e1ee9a72aebb1be287	AVAILABLE	53c16ce2459d9163cdffa4b5359e6cdd902e846644e3f518c4198e8042e6bc07
rta	ONE_FLOW_TO_CASTS_APPLICATION_GET_METHOD	com.acme.benchmark:impact-medium-app:jar@	CALLEE	RELATED_IMETHOD	3	45	java.lang.StringBuilder#append(Ljava/lang/String;)Ljava/lang/StringBuilder;@JDK|context=DelegatingContext [A=Everywhere, B=Everywhere]|nodeId=45|walaSynthetic=false|sentinelRole=NONE	DelegatingContext [A=Everywhere, B=Everywhere]	false	NONE	java.lang.StringBuilder#append(Ljava/lang/String;)Ljava/lang/StringBuilder;@JDK	java.lang.StringBuilder	append	(Ljava/lang/String;)Ljava/lang/StringBuilder;	JDK	1415	1415	1415	3	com.sun.corba.se.impl.orbutil.ObjectStreamField#toString()Ljava/lang/String;@JDK	com.sun.corba.se.impl.orbutil.ObjectStreamField	toString	()Ljava/lang/String;	JDK	1	1	0	com.sun.corba.se.impl.orbutil.ObjectStreamField#toString()Ljava/lang/String;@JDK|context=DelegatingContext [A=Everywhere, B=Everywhere]|nodeId=17040|walaSynthetic=false|sentinelRole=NONE				true	DECOMPILED	ef77eed45c5a4c0f31c71e6f3e22344fcd9eeff80b1bb7e1ee9a72aebb1be287	AVAILABLE	53c16ce2459d9163cdffa4b5359e6cdd902e846644e3f518c4198e8042e6bc07
rta	ONE_FLOW_TO_CASTS_APPLICATION_GET_METHOD	com.acme.benchmark:impact-medium-app:jar@	CALLEE	RELATED_IMETHOD	3	45	java.lang.StringBuilder#append(Ljava/lang/String;)Ljava/lang/StringBuilder;@JDK|context=DelegatingContext [A=Everywhere, B=Everywhere]|nodeId=45|walaSynthetic=false|sentinelRole=NONE	DelegatingContext [A=Everywhere, B=Everywhere]	false	NONE	java.lang.StringBuilder#append(Ljava/lang/String;)Ljava/lang/StringBuilder;@JDK	java.lang.StringBuilder	append	(Ljava/lang/String;)Ljava/lang/StringBuilder;	JDK	1415	1415	1415	4	com.sun.crypto.provider.SunJCE#putEntries()V@JDK	com.sun.crypto.provider.SunJCE	putEntries	()V	JDK	1	1	0	com.sun.crypto.provider.SunJCE#putEntries()V@JDK|context=DelegatingContext [A=Everywhere, B=Everywhere]|nodeId=8955|walaSynthetic=false|sentinelRole=NONE				true	DECOMPILED	ef77eed45c5a4c0f31c71e6f3e22344fcd9eeff80b1bb7e1ee9a72aebb1be287	AVAILABLE	53c16ce2459d9163cdffa4b5359e6cdd902e846644e3f518c4198e8042e6bc07
rta	ONE_FLOW_TO_CASTS_APPLICATION_GET_METHOD	com.acme.benchmark:impact-medium-app:jar@	CALLEE	RELATED_IMETHOD	3	45	java.lang.StringBuilder#append(Ljava/lang/String;)Ljava/lang/StringBuilder;@JDK|context=DelegatingContext [A=Everywhere, B=Everywhere]|nodeId=45|walaSynthetic=false|sentinelRole=NONE	DelegatingContext [A=Everywhere, B=Everywhere]	false	NONE	java.lang.StringBuilder#append(Ljava/lang/String;)Ljava/lang/StringBuilder;@JDK	java.lang.StringBuilder	append	(Ljava/lang/String;)Ljava/lang/StringBuilder;	JDK	1415	1415	1415	5	com.sun.istack.internal.localization.Localizer#getDefaultMessage(Lcom/sun/istack/internal/localization/Localizable;)Ljava/lang/String;@JDK	com.sun.istack.internal.localization.Localizer	getDefaultMessage	(Lcom/sun/istack/internal/localization/Localizable;)Ljava/lang/String;	JDK	1	1	0	com.sun.istack.internal.localization.Localizer#getDefaultMessage(Lcom/sun/istack/internal/localization/Localizable;)Ljava/lang/String;@JDK|context=DelegatingContext [A=Everywhere, B=Everywhere]|nodeId=23927|walaSynthetic=false|sentinelRole=NONE				true	DECOMPILED	ef77eed45c5a4c0f31c71e6f3e22344fcd9eeff80b1bb7e1ee9a72aebb1be287	AVAILABLE	53c16ce2459d9163cdffa4b5359e6cdd902e846644e3f518c4198e8042e6bc07
rta	ONE_FLOW_TO_CASTS_APPLICATION_GET_METHOD	com.acme.benchmark:impact-medium-app:jar@	CALLEE	RELATED_IMETHOD	3	45	java.lang.StringBuilder#append(Ljava/lang/String;)Ljava/lang/StringBuilder;@JDK|context=DelegatingContext [A=Everywhere, B=Everywhere]|nodeId=45|walaSynthetic=false|sentinelRole=NONE	DelegatingContext [A=Everywhere, B=Everywhere]	false	NONE	java.lang.StringBuilder#append(Ljava/lang/String;)Ljava/lang/StringBuilder;@JDK	java.lang.StringBuilder	append	(Ljava/lang/String;)Ljava/lang/StringBuilder;	JDK	1415	1415	1415	6	com.sun.java.util.jar.pack.Attribute#<clinit>()V@JDK	com.sun.java.util.jar.pack.Attribute	<clinit>	()V	JDK	1	1	0	com.sun.java.util.jar.pack.Attribute#<clinit>()V@JDK|context=Everywhere|nodeId=6232|walaSynthetic=false|sentinelRole=NONE				true	DECOMPILED	ef77eed45c5a4c0f31c71e6f3e22344fcd9eeff80b1bb7e1ee9a72aebb1be287	AVAILABLE	53c16ce2459d9163cdffa4b5359e6cdd902e846644e3f518c4198e8042e6bc07
rta	ONE_FLOW_TO_CASTS_APPLICATION_GET_METHOD	com.acme.benchmark:impact-medium-app:jar@	CALLEE	RELATED_IMETHOD	3	45	java.lang.StringBuilder#append(Ljava/lang/String;)Ljava/lang/StringBuilder;@JDK|context=DelegatingContext [A=Everywhere, B=Everywhere]|nodeId=45|walaSynthetic=false|sentinelRole=NONE	DelegatingContext [A=Everywhere, B=Everywhere]	false	NONE	java.lang.StringBuilder#append(Ljava/lang/String;)Ljava/lang/StringBuilder;@JDK	java.lang.StringBuilder	append	(Ljava/lang/String;)Ljava/lang/StringBuilder;	JDK	1415	1415	1415	7	com.sun.java.util.jar.pack.Attribute#expandCaseDashNotation(Ljava/lang/String;)Ljava/lang/String;@JDK	com.sun.java.util.jar.pack.Attribute	expandCaseDashNotation	(Ljava/lang/String;)Ljava/lang/String;	JDK	1	1	0	com.sun.java.util.jar.pack.Attribute#expandCaseDashNotation(Ljava/lang/String;)Ljava/lang/String;@JDK|context=DelegatingContext [A=Everywhere, B=Everywhere]|nodeId=8975|walaSynthetic=false|sentinelRole=NONE				true	DECOMPILED	ef77eed45c5a4c0f31c71e6f3e22344fcd9eeff80b1bb7e1ee9a72aebb1be287	AVAILABLE	53c16ce2459d9163cdffa4b5359e6cdd902e846644e3f518c4198e8042e6bc07
rta	ONE_FLOW_TO_CASTS_APPLICATION_GET_METHOD	com.acme.benchmark:impact-medium-app:jar@	CALLEE	RELATED_IMETHOD	3	45	java.lang.StringBuilder#append(Ljava/lang/String;)Ljava/lang/StringBuilder;@JDK|context=DelegatingContext [A=Everywhere, B=Everywhere]|nodeId=45|walaSynthetic=false|sentinelRole=NONE	DelegatingContext [A=Everywhere, B=Everywhere]	false	NONE	java.lang.StringBuilder#append(Ljava/lang/String;)Ljava/lang/StringBuilder;@JDK	java.lang.StringBuilder	append	(Ljava/lang/String;)Ljava/lang/StringBuilder;	JDK	1415	1415	1415	8	com.sun.java.util.jar.pack.Attribute#toString()Ljava/lang/String;@JDK	com.sun.java.util.jar.pack.Attribute	toString	()Ljava/lang/String;	JDK	1	1	0	com.sun.java.util.jar.pack.Attribute#toString()Ljava/lang/String;@JDK|context=DelegatingContext [A=Everywhere, B=Everywhere]|nodeId=17042|walaSynthetic=false|sentinelRole=NONE				true	DECOMPILED	ef77eed45c5a4c0f31c71e6f3e22344fcd9eeff80b1bb7e1ee9a72aebb1be287	AVAILABLE	53c16ce2459d9163cdffa4b5359e6cdd902e846644e3f518c4198e8042e6bc07
rta	ONE_FLOW_TO_CASTS_APPLICATION_GET_METHOD	com.acme.benchmark:impact-medium-app:jar@	CALLEE	RELATED_IMETHOD	3	45	java.lang.StringBuilder#append(Ljava/lang/String;)Ljava/lang/StringBuilder;@JDK|context=DelegatingContext [A=Everywhere, B=Everywhere]|nodeId=45|walaSynthetic=false|sentinelRole=NONE	DelegatingContext [A=Everywhere, B=Everywhere]	false	NONE	java.lang.StringBuilder#append(Ljava/lang/String;)Ljava/lang/StringBuilder;@JDK	java.lang.StringBuilder	append	(Ljava/lang/String;)Ljava/lang/StringBuilder;	JDK	1415	1415	1415	9	com.sun.java.util.jar.pack.Attribute#tokenizeLayout(Lcom/sun/java/util/jar/pack/Attribute$Layout;ILjava/lang/String;Ljava/util/List;)V@JDK	com.sun.java.util.jar.pack.Attribute	tokenizeLayout	(Lcom/sun/java/util/jar/pack/Attribute$Layout;ILjava/lang/String;Ljava/util/List;)V	JDK	1	1	0	com.sun.java.util.jar.pack.Attribute#tokenizeLayout(Lcom/sun/java/util/jar/pack/Attribute$Layout;ILjava/lang/String;Ljava/util/List;)V@JDK|context=DelegatingContext [A=Everywhere, B=Everywhere]|nodeId=16183|walaSynthetic=false|sentinelRole=NONE				true	DECOMPILED	ef77eed45c5a4c0f31c71e6f3e22344fcd9eeff80b1bb7e1ee9a72aebb1be287	AVAILABLE	53c16ce2459d9163cdffa4b5359e6cdd902e846644e3f518c4198e8042e6bc07
rta	ONE_FLOW_TO_CASTS_APPLICATION_GET_METHOD	com.acme.benchmark:impact-medium-app:jar@	CALLEE	RELATED_IMETHOD	3	45	java.lang.StringBuilder#append(Ljava/lang/String;)Ljava/lang/StringBuilder;@JDK|context=DelegatingContext [A=Everywhere, B=Everywhere]|nodeId=45|walaSynthetic=false|sentinelRole=NONE	DelegatingContext [A=Everywhere, B=Everywhere]	false	NONE	java.lang.StringBuilder#append(Ljava/lang/String;)Ljava/lang/StringBuilder;@JDK	java.lang.StringBuilder	append	(Ljava/lang/String;)Ljava/lang/StringBuilder;	JDK	1415	1415	1415	10	com.sun.java.util.jar.pack.Attribute$Layout#<init>(ILjava/lang/String;Ljava/lang/String;)V@JDK	com.sun.java.util.jar.pack.Attribute$Layout	<init>	(ILjava/lang/String;Ljava/lang/String;)V	JDK	1	1	0	com.sun.java.util.jar.pack.Attribute$Layout#<init>(ILjava/lang/String;Ljava/lang/String;)V@JDK|context=DelegatingContext [A=Everywhere, B=Everywhere]|nodeId=14068|walaSynthetic=false|sentinelRole=NONE				true	DECOMPILED	ef77eed45c5a4c0f31c71e6f3e22344fcd9eeff80b1bb7e1ee9a72aebb1be287	AVAILABLE	53c16ce2459d9163cdffa4b5359e6cdd902e846644e3f518c4198e8042e6bc07
rta	ONE_FLOW_TO_CASTS_APPLICATION_GET_METHOD	com.acme.benchmark:impact-medium-app:jar@	CALLEE	REACHABILITY_PATH	3	45	java.lang.StringBuilder#append(Ljava/lang/String;)Ljava/lang/StringBuilder;@JDK|context=DelegatingContext [A=Everywhere, B=Everywhere]|nodeId=45|walaSynthetic=false|sentinelRole=NONE	DelegatingContext [A=Everywhere, B=Everywhere]	false	NONE	java.lang.StringBuilder#append(Ljava/lang/String;)Ljava/lang/StringBuilder;@JDK	java.lang.StringBuilder	append	(Ljava/lang/String;)Ljava/lang/StringBuilder;	JDK	1415	1415	1415											FAKE_ROOT	com.ibm.wala.FakeRootClass#fakeRootMethod()V@SYNTHETIC|context=Everywhere|nodeId=0|walaSynthetic=true|sentinelRole=FAKE_ROOT	[FAKE_ROOT] com.ibm.wala.FakeRootClass#fakeRootMethod()V@SYNTHETIC|context=Everywhere|nodeId=0|walaSynthetic=true|sentinelRole=FAKE_ROOT -> [FAKE_WORLD_CLINIT] com.ibm.wala.FakeRootClass#fakeWorldClinit()V@SYNTHETIC|context=Everywhere|nodeId=1|walaSynthetic=true|sentinelRole=FAKE_WORLD_CLINIT -> com.sun.java.util.jar.pack.Attribute#<clinit>()V@JDK|context=Everywhere|nodeId=6232|walaSynthetic=false|sentinelRole=NONE -> java.lang.StringBuilder#append(Ljava/lang/String;)Ljava/lang/StringBuilder;@JDK|context=DelegatingContext [A=Everywhere, B=Everywhere]|nodeId=45|walaSynthetic=false|sentinelRole=NONE	true	DECOMPILED	ef77eed45c5a4c0f31c71e6f3e22344fcd9eeff80b1bb7e1ee9a72aebb1be287	AVAILABLE	53c16ce2459d9163cdffa4b5359e6cdd902e846644e3f518c4198e8042e6bc07
rta	ONE_FLOW_TO_CASTS_APPLICATION_GET_METHOD	com.acme.benchmark:impact-medium-app:jar@	CALLEE	REACHABILITY_PATH	3	45	java.lang.StringBuilder#append(Ljava/lang/String;)Ljava/lang/StringBuilder;@JDK|context=DelegatingContext [A=Everywhere, B=Everywhere]|nodeId=45|walaSynthetic=false|sentinelRole=NONE	DelegatingContext [A=Everywhere, B=Everywhere]	false	NONE	java.lang.StringBuilder#append(Ljava/lang/String;)Ljava/lang/StringBuilder;@JDK	java.lang.StringBuilder	append	(Ljava/lang/String;)Ljava/lang/StringBuilder;	JDK	1415	1415	1415											FAKE_WORLD_CLINIT	com.ibm.wala.FakeRootClass#fakeWorldClinit()V@SYNTHETIC|context=Everywhere|nodeId=1|walaSynthetic=true|sentinelRole=FAKE_WORLD_CLINIT	[FAKE_WORLD_CLINIT] com.ibm.wala.FakeRootClass#fakeWorldClinit()V@SYNTHETIC|context=Everywhere|nodeId=1|walaSynthetic=true|sentinelRole=FAKE_WORLD_CLINIT -> com.sun.java.util.jar.pack.Attribute#<clinit>()V@JDK|context=Everywhere|nodeId=6232|walaSynthetic=false|sentinelRole=NONE -> java.lang.StringBuilder#append(Ljava/lang/String;)Ljava/lang/StringBuilder;@JDK|context=DelegatingContext [A=Everywhere, B=Everywhere]|nodeId=45|walaSynthetic=false|sentinelRole=NONE	true	DECOMPILED	ef77eed45c5a4c0f31c71e6f3e22344fcd9eeff80b1bb7e1ee9a72aebb1be287	AVAILABLE	53c16ce2459d9163cdffa4b5359e6cdd902e846644e3f518c4198e8042e6bc07
rta	ONE_FLOW_TO_CASTS_APPLICATION_GET_METHOD	com.acme.benchmark:impact-medium-app:jar@	CALLEE	RANKED_CGNODE	4	44	java.lang.StringBuilder#<init>()V@JDK|context=DelegatingContext [A=Everywhere, B=Everywhere]|nodeId=44|walaSynthetic=false|sentinelRole=NONE	DelegatingContext [A=Everywhere, B=Everywhere]	false	NONE	java.lang.StringBuilder#<init>()V@JDK	java.lang.StringBuilder	<init>	()V	JDK	1381	1381	1381														false	DECOMPILED	95f2037e493321fe95c808733a31a09e5145c0d2b43e5fb1f0ee7d28493ec91b	AVAILABLE	7124b984ff2281e3ba88eb40ac9a1e802b9167f93477d4a185569b595a76abe4
rta	ONE_FLOW_TO_CASTS_APPLICATION_GET_METHOD	com.acme.benchmark:impact-medium-app:jar@	CALLEE	RELATED_IMETHOD	4	44	java.lang.StringBuilder#<init>()V@JDK|context=DelegatingContext [A=Everywhere, B=Everywhere]|nodeId=44|walaSynthetic=false|sentinelRole=NONE	DelegatingContext [A=Everywhere, B=Everywhere]	false	NONE	java.lang.StringBuilder#<init>()V@JDK	java.lang.StringBuilder	<init>	()V	JDK	1381	1381	1381	1	com.sun.corba.se.impl.io.ObjectStreamField#toString()Ljava/lang/String;@JDK	com.sun.corba.se.impl.io.ObjectStreamField	toString	()Ljava/lang/String;	JDK	1	1	0	com.sun.corba.se.impl.io.ObjectStreamField#toString()Ljava/lang/String;@JDK|context=DelegatingContext [A=Everywhere, B=Everywhere]|nodeId=17038|walaSynthetic=false|sentinelRole=NONE				false	DECOMPILED	95f2037e493321fe95c808733a31a09e5145c0d2b43e5fb1f0ee7d28493ec91b	AVAILABLE	7124b984ff2281e3ba88eb40ac9a1e802b9167f93477d4a185569b595a76abe4
rta	ONE_FLOW_TO_CASTS_APPLICATION_GET_METHOD	com.acme.benchmark:impact-medium-app:jar@	CALLEE	RELATED_IMETHOD	4	44	java.lang.StringBuilder#<init>()V@JDK|context=DelegatingContext [A=Everywhere, B=Everywhere]|nodeId=44|walaSynthetic=false|sentinelRole=NONE	DelegatingContext [A=Everywhere, B=Everywhere]	false	NONE	java.lang.StringBuilder#<init>()V@JDK	java.lang.StringBuilder	<init>	()V	JDK	1381	1381	1381	2	com.sun.corba.se.impl.orb.ORBVersionImpl#toString()Ljava/lang/String;@JDK	com.sun.corba.se.impl.orb.ORBVersionImpl	toString	()Ljava/lang/String;	JDK	1	1	0	com.sun.corba.se.impl.orb.ORBVersionImpl#toString()Ljava/lang/String;@JDK|context=DelegatingContext [A=Everywhere, B=Everywhere]|nodeId=17039|walaSynthetic=false|sentinelRole=NONE				false	DECOMPILED	95f2037e493321fe95c808733a31a09e5145c0d2b43e5fb1f0ee7d28493ec91b	AVAILABLE	7124b984ff2281e3ba88eb40ac9a1e802b9167f93477d4a185569b595a76abe4
rta	ONE_FLOW_TO_CASTS_APPLICATION_GET_METHOD	com.acme.benchmark:impact-medium-app:jar@	CALLEE	RELATED_IMETHOD	4	44	java.lang.StringBuilder#<init>()V@JDK|context=DelegatingContext [A=Everywhere, B=Everywhere]|nodeId=44|walaSynthetic=false|sentinelRole=NONE	DelegatingContext [A=Everywhere, B=Everywhere]	false	NONE	java.lang.StringBuilder#<init>()V@JDK	java.lang.StringBuilder	<init>	()V	JDK	1381	1381	1381	3	com.sun.corba.se.impl.orbutil.ObjectStreamField#toString()Ljava/lang/String;@JDK	com.sun.corba.se.impl.orbutil.ObjectStreamField	toString	()Ljava/lang/String;	JDK	1	1	0	com.sun.corba.se.impl.orbutil.ObjectStreamField#toString()Ljava/lang/String;@JDK|context=DelegatingContext [A=Everywhere, B=Everywhere]|nodeId=17040|walaSynthetic=false|sentinelRole=NONE				false	DECOMPILED	95f2037e493321fe95c808733a31a09e5145c0d2b43e5fb1f0ee7d28493ec91b	AVAILABLE	7124b984ff2281e3ba88eb40ac9a1e802b9167f93477d4a185569b595a76abe4
rta	ONE_FLOW_TO_CASTS_APPLICATION_GET_METHOD	com.acme.benchmark:impact-medium-app:jar@	CALLEE	RELATED_IMETHOD	4	44	java.lang.StringBuilder#<init>()V@JDK|context=DelegatingContext [A=Everywhere, B=Everywhere]|nodeId=44|walaSynthetic=false|sentinelRole=NONE	DelegatingContext [A=Everywhere, B=Everywhere]	false	NONE	java.lang.StringBuilder#<init>()V@JDK	java.lang.StringBuilder	<init>	()V	JDK	1381	1381	1381	4	com.sun.crypto.provider.SunJCE#putEntries()V@JDK	com.sun.crypto.provider.SunJCE	putEntries	()V	JDK	1	1	0	com.sun.crypto.provider.SunJCE#putEntries()V@JDK|context=DelegatingContext [A=Everywhere, B=Everywhere]|nodeId=8955|walaSynthetic=false|sentinelRole=NONE				false	DECOMPILED	95f2037e493321fe95c808733a31a09e5145c0d2b43e5fb1f0ee7d28493ec91b	AVAILABLE	7124b984ff2281e3ba88eb40ac9a1e802b9167f93477d4a185569b595a76abe4
rta	ONE_FLOW_TO_CASTS_APPLICATION_GET_METHOD	com.acme.benchmark:impact-medium-app:jar@	CALLEE	RELATED_IMETHOD	4	44	java.lang.StringBuilder#<init>()V@JDK|context=DelegatingContext [A=Everywhere, B=Everywhere]|nodeId=44|walaSynthetic=false|sentinelRole=NONE	DelegatingContext [A=Everywhere, B=Everywhere]	false	NONE	java.lang.StringBuilder#<init>()V@JDK	java.lang.StringBuilder	<init>	()V	JDK	1381	1381	1381	5	com.sun.istack.internal.localization.Localizer#getDefaultMessage(Lcom/sun/istack/internal/localization/Localizable;)Ljava/lang/String;@JDK	com.sun.istack.internal.localization.Localizer	getDefaultMessage	(Lcom/sun/istack/internal/localization/Localizable;)Ljava/lang/String;	JDK	1	1	0	com.sun.istack.internal.localization.Localizer#getDefaultMessage(Lcom/sun/istack/internal/localization/Localizable;)Ljava/lang/String;@JDK|context=DelegatingContext [A=Everywhere, B=Everywhere]|nodeId=23927|walaSynthetic=false|sentinelRole=NONE				false	DECOMPILED	95f2037e493321fe95c808733a31a09e5145c0d2b43e5fb1f0ee7d28493ec91b	AVAILABLE	7124b984ff2281e3ba88eb40ac9a1e802b9167f93477d4a185569b595a76abe4
rta	ONE_FLOW_TO_CASTS_APPLICATION_GET_METHOD	com.acme.benchmark:impact-medium-app:jar@	CALLEE	RELATED_IMETHOD	4	44	java.lang.StringBuilder#<init>()V@JDK|context=DelegatingContext [A=Everywhere, B=Everywhere]|nodeId=44|walaSynthetic=false|sentinelRole=NONE	DelegatingContext [A=Everywhere, B=Everywhere]	false	NONE	java.lang.StringBuilder#<init>()V@JDK	java.lang.StringBuilder	<init>	()V	JDK	1381	1381	1381	6	com.sun.java.util.jar.pack.Attribute#<clinit>()V@JDK	com.sun.java.util.jar.pack.Attribute	<clinit>	()V	JDK	1	1	0	com.sun.java.util.jar.pack.Attribute#<clinit>()V@JDK|context=Everywhere|nodeId=6232|walaSynthetic=false|sentinelRole=NONE				false	DECOMPILED	95f2037e493321fe95c808733a31a09e5145c0d2b43e5fb1f0ee7d28493ec91b	AVAILABLE	7124b984ff2281e3ba88eb40ac9a1e802b9167f93477d4a185569b595a76abe4
rta	ONE_FLOW_TO_CASTS_APPLICATION_GET_METHOD	com.acme.benchmark:impact-medium-app:jar@	CALLEE	RELATED_IMETHOD	4	44	java.lang.StringBuilder#<init>()V@JDK|context=DelegatingContext [A=Everywhere, B=Everywhere]|nodeId=44|walaSynthetic=false|sentinelRole=NONE	DelegatingContext [A=Everywhere, B=Everywhere]	false	NONE	java.lang.StringBuilder#<init>()V@JDK	java.lang.StringBuilder	<init>	()V	JDK	1381	1381	1381	7	com.sun.java.util.jar.pack.Attribute#normalizeLayoutString(Ljava/lang/String;)Ljava/lang/String;@JDK	com.sun.java.util.jar.pack.Attribute	normalizeLayoutString	(Ljava/lang/String;)Ljava/lang/String;	JDK	1	1	0	com.sun.java.util.jar.pack.Attribute#normalizeLayoutString(Ljava/lang/String;)Ljava/lang/String;@JDK|context=DelegatingContext [A=Everywhere, B=Everywhere]|nodeId=8974|walaSynthetic=false|sentinelRole=NONE				false	DECOMPILED	95f2037e493321fe95c808733a31a09e5145c0d2b43e5fb1f0ee7d28493ec91b	AVAILABLE	7124b984ff2281e3ba88eb40ac9a1e802b9167f93477d4a185569b595a76abe4
rta	ONE_FLOW_TO_CASTS_APPLICATION_GET_METHOD	com.acme.benchmark:impact-medium-app:jar@	CALLEE	RELATED_IMETHOD	4	44	java.lang.StringBuilder#<init>()V@JDK|context=DelegatingContext [A=Everywhere, B=Everywhere]|nodeId=44|walaSynthetic=false|sentinelRole=NONE	DelegatingContext [A=Everywhere, B=Everywhere]	false	NONE	java.lang.StringBuilder#<init>()V@JDK	java.lang.StringBuilder	<init>	()V	JDK	1381	1381	1381	8	com.sun.java.util.jar.pack.Attribute#toString()Ljava/lang/String;@JDK	com.sun.java.util.jar.pack.Attribute	toString	()Ljava/lang/String;	JDK	1	1	0	com.sun.java.util.jar.pack.Attribute#toString()Ljava/lang/String;@JDK|context=DelegatingContext [A=Everywhere, B=Everywhere]|nodeId=17042|walaSynthetic=false|sentinelRole=NONE				false	DECOMPILED	95f2037e493321fe95c808733a31a09e5145c0d2b43e5fb1f0ee7d28493ec91b	AVAILABLE	7124b984ff2281e3ba88eb40ac9a1e802b9167f93477d4a185569b595a76abe4
rta	ONE_FLOW_TO_CASTS_APPLICATION_GET_METHOD	com.acme.benchmark:impact-medium-app:jar@	CALLEE	RELATED_IMETHOD	4	44	java.lang.StringBuilder#<init>()V@JDK|context=DelegatingContext [A=Everywhere, B=Everywhere]|nodeId=44|walaSynthetic=false|sentinelRole=NONE	DelegatingContext [A=Everywhere, B=Everywhere]	false	NONE	java.lang.StringBuilder#<init>()V@JDK	java.lang.StringBuilder	<init>	()V	JDK	1381	1381	1381	9	com.sun.java.util.jar.pack.Attribute#tokenizeLayout(Lcom/sun/java/util/jar/pack/Attribute$Layout;ILjava/lang/String;Ljava/util/List;)V@JDK	com.sun.java.util.jar.pack.Attribute	tokenizeLayout	(Lcom/sun/java/util/jar/pack/Attribute$Layout;ILjava/lang/String;Ljava/util/List;)V	JDK	1	1	0	com.sun.java.util.jar.pack.Attribute#tokenizeLayout(Lcom/sun/java/util/jar/pack/Attribute$Layout;ILjava/lang/String;Ljava/util/List;)V@JDK|context=DelegatingContext [A=Everywhere, B=Everywhere]|nodeId=16183|walaSynthetic=false|sentinelRole=NONE				false	DECOMPILED	95f2037e493321fe95c808733a31a09e5145c0d2b43e5fb1f0ee7d28493ec91b	AVAILABLE	7124b984ff2281e3ba88eb40ac9a1e802b9167f93477d4a185569b595a76abe4
rta	ONE_FLOW_TO_CASTS_APPLICATION_GET_METHOD	com.acme.benchmark:impact-medium-app:jar@	CALLEE	RELATED_IMETHOD	4	44	java.lang.StringBuilder#<init>()V@JDK|context=DelegatingContext [A=Everywhere, B=Everywhere]|nodeId=44|walaSynthetic=false|sentinelRole=NONE	DelegatingContext [A=Everywhere, B=Everywhere]	false	NONE	java.lang.StringBuilder#<init>()V@JDK	java.lang.StringBuilder	<init>	()V	JDK	1381	1381	1381	10	com.sun.java.util.jar.pack.Attribute$Layout#<init>(ILjava/lang/String;Ljava/lang/String;)V@JDK	com.sun.java.util.jar.pack.Attribute$Layout	<init>	(ILjava/lang/String;Ljava/lang/String;)V	JDK	1	1	0	com.sun.java.util.jar.pack.Attribute$Layout#<init>(ILjava/lang/String;Ljava/lang/String;)V@JDK|context=DelegatingContext [A=Everywhere, B=Everywhere]|nodeId=14068|walaSynthetic=false|sentinelRole=NONE				false	DECOMPILED	95f2037e493321fe95c808733a31a09e5145c0d2b43e5fb1f0ee7d28493ec91b	AVAILABLE	7124b984ff2281e3ba88eb40ac9a1e802b9167f93477d4a185569b595a76abe4
rta	ONE_FLOW_TO_CASTS_APPLICATION_GET_METHOD	com.acme.benchmark:impact-medium-app:jar@	CALLEE	REACHABILITY_PATH	4	44	java.lang.StringBuilder#<init>()V@JDK|context=DelegatingContext [A=Everywhere, B=Everywhere]|nodeId=44|walaSynthetic=false|sentinelRole=NONE	DelegatingContext [A=Everywhere, B=Everywhere]	false	NONE	java.lang.StringBuilder#<init>()V@JDK	java.lang.StringBuilder	<init>	()V	JDK	1381	1381	1381											FAKE_ROOT	com.ibm.wala.FakeRootClass#fakeRootMethod()V@SYNTHETIC|context=Everywhere|nodeId=0|walaSynthetic=true|sentinelRole=FAKE_ROOT	[FAKE_ROOT] com.ibm.wala.FakeRootClass#fakeRootMethod()V@SYNTHETIC|context=Everywhere|nodeId=0|walaSynthetic=true|sentinelRole=FAKE_ROOT -> [FAKE_WORLD_CLINIT] com.ibm.wala.FakeRootClass#fakeWorldClinit()V@SYNTHETIC|context=Everywhere|nodeId=1|walaSynthetic=true|sentinelRole=FAKE_WORLD_CLINIT -> com.sun.java.util.jar.pack.Attribute#<clinit>()V@JDK|context=Everywhere|nodeId=6232|walaSynthetic=false|sentinelRole=NONE -> java.lang.StringBuilder#<init>()V@JDK|context=DelegatingContext [A=Everywhere, B=Everywhere]|nodeId=44|walaSynthetic=false|sentinelRole=NONE	false	DECOMPILED	95f2037e493321fe95c808733a31a09e5145c0d2b43e5fb1f0ee7d28493ec91b	AVAILABLE	7124b984ff2281e3ba88eb40ac9a1e802b9167f93477d4a185569b595a76abe4
rta	ONE_FLOW_TO_CASTS_APPLICATION_GET_METHOD	com.acme.benchmark:impact-medium-app:jar@	CALLEE	REACHABILITY_PATH	4	44	java.lang.StringBuilder#<init>()V@JDK|context=DelegatingContext [A=Everywhere, B=Everywhere]|nodeId=44|walaSynthetic=false|sentinelRole=NONE	DelegatingContext [A=Everywhere, B=Everywhere]	false	NONE	java.lang.StringBuilder#<init>()V@JDK	java.lang.StringBuilder	<init>	()V	JDK	1381	1381	1381											FAKE_WORLD_CLINIT	com.ibm.wala.FakeRootClass#fakeWorldClinit()V@SYNTHETIC|context=Everywhere|nodeId=1|walaSynthetic=true|sentinelRole=FAKE_WORLD_CLINIT	[FAKE_WORLD_CLINIT] com.ibm.wala.FakeRootClass#fakeWorldClinit()V@SYNTHETIC|context=Everywhere|nodeId=1|walaSynthetic=true|sentinelRole=FAKE_WORLD_CLINIT -> com.sun.java.util.jar.pack.Attribute#<clinit>()V@JDK|context=Everywhere|nodeId=6232|walaSynthetic=false|sentinelRole=NONE -> java.lang.StringBuilder#<init>()V@JDK|context=DelegatingContext [A=Everywhere, B=Everywhere]|nodeId=44|walaSynthetic=false|sentinelRole=NONE	false	DECOMPILED	95f2037e493321fe95c808733a31a09e5145c0d2b43e5fb1f0ee7d28493ec91b	AVAILABLE	7124b984ff2281e3ba88eb40ac9a1e802b9167f93477d4a185569b595a76abe4
rta	ONE_FLOW_TO_CASTS_APPLICATION_GET_METHOD	com.acme.benchmark:impact-medium-app:jar@	CALLEE	RANKED_CGNODE	5	9566	java.util.ListResourceBundle#<init>()V@JDK|context=DelegatingContext [A=Everywhere, B=Everywhere]|nodeId=9566|walaSynthetic=false|sentinelRole=NONE	DelegatingContext [A=Everywhere, B=Everywhere]	false	NONE	java.util.ListResourceBundle#<init>()V@JDK	java.util.ListResourceBundle	<init>	()V	JDK	933	933	933														false	DECOMPILED	74e2977d2c551f21755a370c29fc9e195326ad3ec68e70d7a52928640bf2f071	AVAILABLE	a8ab9d3f99f5d6bdd906c613dba156a07d2d98a997bfff004e341b474db71335
rta	ONE_FLOW_TO_CASTS_APPLICATION_GET_METHOD	com.acme.benchmark:impact-medium-app:jar@	CALLEE	RELATED_IMETHOD	5	9566	java.util.ListResourceBundle#<init>()V@JDK|context=DelegatingContext [A=Everywhere, B=Everywhere]|nodeId=9566|walaSynthetic=false|sentinelRole=NONE	DelegatingContext [A=Everywhere, B=Everywhere]	false	NONE	java.util.ListResourceBundle#<init>()V@JDK	java.util.ListResourceBundle	<init>	()V	JDK	933	933	933	1	com.apple.laf.resources.aqua#<init>()V@JDK	com.apple.laf.resources.aqua	<init>	()V	JDK	1	1	0	com.apple.laf.resources.aqua#<init>()V@JDK|context=DelegatingContext [A=Everywhere, B=Everywhere]|nodeId=7095|walaSynthetic=false|sentinelRole=NONE				false	DECOMPILED	74e2977d2c551f21755a370c29fc9e195326ad3ec68e70d7a52928640bf2f071	AVAILABLE	a8ab9d3f99f5d6bdd906c613dba156a07d2d98a997bfff004e341b474db71335
rta	ONE_FLOW_TO_CASTS_APPLICATION_GET_METHOD	com.acme.benchmark:impact-medium-app:jar@	CALLEE	RELATED_IMETHOD	5	9566	java.util.ListResourceBundle#<init>()V@JDK|context=DelegatingContext [A=Everywhere, B=Everywhere]|nodeId=9566|walaSynthetic=false|sentinelRole=NONE	DelegatingContext [A=Everywhere, B=Everywhere]	false	NONE	java.util.ListResourceBundle#<init>()V@JDK	java.util.ListResourceBundle	<init>	()V	JDK	933	933	933	2	com.apple.laf.resources.aqua_de#<init>()V@JDK	com.apple.laf.resources.aqua_de	<init>	()V	JDK	1	1	0	com.apple.laf.resources.aqua_de#<init>()V@JDK|context=DelegatingContext [A=Everywhere, B=Everywhere]|nodeId=6791|walaSynthetic=false|sentinelRole=NONE				false	DECOMPILED	74e2977d2c551f21755a370c29fc9e195326ad3ec68e70d7a52928640bf2f071	AVAILABLE	a8ab9d3f99f5d6bdd906c613dba156a07d2d98a997bfff004e341b474db71335
rta	ONE_FLOW_TO_CASTS_APPLICATION_GET_METHOD	com.acme.benchmark:impact-medium-app:jar@	CALLEE	RELATED_IMETHOD	5	9566	java.util.ListResourceBundle#<init>()V@JDK|context=DelegatingContext [A=Everywhere, B=Everywhere]|nodeId=9566|walaSynthetic=false|sentinelRole=NONE	DelegatingContext [A=Everywhere, B=Everywhere]	false	NONE	java.util.ListResourceBundle#<init>()V@JDK	java.util.ListResourceBundle	<init>	()V	JDK	933	933	933	3	com.apple.laf.resources.aqua_es#<init>()V@JDK	com.apple.laf.resources.aqua_es	<init>	()V	JDK	1	1	0	com.apple.laf.resources.aqua_es#<init>()V@JDK|context=DelegatingContext [A=Everywhere, B=Everywhere]|nodeId=6792|walaSynthetic=false|sentinelRole=NONE				false	DECOMPILED	74e2977d2c551f21755a370c29fc9e195326ad3ec68e70d7a52928640bf2f071	AVAILABLE	a8ab9d3f99f5d6bdd906c613dba156a07d2d98a997bfff004e341b474db71335
rta	ONE_FLOW_TO_CASTS_APPLICATION_GET_METHOD	com.acme.benchmark:impact-medium-app:jar@	CALLEE	RELATED_IMETHOD	5	9566	java.util.ListResourceBundle#<init>()V@JDK|context=DelegatingContext [A=Everywhere, B=Everywhere]|nodeId=9566|walaSynthetic=false|sentinelRole=NONE	DelegatingContext [A=Everywhere, B=Everywhere]	false	NONE	java.util.ListResourceBundle#<init>()V@JDK	java.util.ListResourceBundle	<init>	()V	JDK	933	933	933	4	com.apple.laf.resources.aqua_fr#<init>()V@JDK	com.apple.laf.resources.aqua_fr	<init>	()V	JDK	1	1	0	com.apple.laf.resources.aqua_fr#<init>()V@JDK|context=DelegatingContext [A=Everywhere, B=Everywhere]|nodeId=6793|walaSynthetic=false|sentinelRole=NONE				false	DECOMPILED	74e2977d2c551f21755a370c29fc9e195326ad3ec68e70d7a52928640bf2f071	AVAILABLE	a8ab9d3f99f5d6bdd906c613dba156a07d2d98a997bfff004e341b474db71335
rta	ONE_FLOW_TO_CASTS_APPLICATION_GET_METHOD	com.acme.benchmark:impact-medium-app:jar@	CALLEE	RELATED_IMETHOD	5	9566	java.util.ListResourceBundle#<init>()V@JDK|context=DelegatingContext [A=Everywhere, B=Everywhere]|nodeId=9566|walaSynthetic=false|sentinelRole=NONE	DelegatingContext [A=Everywhere, B=Everywhere]	false	NONE	java.util.ListResourceBundle#<init>()V@JDK	java.util.ListResourceBundle	<init>	()V	JDK	933	933	933	5	com.apple.laf.resources.aqua_it#<init>()V@JDK	com.apple.laf.resources.aqua_it	<init>	()V	JDK	1	1	0	com.apple.laf.resources.aqua_it#<init>()V@JDK|context=DelegatingContext [A=Everywhere, B=Everywhere]|nodeId=6794|walaSynthetic=false|sentinelRole=NONE				false	DECOMPILED	74e2977d2c551f21755a370c29fc9e195326ad3ec68e70d7a52928640bf2f071	AVAILABLE	a8ab9d3f99f5d6bdd906c613dba156a07d2d98a997bfff004e341b474db71335
rta	ONE_FLOW_TO_CASTS_APPLICATION_GET_METHOD	com.acme.benchmark:impact-medium-app:jar@	CALLEE	RELATED_IMETHOD	5	9566	java.util.ListResourceBundle#<init>()V@JDK|context=DelegatingContext [A=Everywhere, B=Everywhere]|nodeId=9566|walaSynthetic=false|sentinelRole=NONE	DelegatingContext [A=Everywhere, B=Everywhere]	false	NONE	java.util.ListResourceBundle#<init>()V@JDK	java.util.ListResourceBundle	<init>	()V	JDK	933	933	933	6	com.apple.laf.resources.aqua_ja#<init>()V@JDK	com.apple.laf.resources.aqua_ja	<init>	()V	JDK	1	1	0	com.apple.laf.resources.aqua_ja#<init>()V@JDK|context=DelegatingContext [A=Everywhere, B=Everywhere]|nodeId=6795|walaSynthetic=false|sentinelRole=NONE				false	DECOMPILED	74e2977d2c551f21755a370c29fc9e195326ad3ec68e70d7a52928640bf2f071	AVAILABLE	a8ab9d3f99f5d6bdd906c613dba156a07d2d98a997bfff004e341b474db71335
rta	ONE_FLOW_TO_CASTS_APPLICATION_GET_METHOD	com.acme.benchmark:impact-medium-app:jar@	CALLEE	RELATED_IMETHOD	5	9566	java.util.ListResourceBundle#<init>()V@JDK|context=DelegatingContext [A=Everywhere, B=Everywhere]|nodeId=9566|walaSynthetic=false|sentinelRole=NONE	DelegatingContext [A=Everywhere, B=Everywhere]	false	NONE	java.util.ListResourceBundle#<init>()V@JDK	java.util.ListResourceBundle	<init>	()V	JDK	933	933	933	7	com.apple.laf.resources.aqua_ko#<init>()V@JDK	com.apple.laf.resources.aqua_ko	<init>	()V	JDK	1	1	0	com.apple.laf.resources.aqua_ko#<init>()V@JDK|context=DelegatingContext [A=Everywhere, B=Everywhere]|nodeId=6796|walaSynthetic=false|sentinelRole=NONE				false	DECOMPILED	74e2977d2c551f21755a370c29fc9e195326ad3ec68e70d7a52928640bf2f071	AVAILABLE	a8ab9d3f99f5d6bdd906c613dba156a07d2d98a997bfff004e341b474db71335
rta	ONE_FLOW_TO_CASTS_APPLICATION_GET_METHOD	com.acme.benchmark:impact-medium-app:jar@	CALLEE	RELATED_IMETHOD	5	9566	java.util.ListResourceBundle#<init>()V@JDK|context=DelegatingContext [A=Everywhere, B=Everywhere]|nodeId=9566|walaSynthetic=false|sentinelRole=NONE	DelegatingContext [A=Everywhere, B=Everywhere]	false	NONE	java.util.ListResourceBundle#<init>()V@JDK	java.util.ListResourceBundle	<init>	()V	JDK	933	933	933	8	com.apple.laf.resources.aqua_pt_BR#<init>()V@JDK	com.apple.laf.resources.aqua_pt_BR	<init>	()V	JDK	1	1	0	com.apple.laf.resources.aqua_pt_BR#<init>()V@JDK|context=DelegatingContext [A=Everywhere, B=Everywhere]|nodeId=6797|walaSynthetic=false|sentinelRole=NONE				false	DECOMPILED	74e2977d2c551f21755a370c29fc9e195326ad3ec68e70d7a52928640bf2f071	AVAILABLE	a8ab9d3f99f5d6bdd906c613dba156a07d2d98a997bfff004e341b474db71335
rta	ONE_FLOW_TO_CASTS_APPLICATION_GET_METHOD	com.acme.benchmark:impact-medium-app:jar@	CALLEE	RELATED_IMETHOD	5	9566	java.util.ListResourceBundle#<init>()V@JDK|context=DelegatingContext [A=Everywhere, B=Everywhere]|nodeId=9566|walaSynthetic=false|sentinelRole=NONE	DelegatingContext [A=Everywhere, B=Everywhere]	false	NONE	java.util.ListResourceBundle#<init>()V@JDK	java.util.ListResourceBundle	<init>	()V	JDK	933	933	933	9	com.apple.laf.resources.aqua_sv#<init>()V@JDK	com.apple.laf.resources.aqua_sv	<init>	()V	JDK	1	1	0	com.apple.laf.resources.aqua_sv#<init>()V@JDK|context=DelegatingContext [A=Everywhere, B=Everywhere]|nodeId=6798|walaSynthetic=false|sentinelRole=NONE				false	DECOMPILED	74e2977d2c551f21755a370c29fc9e195326ad3ec68e70d7a52928640bf2f071	AVAILABLE	a8ab9d3f99f5d6bdd906c613dba156a07d2d98a997bfff004e341b474db71335
rta	ONE_FLOW_TO_CASTS_APPLICATION_GET_METHOD	com.acme.benchmark:impact-medium-app:jar@	CALLEE	RELATED_IMETHOD	5	9566	java.util.ListResourceBundle#<init>()V@JDK|context=DelegatingContext [A=Everywhere, B=Everywhere]|nodeId=9566|walaSynthetic=false|sentinelRole=NONE	DelegatingContext [A=Everywhere, B=Everywhere]	false	NONE	java.util.ListResourceBundle#<init>()V@JDK	java.util.ListResourceBundle	<init>	()V	JDK	933	933	933	10	com.apple.laf.resources.aqua_zh_CN#<init>()V@JDK	com.apple.laf.resources.aqua_zh_CN	<init>	()V	JDK	1	1	0	com.apple.laf.resources.aqua_zh_CN#<init>()V@JDK|context=DelegatingContext [A=Everywhere, B=Everywhere]|nodeId=6799|walaSynthetic=false|sentinelRole=NONE				false	DECOMPILED	74e2977d2c551f21755a370c29fc9e195326ad3ec68e70d7a52928640bf2f071	AVAILABLE	a8ab9d3f99f5d6bdd906c613dba156a07d2d98a997bfff004e341b474db71335
rta	ONE_FLOW_TO_CASTS_APPLICATION_GET_METHOD	com.acme.benchmark:impact-medium-app:jar@	CALLEE	REACHABILITY_PATH	5	9566	java.util.ListResourceBundle#<init>()V@JDK|context=DelegatingContext [A=Everywhere, B=Everywhere]|nodeId=9566|walaSynthetic=false|sentinelRole=NONE	DelegatingContext [A=Everywhere, B=Everywhere]	false	NONE	java.util.ListResourceBundle#<init>()V@JDK	java.util.ListResourceBundle	<init>	()V	JDK	933	933	933											FAKE_ROOT	com.ibm.wala.FakeRootClass#fakeRootMethod()V@SYNTHETIC|context=Everywhere|nodeId=0|walaSynthetic=true|sentinelRole=FAKE_ROOT	[FAKE_ROOT] com.ibm.wala.FakeRootClass#fakeRootMethod()V@SYNTHETIC|context=Everywhere|nodeId=0|walaSynthetic=true|sentinelRole=FAKE_ROOT -> [FAKE_WORLD_CLINIT] com.ibm.wala.FakeRootClass#fakeWorldClinit()V@SYNTHETIC|context=Everywhere|nodeId=1|walaSynthetic=true|sentinelRole=FAKE_WORLD_CLINIT -> com.sun.xml.internal.bind.Messages#<clinit>()V@JDK|context=Everywhere|nodeId=6272|walaSynthetic=false|sentinelRole=NONE -> java.util.ResourceBundle#getBundle(Ljava/lang/String;)Ljava/util/ResourceBundle;@JDK|context=DelegatingContext [A=Everywhere, B=Everywhere]|nodeId=9008|walaSynthetic=false|sentinelRole=NONE -> java.util.ResourceBundle#getBundleImpl(Ljava/lang/String;Ljava/util/Locale;Ljava/lang/ClassLoader;Ljava/util/ResourceBundle$Control;)Ljava/util/ResourceBundle;@JDK|context=DelegatingContext [A=Everywhere, B=Everywhere]|nodeId=3033|walaSynthetic=false|sentinelRole=NONE -> java.util.ResourceBundle#findBundle(Ljava/util/ResourceBundle$CacheKey;Ljava/util/List;Ljava/util/List;ILjava/util/ResourceBundle$Control;Ljava/util/ResourceBundle;)Ljava/util/ResourceBundle;@JDK|context=DelegatingContext [A=Everywhere, B=Everywhere]|nodeId=3220|walaSynthetic=false|sentinelRole=NONE -> java.util.ResourceBundle#loadBundle(Ljava/util/ResourceBundle$CacheKey;Ljava/util/List;Ljava/util/ResourceBundle$Control;Z)Ljava/util/ResourceBundle;@JDK|context=DelegatingContext [A=Everywhere, B=Everywhere]|nodeId=3486|walaSynthetic=false|sentinelRole=NONE -> java.util.ResourceBundle$Control#newBundle(Ljava/lang/String;Ljava/util/Locale;Ljava/lang/String;Ljava/lang/ClassLoader;Z)Ljava/util/ResourceBundle;@JDK|context=DelegatingContext [A=Everywhere, B=Everywhere]|nodeId=4253|walaSynthetic=false|sentinelRole=NONE -> java.lang.Class#newInstance()Ljava/lang/Object;@JDK|context=DelegatingContext [A=DelegatingContext [A=CallStringContext: [ java.util.ResourceBundle$Control.newBundle(Ljava/lang/String;Ljava/util/Locale;Ljava/lang/String;Ljava/lang/ClassLoader;Z)Ljava/util/ResourceBundle;@41 ], B=Everywhere], B=DelegatingContext [A=CallStringContext: [ java.util.ResourceBundle$Control.newBundle(Ljava/lang/String;Ljava/util/Locale;Ljava/lang/String;Ljava/lang/ClassLoader;Z)Ljava/util/ResourceBundle;@41 ], B=Everywhere]]|nodeId=4519|walaSynthetic=true|sentinelRole=NONE -> com.apple.laf.resources.aqua#<init>()V@JDK|context=DelegatingContext [A=Everywhere, B=Everywhere]|nodeId=7095|walaSynthetic=false|sentinelRole=NONE -> java.util.ListResourceBundle#<init>()V@JDK|context=DelegatingContext [A=Everywhere, B=Everywhere]|nodeId=9566|walaSynthetic=false|sentinelRole=NONE	false	DECOMPILED	74e2977d2c551f21755a370c29fc9e195326ad3ec68e70d7a52928640bf2f071	AVAILABLE	a8ab9d3f99f5d6bdd906c613dba156a07d2d98a997bfff004e341b474db71335
rta	ONE_FLOW_TO_CASTS_APPLICATION_GET_METHOD	com.acme.benchmark:impact-medium-app:jar@	CALLEE	REACHABILITY_PATH	5	9566	java.util.ListResourceBundle#<init>()V@JDK|context=DelegatingContext [A=Everywhere, B=Everywhere]|nodeId=9566|walaSynthetic=false|sentinelRole=NONE	DelegatingContext [A=Everywhere, B=Everywhere]	false	NONE	java.util.ListResourceBundle#<init>()V@JDK	java.util.ListResourceBundle	<init>	()V	JDK	933	933	933											FAKE_WORLD_CLINIT	com.ibm.wala.FakeRootClass#fakeWorldClinit()V@SYNTHETIC|context=Everywhere|nodeId=1|walaSynthetic=true|sentinelRole=FAKE_WORLD_CLINIT	[FAKE_WORLD_CLINIT] com.ibm.wala.FakeRootClass#fakeWorldClinit()V@SYNTHETIC|context=Everywhere|nodeId=1|walaSynthetic=true|sentinelRole=FAKE_WORLD_CLINIT -> com.sun.xml.internal.bind.Messages#<clinit>()V@JDK|context=Everywhere|nodeId=6272|walaSynthetic=false|sentinelRole=NONE -> java.util.ResourceBundle#getBundle(Ljava/lang/String;)Ljava/util/ResourceBundle;@JDK|context=DelegatingContext [A=Everywhere, B=Everywhere]|nodeId=9008|walaSynthetic=false|sentinelRole=NONE -> java.util.ResourceBundle#getBundleImpl(Ljava/lang/String;Ljava/util/Locale;Ljava/lang/ClassLoader;Ljava/util/ResourceBundle$Control;)Ljava/util/ResourceBundle;@JDK|context=DelegatingContext [A=Everywhere, B=Everywhere]|nodeId=3033|walaSynthetic=false|sentinelRole=NONE -> java.util.ResourceBundle#findBundle(Ljava/util/ResourceBundle$CacheKey;Ljava/util/List;Ljava/util/List;ILjava/util/ResourceBundle$Control;Ljava/util/ResourceBundle;)Ljava/util/ResourceBundle;@JDK|context=DelegatingContext [A=Everywhere, B=Everywhere]|nodeId=3220|walaSynthetic=false|sentinelRole=NONE -> java.util.ResourceBundle#loadBundle(Ljava/util/ResourceBundle$CacheKey;Ljava/util/List;Ljava/util/ResourceBundle$Control;Z)Ljava/util/ResourceBundle;@JDK|context=DelegatingContext [A=Everywhere, B=Everywhere]|nodeId=3486|walaSynthetic=false|sentinelRole=NONE -> java.util.ResourceBundle$Control#newBundle(Ljava/lang/String;Ljava/util/Locale;Ljava/lang/String;Ljava/lang/ClassLoader;Z)Ljava/util/ResourceBundle;@JDK|context=DelegatingContext [A=Everywhere, B=Everywhere]|nodeId=4253|walaSynthetic=false|sentinelRole=NONE -> java.lang.Class#newInstance()Ljava/lang/Object;@JDK|context=DelegatingContext [A=DelegatingContext [A=CallStringContext: [ java.util.ResourceBundle$Control.newBundle(Ljava/lang/String;Ljava/util/Locale;Ljava/lang/String;Ljava/lang/ClassLoader;Z)Ljava/util/ResourceBundle;@41 ], B=Everywhere], B=DelegatingContext [A=CallStringContext: [ java.util.ResourceBundle$Control.newBundle(Ljava/lang/String;Ljava/util/Locale;Ljava/lang/String;Ljava/lang/ClassLoader;Z)Ljava/util/ResourceBundle;@41 ], B=Everywhere]]|nodeId=4519|walaSynthetic=true|sentinelRole=NONE -> com.apple.laf.resources.aqua#<init>()V@JDK|context=DelegatingContext [A=Everywhere, B=Everywhere]|nodeId=7095|walaSynthetic=false|sentinelRole=NONE -> java.util.ListResourceBundle#<init>()V@JDK|context=DelegatingContext [A=Everywhere, B=Everywhere]|nodeId=9566|walaSynthetic=false|sentinelRole=NONE	false	DECOMPILED	74e2977d2c551f21755a370c29fc9e195326ad3ec68e70d7a52928640bf2f071	AVAILABLE	a8ab9d3f99f5d6bdd906c613dba156a07d2d98a997bfff004e341b474db71335
rta	ONE_FLOW_TO_CASTS_APPLICATION_GET_METHOD	com.acme.benchmark:impact-medium-app:jar@	CALLEE	RANKED_CGNODE	6	210	java.lang.AssertionError#<init>()V@JDK|context=DelegatingContext [A=Everywhere, B=Everywhere]|nodeId=210|walaSynthetic=false|sentinelRole=NONE	DelegatingContext [A=Everywhere, B=Everywhere]	false	NONE	java.lang.AssertionError#<init>()V@JDK	java.lang.AssertionError	<init>	()V	JDK	531	531	531														false	DECOMPILED	4ab89e352f9a32a7f882a66897073ef27e9a8bc85dceae8ad7037045a14a0cc1	AVAILABLE	7b7147a8d2705f5b998b3f26c2316e6b4bff37429213226269917f424dd239e7
rta	ONE_FLOW_TO_CASTS_APPLICATION_GET_METHOD	com.acme.benchmark:impact-medium-app:jar@	CALLEE	RELATED_IMETHOD	6	210	java.lang.AssertionError#<init>()V@JDK|context=DelegatingContext [A=Everywhere, B=Everywhere]|nodeId=210|walaSynthetic=false|sentinelRole=NONE	DelegatingContext [A=Everywhere, B=Everywhere]	false	NONE	java.lang.AssertionError#<init>()V@JDK	java.lang.AssertionError	<init>	()V	JDK	531	531	531	1	com.sun.java.util.jar.pack.Attribute#<clinit>()V@JDK	com.sun.java.util.jar.pack.Attribute	<clinit>	()V	JDK	1	1	0	com.sun.java.util.jar.pack.Attribute#<clinit>()V@JDK|context=Everywhere|nodeId=6232|walaSynthetic=false|sentinelRole=NONE				false	DECOMPILED	4ab89e352f9a32a7f882a66897073ef27e9a8bc85dceae8ad7037045a14a0cc1	AVAILABLE	7b7147a8d2705f5b998b3f26c2316e6b4bff37429213226269917f424dd239e7
rta	ONE_FLOW_TO_CASTS_APPLICATION_GET_METHOD	com.acme.benchmark:impact-medium-app:jar@	CALLEE	RELATED_IMETHOD	6	210	java.lang.AssertionError#<init>()V@JDK|context=DelegatingContext [A=Everywhere, B=Everywhere]|nodeId=210|walaSynthetic=false|sentinelRole=NONE	DelegatingContext [A=Everywhere, B=Everywhere]	false	NONE	java.lang.AssertionError#<init>()V@JDK	java.lang.AssertionError	<init>	()V	JDK	531	531	531	2	com.sun.java.util.jar.pack.Attribute#expandCaseDashNotation(Ljava/lang/String;)Ljava/lang/String;@JDK	com.sun.java.util.jar.pack.Attribute	expandCaseDashNotation	(Ljava/lang/String;)Ljava/lang/String;	JDK	1	1	0	com.sun.java.util.jar.pack.Attribute#expandCaseDashNotation(Ljava/lang/String;)Ljava/lang/String;@JDK|context=DelegatingContext [A=Everywhere, B=Everywhere]|nodeId=8975|walaSynthetic=false|sentinelRole=NONE				false	DECOMPILED	4ab89e352f9a32a7f882a66897073ef27e9a8bc85dceae8ad7037045a14a0cc1	AVAILABLE	7b7147a8d2705f5b998b3f26c2316e6b4bff37429213226269917f424dd239e7
rta	ONE_FLOW_TO_CASTS_APPLICATION_GET_METHOD	com.acme.benchmark:impact-medium-app:jar@	CALLEE	RELATED_IMETHOD	6	210	java.lang.AssertionError#<init>()V@JDK|context=DelegatingContext [A=Everywhere, B=Everywhere]|nodeId=210|walaSynthetic=false|sentinelRole=NONE	DelegatingContext [A=Everywhere, B=Everywhere]	false	NONE	java.lang.AssertionError#<init>()V@JDK	java.lang.AssertionError	<init>	()V	JDK	531	531	531	3	com.sun.java.util.jar.pack.Attribute#matchCase(Lcom/sun/java/util/jar/pack/Attribute$Layout$Element;I)Lcom/sun/java/util/jar/pack/Attribute$Layout$Element;@JDK	com.sun.java.util.jar.pack.Attribute	matchCase	(Lcom/sun/java/util/jar/pack/Attribute$Layout$Element;I)Lcom/sun/java/util/jar/pack/Attribute$Layout$Element;	JDK	1	1	0	com.sun.java.util.jar.pack.Attribute#matchCase(Lcom/sun/java/util/jar/pack/Attribute$Layout$Element;I)Lcom/sun/java/util/jar/pack/Attribute$Layout$Element;@JDK|context=DelegatingContext [A=Everywhere, B=Everywhere]|nodeId=16829|walaSynthetic=false|sentinelRole=NONE				false	DECOMPILED	4ab89e352f9a32a7f882a66897073ef27e9a8bc85dceae8ad7037045a14a0cc1	AVAILABLE	7b7147a8d2705f5b998b3f26c2316e6b4bff37429213226269917f424dd239e7
rta	ONE_FLOW_TO_CASTS_APPLICATION_GET_METHOD	com.acme.benchmark:impact-medium-app:jar@	CALLEE	RELATED_IMETHOD	6	210	java.lang.AssertionError#<init>()V@JDK|context=DelegatingContext [A=Everywhere, B=Everywhere]|nodeId=210|walaSynthetic=false|sentinelRole=NONE	DelegatingContext [A=Everywhere, B=Everywhere]	false	NONE	java.lang.AssertionError#<init>()V@JDK	java.lang.AssertionError	<init>	()V	JDK	531	531	531	4	com.sun.java.util.jar.pack.Attribute#parseIntBefore(Ljava/lang/String;I)I@JDK	com.sun.java.util.jar.pack.Attribute	parseIntBefore	(Ljava/lang/String;I)I	JDK	1	1	0	com.sun.java.util.jar.pack.Attribute#parseIntBefore(Ljava/lang/String;I)I@JDK|context=DelegatingContext [A=Everywhere, B=Everywhere]|nodeId=9719|walaSynthetic=false|sentinelRole=NONE				false	DECOMPILED	4ab89e352f9a32a7f882a66897073ef27e9a8bc85dceae8ad7037045a14a0cc1	AVAILABLE	7b7147a8d2705f5b998b3f26c2316e6b4bff37429213226269917f424dd239e7
rta	ONE_FLOW_TO_CASTS_APPLICATION_GET_METHOD	com.acme.benchmark:impact-medium-app:jar@	CALLEE	RELATED_IMETHOD	6	210	java.lang.AssertionError#<init>()V@JDK|context=DelegatingContext [A=Everywhere, B=Everywhere]|nodeId=210|walaSynthetic=false|sentinelRole=NONE	DelegatingContext [A=Everywhere, B=Everywhere]	false	NONE	java.lang.AssertionError#<init>()V@JDK	java.lang.AssertionError	<init>	()V	JDK	531	531	531	5	com.sun.java.util.jar.pack.Attribute#skipBody(Ljava/lang/String;I)I@JDK	com.sun.java.util.jar.pack.Attribute	skipBody	(Ljava/lang/String;I)I	JDK	1	1	0	com.sun.java.util.jar.pack.Attribute#skipBody(Ljava/lang/String;I)I@JDK|context=DelegatingContext [A=Everywhere, B=Everywhere]|nodeId=16184|walaSynthetic=false|sentinelRole=NONE				false	DECOMPILED	4ab89e352f9a32a7f882a66897073ef27e9a8bc85dceae8ad7037045a14a0cc1	AVAILABLE	7b7147a8d2705f5b998b3f26c2316e6b4bff37429213226269917f424dd239e7
rta	ONE_FLOW_TO_CASTS_APPLICATION_GET_METHOD	com.acme.benchmark:impact-medium-app:jar@	CALLEE	RELATED_IMETHOD	6	210	java.lang.AssertionError#<init>()V@JDK|context=DelegatingContext [A=Everywhere, B=Everywhere]|nodeId=210|walaSynthetic=false|sentinelRole=NONE	DelegatingContext [A=Everywhere, B=Everywhere]	false	NONE	java.lang.AssertionError#<init>()V@JDK	java.lang.AssertionError	<init>	()V	JDK	531	531	531	6	com.sun.java.util.jar.pack.Attribute#tokenizeLayout(Lcom/sun/java/util/jar/pack/Attribute$Layout;ILjava/lang/String;Ljava/util/List;)V@JDK	com.sun.java.util.jar.pack.Attribute	tokenizeLayout	(Lcom/sun/java/util/jar/pack/Attribute$Layout;ILjava/lang/String;Ljava/util/List;)V	JDK	1	1	0	com.sun.java.util.jar.pack.Attribute#tokenizeLayout(Lcom/sun/java/util/jar/pack/Attribute$Layout;ILjava/lang/String;Ljava/util/List;)V@JDK|context=DelegatingContext [A=Everywhere, B=Everywhere]|nodeId=16183|walaSynthetic=false|sentinelRole=NONE				false	DECOMPILED	4ab89e352f9a32a7f882a66897073ef27e9a8bc85dceae8ad7037045a14a0cc1	AVAILABLE	7b7147a8d2705f5b998b3f26c2316e6b4bff37429213226269917f424dd239e7
rta	ONE_FLOW_TO_CASTS_APPLICATION_GET_METHOD	com.acme.benchmark:impact-medium-app:jar@	CALLEE	RELATED_IMETHOD	6	210	java.lang.AssertionError#<init>()V@JDK|context=DelegatingContext [A=Everywhere, B=Everywhere]|nodeId=210|walaSynthetic=false|sentinelRole=NONE	DelegatingContext [A=Everywhere, B=Everywhere]	false	NONE	java.lang.AssertionError#<init>()V@JDK	java.lang.AssertionError	<init>	()V	JDK	531	531	531	7	com.sun.java.util.jar.pack.Attribute$Layout#<init>(ILjava/lang/String;Ljava/lang/String;)V@JDK	com.sun.java.util.jar.pack.Attribute$Layout	<init>	(ILjava/lang/String;Ljava/lang/String;)V	JDK	1	1	0	com.sun.java.util.jar.pack.Attribute$Layout#<init>(ILjava/lang/String;Ljava/lang/String;)V@JDK|context=DelegatingContext [A=Everywhere, B=Everywhere]|nodeId=14068|walaSynthetic=false|sentinelRole=NONE				false	DECOMPILED	4ab89e352f9a32a7f882a66897073ef27e9a8bc85dceae8ad7037045a14a0cc1	AVAILABLE	7b7147a8d2705f5b998b3f26c2316e6b4bff37429213226269917f424dd239e7
rta	ONE_FLOW_TO_CASTS_APPLICATION_GET_METHOD	com.acme.benchmark:impact-medium-app:jar@	CALLEE	RELATED_IMETHOD	6	210	java.lang.AssertionError#<init>()V@JDK|context=DelegatingContext [A=Everywhere, B=Everywhere]|nodeId=210|walaSynthetic=false|sentinelRole=NONE	DelegatingContext [A=Everywhere, B=Everywhere]	false	NONE	java.lang.AssertionError#<init>()V@JDK	java.lang.AssertionError	<init>	()V	JDK	531	531	531	8	com.sun.java.util.jar.pack.Attribute$Layout#makeKey(ILjava/lang/String;Ljava/lang/String;)Lcom/sun/java/util/jar/pack/Attribute$Layout;@JDK	com.sun.java.util.jar.pack.Attribute$Layout	makeKey	(ILjava/lang/String;Ljava/lang/String;)Lcom/sun/java/util/jar/pack/Attribute$Layout;	JDK	1	1	0	com.sun.java.util.jar.pack.Attribute$Layout#makeKey(ILjava/lang/String;Ljava/lang/String;)Lcom/sun/java/util/jar/pack/Attribute$Layout;@JDK|context=DelegatingContext [A=Everywhere, B=Everywhere]|nodeId=14067|walaSynthetic=false|sentinelRole=NONE				false	DECOMPILED	4ab89e352f9a32a7f882a66897073ef27e9a8bc85dceae8ad7037045a14a0cc1	AVAILABLE	7b7147a8d2705f5b998b3f26c2316e6b4bff37429213226269917f424dd239e7
rta	ONE_FLOW_TO_CASTS_APPLICATION_GET_METHOD	com.acme.benchmark:impact-medium-app:jar@	CALLEE	RELATED_IMETHOD	6	210	java.lang.AssertionError#<init>()V@JDK|context=DelegatingContext [A=Everywhere, B=Everywhere]|nodeId=210|walaSynthetic=false|sentinelRole=NONE	DelegatingContext [A=Everywhere, B=Everywhere]	false	NONE	java.lang.AssertionError#<init>()V@JDK	java.lang.AssertionError	<init>	()V	JDK	531	531	531	9	com.sun.java.util.jar.pack.Attribute$Layout#toString()Ljava/lang/String;@JDK	com.sun.java.util.jar.pack.Attribute$Layout	toString	()Ljava/lang/String;	JDK	1	1	0	com.sun.java.util.jar.pack.Attribute$Layout#toString()Ljava/lang/String;@JDK|context=DelegatingContext [A=Everywhere, B=Everywhere]|nodeId=17041|walaSynthetic=false|sentinelRole=NONE				false	DECOMPILED	4ab89e352f9a32a7f882a66897073ef27e9a8bc85dceae8ad7037045a14a0cc1	AVAILABLE	7b7147a8d2705f5b998b3f26c2316e6b4bff37429213226269917f424dd239e7
rta	ONE_FLOW_TO_CASTS_APPLICATION_GET_METHOD	com.acme.benchmark:impact-medium-app:jar@	CALLEE	RELATED_IMETHOD	6	210	java.lang.AssertionError#<init>()V@JDK|context=DelegatingContext [A=Everywhere, B=Everywhere]|nodeId=210|walaSynthetic=false|sentinelRole=NONE	DelegatingContext [A=Everywhere, B=Everywhere]	false	NONE	java.lang.AssertionError#<init>()V@JDK	java.lang.AssertionError	<init>	()V	JDK	531	531	531	10	com.sun.java.util.jar.pack.Attribute$Layout$Element#removeBand()V@JDK	com.sun.java.util.jar.pack.Attribute$Layout$Element	removeBand	()V	JDK	1	1	0	com.sun.java.util.jar.pack.Attribute$Layout$Element#removeBand()V@JDK|context=DelegatingContext [A=Everywhere, B=Everywhere]|nodeId=14679|walaSynthetic=false|sentinelRole=NONE				false	DECOMPILED	4ab89e352f9a32a7f882a66897073ef27e9a8bc85dceae8ad7037045a14a0cc1	AVAILABLE	7b7147a8d2705f5b998b3f26c2316e6b4bff37429213226269917f424dd239e7
rta	ONE_FLOW_TO_CASTS_APPLICATION_GET_METHOD	com.acme.benchmark:impact-medium-app:jar@	CALLEE	REACHABILITY_PATH	6	210	java.lang.AssertionError#<init>()V@JDK|context=DelegatingContext [A=Everywhere, B=Everywhere]|nodeId=210|walaSynthetic=false|sentinelRole=NONE	DelegatingContext [A=Everywhere, B=Everywhere]	false	NONE	java.lang.AssertionError#<init>()V@JDK	java.lang.AssertionError	<init>	()V	JDK	531	531	531											FAKE_ROOT	com.ibm.wala.FakeRootClass#fakeRootMethod()V@SYNTHETIC|context=Everywhere|nodeId=0|walaSynthetic=true|sentinelRole=FAKE_ROOT	[FAKE_ROOT] com.ibm.wala.FakeRootClass#fakeRootMethod()V@SYNTHETIC|context=Everywhere|nodeId=0|walaSynthetic=true|sentinelRole=FAKE_ROOT -> [FAKE_WORLD_CLINIT] com.ibm.wala.FakeRootClass#fakeWorldClinit()V@SYNTHETIC|context=Everywhere|nodeId=1|walaSynthetic=true|sentinelRole=FAKE_WORLD_CLINIT -> com.sun.java.util.jar.pack.Attribute#<clinit>()V@JDK|context=Everywhere|nodeId=6232|walaSynthetic=false|sentinelRole=NONE -> java.lang.AssertionError#<init>()V@JDK|context=DelegatingContext [A=Everywhere, B=Everywhere]|nodeId=210|walaSynthetic=false|sentinelRole=NONE	false	DECOMPILED	4ab89e352f9a32a7f882a66897073ef27e9a8bc85dceae8ad7037045a14a0cc1	AVAILABLE	7b7147a8d2705f5b998b3f26c2316e6b4bff37429213226269917f424dd239e7
rta	ONE_FLOW_TO_CASTS_APPLICATION_GET_METHOD	com.acme.benchmark:impact-medium-app:jar@	CALLEE	REACHABILITY_PATH	6	210	java.lang.AssertionError#<init>()V@JDK|context=DelegatingContext [A=Everywhere, B=Everywhere]|nodeId=210|walaSynthetic=false|sentinelRole=NONE	DelegatingContext [A=Everywhere, B=Everywhere]	false	NONE	java.lang.AssertionError#<init>()V@JDK	java.lang.AssertionError	<init>	()V	JDK	531	531	531											FAKE_WORLD_CLINIT	com.ibm.wala.FakeRootClass#fakeWorldClinit()V@SYNTHETIC|context=Everywhere|nodeId=1|walaSynthetic=true|sentinelRole=FAKE_WORLD_CLINIT	[FAKE_WORLD_CLINIT] com.ibm.wala.FakeRootClass#fakeWorldClinit()V@SYNTHETIC|context=Everywhere|nodeId=1|walaSynthetic=true|sentinelRole=FAKE_WORLD_CLINIT -> com.sun.java.util.jar.pack.Attribute#<clinit>()V@JDK|context=Everywhere|nodeId=6232|walaSynthetic=false|sentinelRole=NONE -> java.lang.AssertionError#<init>()V@JDK|context=DelegatingContext [A=Everywhere, B=Everywhere]|nodeId=210|walaSynthetic=false|sentinelRole=NONE	false	DECOMPILED	4ab89e352f9a32a7f882a66897073ef27e9a8bc85dceae8ad7037045a14a0cc1	AVAILABLE	7b7147a8d2705f5b998b3f26c2316e6b4bff37429213226269917f424dd239e7
rta	ONE_FLOW_TO_CASTS_APPLICATION_GET_METHOD	com.acme.benchmark:impact-medium-app:jar@	CALLEE	RANKED_CGNODE	7	246	java.lang.String#equals(Ljava/lang/Object;)Z@JDK|context=DelegatingContext [A=Everywhere, B=Everywhere]|nodeId=246|walaSynthetic=false|sentinelRole=NONE	DelegatingContext [A=Everywhere, B=Everywhere]	false	NONE	java.lang.String#equals(Ljava/lang/Object;)Z@JDK	java.lang.String	equals	(Ljava/lang/Object;)Z	JDK	517	517	517														false	DECOMPILED	e2d1ca8425cce6e288f84c143a43ec238501054718c76559fb8ec2571268045c	AVAILABLE	38792e83e684c9740bbf644f229350d733b5769e5b912307414a26af806fe574
rta	ONE_FLOW_TO_CASTS_APPLICATION_GET_METHOD	com.acme.benchmark:impact-medium-app:jar@	CALLEE	RELATED_IMETHOD	7	246	java.lang.String#equals(Ljava/lang/Object;)Z@JDK|context=DelegatingContext [A=Everywhere, B=Everywhere]|nodeId=246|walaSynthetic=false|sentinelRole=NONE	DelegatingContext [A=Everywhere, B=Everywhere]	false	NONE	java.lang.String#equals(Ljava/lang/Object;)Z@JDK	java.lang.String	equals	(Ljava/lang/Object;)Z	JDK	517	517	517	1	com.sun.corba.se.spi.orb.ParserImplTableBase$MapEntry#equals(Ljava/lang/Object;)Z@JDK	com.sun.corba.se.spi.orb.ParserImplTableBase$MapEntry	equals	(Ljava/lang/Object;)Z	JDK	1	1	0	com.sun.corba.se.spi.orb.ParserImplTableBase$MapEntry#equals(Ljava/lang/Object;)Z@JDK|context=DelegatingContext [A=Everywhere, B=Everywhere]|nodeId=13747|walaSynthetic=false|sentinelRole=NONE				false	DECOMPILED	e2d1ca8425cce6e288f84c143a43ec238501054718c76559fb8ec2571268045c	AVAILABLE	38792e83e684c9740bbf644f229350d733b5769e5b912307414a26af806fe574
rta	ONE_FLOW_TO_CASTS_APPLICATION_GET_METHOD	com.acme.benchmark:impact-medium-app:jar@	CALLEE	RELATED_IMETHOD	7	246	java.lang.String#equals(Ljava/lang/Object;)Z@JDK|context=DelegatingContext [A=Everywhere, B=Everywhere]|nodeId=246|walaSynthetic=false|sentinelRole=NONE	DelegatingContext [A=Everywhere, B=Everywhere]	false	NONE	java.lang.String#equals(Ljava/lang/Object;)Z@JDK	java.lang.String	equals	(Ljava/lang/Object;)Z	JDK	517	517	517	2	com.sun.java.util.jar.pack.Attribute#<clinit>()V@JDK	com.sun.java.util.jar.pack.Attribute	<clinit>	()V	JDK	1	1	0	com.sun.java.util.jar.pack.Attribute#<clinit>()V@JDK|context=Everywhere|nodeId=6232|walaSynthetic=false|sentinelRole=NONE				false	DECOMPILED	e2d1ca8425cce6e288f84c143a43ec238501054718c76559fb8ec2571268045c	AVAILABLE	38792e83e684c9740bbf644f229350d733b5769e5b912307414a26af806fe574
rta	ONE_FLOW_TO_CASTS_APPLICATION_GET_METHOD	com.acme.benchmark:impact-medium-app:jar@	CALLEE	RELATED_IMETHOD	7	246	java.lang.String#equals(Ljava/lang/Object;)Z@JDK|context=DelegatingContext [A=Everywhere, B=Everywhere]|nodeId=246|walaSynthetic=false|sentinelRole=NONE	DelegatingContext [A=Everywhere, B=Everywhere]	false	NONE	java.lang.String#equals(Ljava/lang/Object;)Z@JDK	java.lang.String	equals	(Ljava/lang/Object;)Z	JDK	517	517	517	3	com.sun.java.util.jar.pack.Attribute#tokenizeLayout(Lcom/sun/java/util/jar/pack/Attribute$Layout;ILjava/lang/String;Ljava/util/List;)V@JDK	com.sun.java.util.jar.pack.Attribute	tokenizeLayout	(Lcom/sun/java/util/jar/pack/Attribute$Layout;ILjava/lang/String;Ljava/util/List;)V	JDK	1	1	0	com.sun.java.util.jar.pack.Attribute#tokenizeLayout(Lcom/sun/java/util/jar/pack/Attribute$Layout;ILjava/lang/String;Ljava/util/List;)V@JDK|context=DelegatingContext [A=Everywhere, B=Everywhere]|nodeId=16183|walaSynthetic=false|sentinelRole=NONE				false	DECOMPILED	e2d1ca8425cce6e288f84c143a43ec238501054718c76559fb8ec2571268045c	AVAILABLE	38792e83e684c9740bbf644f229350d733b5769e5b912307414a26af806fe574
rta	ONE_FLOW_TO_CASTS_APPLICATION_GET_METHOD	com.acme.benchmark:impact-medium-app:jar@	CALLEE	RELATED_IMETHOD	7	246	java.lang.String#equals(Ljava/lang/Object;)Z@JDK|context=DelegatingContext [A=Everywhere, B=Everywhere]|nodeId=246|walaSynthetic=false|sentinelRole=NONE	DelegatingContext [A=Everywhere, B=Everywhere]	false	NONE	java.lang.String#equals(Ljava/lang/Object;)Z@JDK	java.lang.String	equals	(Ljava/lang/Object;)Z	JDK	517	517	517	4	com.sun.java.util.jar.pack.Attribute$Layout#equals(Lcom/sun/java/util/jar/pack/Attribute$Layout;)Z@JDK	com.sun.java.util.jar.pack.Attribute$Layout	equals	(Lcom/sun/java/util/jar/pack/Attribute$Layout;)Z	JDK	1	1	0	com.sun.java.util.jar.pack.Attribute$Layout#equals(Lcom/sun/java/util/jar/pack/Attribute$Layout;)Z@JDK|context=DelegatingContext [A=Everywhere, B=Everywhere]|nodeId=14593|walaSynthetic=false|sentinelRole=NONE				false	DECOMPILED	e2d1ca8425cce6e288f84c143a43ec238501054718c76559fb8ec2571268045c	AVAILABLE	38792e83e684c9740bbf644f229350d733b5769e5b912307414a26af806fe574
rta	ONE_FLOW_TO_CASTS_APPLICATION_GET_METHOD	com.acme.benchmark:impact-medium-app:jar@	CALLEE	RELATED_IMETHOD	7	246	java.lang.String#equals(Ljava/lang/Object;)Z@JDK|context=DelegatingContext [A=Everywhere, B=Everywhere]|nodeId=246|walaSynthetic=false|sentinelRole=NONE	DelegatingContext [A=Everywhere, B=Everywhere]	false	NONE	java.lang.String#equals(Ljava/lang/Object;)Z@JDK	java.lang.String	equals	(Ljava/lang/Object;)Z	JDK	517	517	517	5	com.sun.java.util.jar.pack.ConstantPool#compareSignatures(Ljava/lang/String;Ljava/lang/String;[Ljava/lang/String;[Ljava/lang/String;)I@JDK	com.sun.java.util.jar.pack.ConstantPool	compareSignatures	(Ljava/lang/String;Ljava/lang/String;[Ljava/lang/String;[Ljava/lang/String;)I	JDK	1	1	0	com.sun.java.util.jar.pack.ConstantPool#compareSignatures(Ljava/lang/String;Ljava/lang/String;[Ljava/lang/String;[Ljava/lang/String;)I@JDK|context=DelegatingContext [A=Everywhere, B=Everywhere]|nodeId=23941|walaSynthetic=false|sentinelRole=NONE				false	DECOMPILED	e2d1ca8425cce6e288f84c143a43ec238501054718c76559fb8ec2571268045c	AVAILABLE	38792e83e684c9740bbf644f229350d733b5769e5b912307414a26af806fe574
rta	ONE_FLOW_TO_CASTS_APPLICATION_GET_METHOD	com.acme.benchmark:impact-medium-app:jar@	CALLEE	RELATED_IMETHOD	7	246	java.lang.String#equals(Ljava/lang/Object;)Z@JDK|context=DelegatingContext [A=Everywhere, B=Everywhere]|nodeId=246|walaSynthetic=false|sentinelRole=NONE	DelegatingContext [A=Everywhere, B=Everywhere]	false	NONE	java.lang.String#equals(Ljava/lang/Object;)Z@JDK	java.lang.String	equals	(Ljava/lang/Object;)Z	JDK	517	517	517	6	com.sun.java.util.jar.pack.ConstantPool$NumberEntry#equals(Ljava/lang/Object;)Z@JDK	com.sun.java.util.jar.pack.ConstantPool$NumberEntry	equals	(Ljava/lang/Object;)Z	JDK	1	1	0	com.sun.java.util.jar.pack.ConstantPool$NumberEntry#equals(Ljava/lang/Object;)Z@JDK|context=DelegatingContext [A=Everywhere, B=Everywhere]|nodeId=13769|walaSynthetic=false|sentinelRole=NONE				false	DECOMPILED	e2d1ca8425cce6e288f84c143a43ec238501054718c76559fb8ec2571268045c	AVAILABLE	38792e83e684c9740bbf644f229350d733b5769e5b912307414a26af806fe574
rta	ONE_FLOW_TO_CASTS_APPLICATION_GET_METHOD	com.acme.benchmark:impact-medium-app:jar@	CALLEE	RELATED_IMETHOD	7	246	java.lang.String#equals(Ljava/lang/Object;)Z@JDK|context=DelegatingContext [A=Everywhere, B=Everywhere]|nodeId=246|walaSynthetic=false|sentinelRole=NONE	DelegatingContext [A=Everywhere, B=Everywhere]	false	NONE	java.lang.String#equals(Ljava/lang/Object;)Z@JDK	java.lang.String	equals	(Ljava/lang/Object;)Z	JDK	517	517	517	7	com.sun.java.util.jar.pack.ConstantPool$SignatureEntry#equals(Ljava/lang/Object;)Z@JDK	com.sun.java.util.jar.pack.ConstantPool$SignatureEntry	equals	(Ljava/lang/Object;)Z	JDK	1	1	0	com.sun.java.util.jar.pack.ConstantPool$SignatureEntry#equals(Ljava/lang/Object;)Z@JDK|context=DelegatingContext [A=Everywhere, B=Everywhere]|nodeId=13770|walaSynthetic=false|sentinelRole=NONE				false	DECOMPILED	e2d1ca8425cce6e288f84c143a43ec238501054718c76559fb8ec2571268045c	AVAILABLE	38792e83e684c9740bbf644f229350d733b5769e5b912307414a26af806fe574
rta	ONE_FLOW_TO_CASTS_APPLICATION_GET_METHOD	com.acme.benchmark:impact-medium-app:jar@	CALLEE	RELATED_IMETHOD	7	246	java.lang.String#equals(Ljava/lang/Object;)Z@JDK|context=DelegatingContext [A=Everywhere, B=Everywhere]|nodeId=246|walaSynthetic=false|sentinelRole=NONE	DelegatingContext [A=Everywhere, B=Everywhere]	false	NONE	java.lang.String#equals(Ljava/lang/Object;)Z@JDK	java.lang.String	equals	(Ljava/lang/Object;)Z	JDK	517	517	517	8	com.sun.java.util.jar.pack.ConstantPool$Utf8Entry#equals(Ljava/lang/Object;)Z@JDK	com.sun.java.util.jar.pack.ConstantPool$Utf8Entry	equals	(Ljava/lang/Object;)Z	JDK	1	1	0	com.sun.java.util.jar.pack.ConstantPool$Utf8Entry#equals(Ljava/lang/Object;)Z@JDK|context=DelegatingContext [A=Everywhere, B=Everywhere]|nodeId=13772|walaSynthetic=false|sentinelRole=NONE				false	DECOMPILED	e2d1ca8425cce6e288f84c143a43ec238501054718c76559fb8ec2571268045c	AVAILABLE	38792e83e684c9740bbf644f229350d733b5769e5b912307414a26af806fe574
rta	ONE_FLOW_TO_CASTS_APPLICATION_GET_METHOD	com.acme.benchmark:impact-medium-app:jar@	CALLEE	RELATED_IMETHOD	7	246	java.lang.String#equals(Ljava/lang/Object;)Z@JDK|context=DelegatingContext [A=Everywhere, B=Everywhere]|nodeId=246|walaSynthetic=false|sentinelRole=NONE	DelegatingContext [A=Everywhere, B=Everywhere]	false	NONE	java.lang.String#equals(Ljava/lang/Object;)Z@JDK	java.lang.String	equals	(Ljava/lang/Object;)Z	JDK	517	517	517	9	com.sun.java.util.jar.pack.Package$File#equals(Ljava/lang/Object;)Z@JDK	com.sun.java.util.jar.pack.Package$File	equals	(Ljava/lang/Object;)Z	JDK	1	1	0	com.sun.java.util.jar.pack.Package$File#equals(Ljava/lang/Object;)Z@JDK|context=DelegatingContext [A=Everywhere, B=Everywhere]|nodeId=13774|walaSynthetic=false|sentinelRole=NONE				false	DECOMPILED	e2d1ca8425cce6e288f84c143a43ec238501054718c76559fb8ec2571268045c	AVAILABLE	38792e83e684c9740bbf644f229350d733b5769e5b912307414a26af806fe574
rta	ONE_FLOW_TO_CASTS_APPLICATION_GET_METHOD	com.acme.benchmark:impact-medium-app:jar@	CALLEE	RELATED_IMETHOD	7	246	java.lang.String#equals(Ljava/lang/Object;)Z@JDK|context=DelegatingContext [A=Everywhere, B=Everywhere]|nodeId=246|walaSynthetic=false|sentinelRole=NONE	DelegatingContext [A=Everywhere, B=Everywhere]	false	NONE	java.lang.String#equals(Ljava/lang/Object;)Z@JDK	java.lang.String	equals	(Ljava/lang/Object;)Z	JDK	517	517	517	10	com.sun.java.util.jar.pack.Package$InnerClass#eq(Ljava/lang/Object;Ljava/lang/Object;)Z@JDK	com.sun.java.util.jar.pack.Package$InnerClass	eq	(Ljava/lang/Object;Ljava/lang/Object;)Z	JDK	1	1	0	com.sun.java.util.jar.pack.Package$InnerClass#eq(Ljava/lang/Object;Ljava/lang/Object;)Z@JDK|context=DelegatingContext [A=Everywhere, B=Everywhere]|nodeId=14597|walaSynthetic=false|sentinelRole=NONE				false	DECOMPILED	e2d1ca8425cce6e288f84c143a43ec238501054718c76559fb8ec2571268045c	AVAILABLE	38792e83e684c9740bbf644f229350d733b5769e5b912307414a26af806fe574
rta	ONE_FLOW_TO_CASTS_APPLICATION_GET_METHOD	com.acme.benchmark:impact-medium-app:jar@	CALLEE	REACHABILITY_PATH	7	246	java.lang.String#equals(Ljava/lang/Object;)Z@JDK|context=DelegatingContext [A=Everywhere, B=Everywhere]|nodeId=246|walaSynthetic=false|sentinelRole=NONE	DelegatingContext [A=Everywhere, B=Everywhere]	false	NONE	java.lang.String#equals(Ljava/lang/Object;)Z@JDK	java.lang.String	equals	(Ljava/lang/Object;)Z	JDK	517	517	517											FAKE_ROOT	com.ibm.wala.FakeRootClass#fakeRootMethod()V@SYNTHETIC|context=Everywhere|nodeId=0|walaSynthetic=true|sentinelRole=FAKE_ROOT	[FAKE_ROOT] com.ibm.wala.FakeRootClass#fakeRootMethod()V@SYNTHETIC|context=Everywhere|nodeId=0|walaSynthetic=true|sentinelRole=FAKE_ROOT -> [FAKE_WORLD_CLINIT] com.ibm.wala.FakeRootClass#fakeWorldClinit()V@SYNTHETIC|context=Everywhere|nodeId=1|walaSynthetic=true|sentinelRole=FAKE_WORLD_CLINIT -> com.sun.java.util.jar.pack.Attribute#<clinit>()V@JDK|context=Everywhere|nodeId=6232|walaSynthetic=false|sentinelRole=NONE -> java.lang.String#equals(Ljava/lang/Object;)Z@JDK|context=DelegatingContext [A=Everywhere, B=Everywhere]|nodeId=246|walaSynthetic=false|sentinelRole=NONE	false	DECOMPILED	e2d1ca8425cce6e288f84c143a43ec238501054718c76559fb8ec2571268045c	AVAILABLE	38792e83e684c9740bbf644f229350d733b5769e5b912307414a26af806fe574
rta	ONE_FLOW_TO_CASTS_APPLICATION_GET_METHOD	com.acme.benchmark:impact-medium-app:jar@	CALLEE	REACHABILITY_PATH	7	246	java.lang.String#equals(Ljava/lang/Object;)Z@JDK|context=DelegatingContext [A=Everywhere, B=Everywhere]|nodeId=246|walaSynthetic=false|sentinelRole=NONE	DelegatingContext [A=Everywhere, B=Everywhere]	false	NONE	java.lang.String#equals(Ljava/lang/Object;)Z@JDK	java.lang.String	equals	(Ljava/lang/Object;)Z	JDK	517	517	517											FAKE_WORLD_CLINIT	com.ibm.wala.FakeRootClass#fakeWorldClinit()V@SYNTHETIC|context=Everywhere|nodeId=1|walaSynthetic=true|sentinelRole=FAKE_WORLD_CLINIT	[FAKE_WORLD_CLINIT] com.ibm.wala.FakeRootClass#fakeWorldClinit()V@SYNTHETIC|context=Everywhere|nodeId=1|walaSynthetic=true|sentinelRole=FAKE_WORLD_CLINIT -> com.sun.java.util.jar.pack.Attribute#<clinit>()V@JDK|context=Everywhere|nodeId=6232|walaSynthetic=false|sentinelRole=NONE -> java.lang.String#equals(Ljava/lang/Object;)Z@JDK|context=DelegatingContext [A=Everywhere, B=Everywhere]|nodeId=246|walaSynthetic=false|sentinelRole=NONE	false	DECOMPILED	e2d1ca8425cce6e288f84c143a43ec238501054718c76559fb8ec2571268045c	AVAILABLE	38792e83e684c9740bbf644f229350d733b5769e5b912307414a26af806fe574
rta	ONE_FLOW_TO_CASTS_APPLICATION_GET_METHOD	com.acme.benchmark:impact-medium-app:jar@	CALLEE	RANKED_CGNODE	8	9572	sun.util.resources.OpenListResourceBundle#<init>()V@JDK|context=DelegatingContext [A=Everywhere, B=Everywhere]|nodeId=9572|walaSynthetic=false|sentinelRole=NONE	DelegatingContext [A=Everywhere, B=Everywhere]	false	NONE	sun.util.resources.OpenListResourceBundle#<init>()V@JDK	sun.util.resources.OpenListResourceBundle	<init>	()V	JDK	485	485	485														false	DECOMPILED	530df8dc3dc0bf66468240d10380fd383e4020e68bd5e69bc5355c21c884e409	AVAILABLE	4e7eae80abae8be3d000e761ac75a412ad7a2d987012e8436769a44b62869dfe
rta	ONE_FLOW_TO_CASTS_APPLICATION_GET_METHOD	com.acme.benchmark:impact-medium-app:jar@	CALLEE	RELATED_IMETHOD	8	9572	sun.util.resources.OpenListResourceBundle#<init>()V@JDK|context=DelegatingContext [A=Everywhere, B=Everywhere]|nodeId=9572|walaSynthetic=false|sentinelRole=NONE	DelegatingContext [A=Everywhere, B=Everywhere]	false	NONE	sun.util.resources.OpenListResourceBundle#<init>()V@JDK	sun.util.resources.OpenListResourceBundle	<init>	()V	JDK	485	485	485	1	sun.text.resources.JavaTimeSupplementary#<init>()V@JDK	sun.text.resources.JavaTimeSupplementary	<init>	()V	JDK	1	1	0	sun.text.resources.JavaTimeSupplementary#<init>()V@JDK|context=DelegatingContext [A=Everywhere, B=Everywhere]|nodeId=7882|walaSynthetic=false|sentinelRole=NONE				false	DECOMPILED	530df8dc3dc0bf66468240d10380fd383e4020e68bd5e69bc5355c21c884e409	AVAILABLE	4e7eae80abae8be3d000e761ac75a412ad7a2d987012e8436769a44b62869dfe
rta	ONE_FLOW_TO_CASTS_APPLICATION_GET_METHOD	com.acme.benchmark:impact-medium-app:jar@	CALLEE	RELATED_IMETHOD	8	9572	sun.util.resources.OpenListResourceBundle#<init>()V@JDK|context=DelegatingContext [A=Everywhere, B=Everywhere]|nodeId=9572|walaSynthetic=false|sentinelRole=NONE	DelegatingContext [A=Everywhere, B=Everywhere]	false	NONE	sun.util.resources.OpenListResourceBundle#<init>()V@JDK	sun.util.resources.OpenListResourceBundle	<init>	()V	JDK	485	485	485	2	sun.text.resources.ar.JavaTimeSupplementary_ar#<init>()V@JDK	sun.text.resources.ar.JavaTimeSupplementary_ar	<init>	()V	JDK	1	1	0	sun.text.resources.ar.JavaTimeSupplementary_ar#<init>()V@JDK|context=DelegatingContext [A=Everywhere, B=Everywhere]|nodeId=8693|walaSynthetic=false|sentinelRole=NONE				false	DECOMPILED	530df8dc3dc0bf66468240d10380fd383e4020e68bd5e69bc5355c21c884e409	AVAILABLE	4e7eae80abae8be3d000e761ac75a412ad7a2d987012e8436769a44b62869dfe
rta	ONE_FLOW_TO_CASTS_APPLICATION_GET_METHOD	com.acme.benchmark:impact-medium-app:jar@	CALLEE	RELATED_IMETHOD	8	9572	sun.util.resources.OpenListResourceBundle#<init>()V@JDK|context=DelegatingContext [A=Everywhere, B=Everywhere]|nodeId=9572|walaSynthetic=false|sentinelRole=NONE	DelegatingContext [A=Everywhere, B=Everywhere]	false	NONE	sun.util.resources.OpenListResourceBundle#<init>()V@JDK	sun.util.resources.OpenListResourceBundle	<init>	()V	JDK	485	485	485	3	sun.text.resources.be.JavaTimeSupplementary_be#<init>()V@JDK	sun.text.resources.be.JavaTimeSupplementary_be	<init>	()V	JDK	1	1	0	sun.text.resources.be.JavaTimeSupplementary_be#<init>()V@JDK|context=DelegatingContext [A=Everywhere, B=Everywhere]|nodeId=8672|walaSynthetic=false|sentinelRole=NONE				false	DECOMPILED	530df8dc3dc0bf66468240d10380fd383e4020e68bd5e69bc5355c21c884e409	AVAILABLE	4e7eae80abae8be3d000e761ac75a412ad7a2d987012e8436769a44b62869dfe
rta	ONE_FLOW_TO_CASTS_APPLICATION_GET_METHOD	com.acme.benchmark:impact-medium-app:jar@	CALLEE	RELATED_IMETHOD	8	9572	sun.util.resources.OpenListResourceBundle#<init>()V@JDK|context=DelegatingContext [A=Everywhere, B=Everywhere]|nodeId=9572|walaSynthetic=false|sentinelRole=NONE	DelegatingContext [A=Everywhere, B=Everywhere]	false	NONE	sun.util.resources.OpenListResourceBundle#<init>()V@JDK	sun.util.resources.OpenListResourceBundle	<init>	()V	JDK	485	485	485	4	sun.text.resources.bg.JavaTimeSupplementary_bg#<init>()V@JDK	sun.text.resources.bg.JavaTimeSupplementary_bg	<init>	()V	JDK	1	1	0	sun.text.resources.bg.JavaTimeSupplementary_bg#<init>()V@JDK|context=DelegatingContext [A=Everywhere, B=Everywhere]|nodeId=8697|walaSynthetic=false|sentinelRole=NONE				false	DECOMPILED	530df8dc3dc0bf66468240d10380fd383e4020e68bd5e69bc5355c21c884e409	AVAILABLE	4e7eae80abae8be3d000e761ac75a412ad7a2d987012e8436769a44b62869dfe
rta	ONE_FLOW_TO_CASTS_APPLICATION_GET_METHOD	com.acme.benchmark:impact-medium-app:jar@	CALLEE	RELATED_IMETHOD	8	9572	sun.util.resources.OpenListResourceBundle#<init>()V@JDK|context=DelegatingContext [A=Everywhere, B=Everywhere]|nodeId=9572|walaSynthetic=false|sentinelRole=NONE	DelegatingContext [A=Everywhere, B=Everywhere]	false	NONE	sun.util.resources.OpenListResourceBundle#<init>()V@JDK	sun.util.resources.OpenListResourceBundle	<init>	()V	JDK	485	485	485	5	sun.text.resources.ca.JavaTimeSupplementary_ca#<init>()V@JDK	sun.text.resources.ca.JavaTimeSupplementary_ca	<init>	()V	JDK	1	1	0	sun.text.resources.ca.JavaTimeSupplementary_ca#<init>()V@JDK|context=DelegatingContext [A=Everywhere, B=Everywhere]|nodeId=8680|walaSynthetic=false|sentinelRole=NONE				false	DECOMPILED	530df8dc3dc0bf66468240d10380fd383e4020e68bd5e69bc5355c21c884e409	AVAILABLE	4e7eae80abae8be3d000e761ac75a412ad7a2d987012e8436769a44b62869dfe
rta	ONE_FLOW_TO_CASTS_APPLICATION_GET_METHOD	com.acme.benchmark:impact-medium-app:jar@	CALLEE	RELATED_IMETHOD	8	9572	sun.util.resources.OpenListResourceBundle#<init>()V@JDK|context=DelegatingContext [A=Everywhere, B=Everywhere]|nodeId=9572|walaSynthetic=false|sentinelRole=NONE	DelegatingContext [A=Everywhere, B=Everywhere]	false	NONE	sun.util.resources.OpenListResourceBundle#<init>()V@JDK	sun.util.resources.OpenListResourceBundle	<init>	()V	JDK	485	485	485	6	sun.text.resources.cs.JavaTimeSupplementary_cs#<init>()V@JDK	sun.text.resources.cs.JavaTimeSupplementary_cs	<init>	()V	JDK	1	1	0	sun.text.resources.cs.JavaTimeSupplementary_cs#<init>()V@JDK|context=DelegatingContext [A=Everywhere, B=Everywhere]|nodeId=8682|walaSynthetic=false|sentinelRole=NONE				false	DECOMPILED	530df8dc3dc0bf66468240d10380fd383e4020e68bd5e69bc5355c21c884e409	AVAILABLE	4e7eae80abae8be3d000e761ac75a412ad7a2d987012e8436769a44b62869dfe
rta	ONE_FLOW_TO_CASTS_APPLICATION_GET_METHOD	com.acme.benchmark:impact-medium-app:jar@	CALLEE	RELATED_IMETHOD	8	9572	sun.util.resources.OpenListResourceBundle#<init>()V@JDK|context=DelegatingContext [A=Everywhere, B=Everywhere]|nodeId=9572|walaSynthetic=false|sentinelRole=NONE	DelegatingContext [A=Everywhere, B=Everywhere]	false	NONE	sun.util.resources.OpenListResourceBundle#<init>()V@JDK	sun.util.resources.OpenListResourceBundle	<init>	()V	JDK	485	485	485	7	sun.text.resources.da.JavaTimeSupplementary_da#<init>()V@JDK	sun.text.resources.da.JavaTimeSupplementary_da	<init>	()V	JDK	1	1	0	sun.text.resources.da.JavaTimeSupplementary_da#<init>()V@JDK|context=DelegatingContext [A=Everywhere, B=Everywhere]|nodeId=8673|walaSynthetic=false|sentinelRole=NONE				false	DECOMPILED	530df8dc3dc0bf66468240d10380fd383e4020e68bd5e69bc5355c21c884e409	AVAILABLE	4e7eae80abae8be3d000e761ac75a412ad7a2d987012e8436769a44b62869dfe
rta	ONE_FLOW_TO_CASTS_APPLICATION_GET_METHOD	com.acme.benchmark:impact-medium-app:jar@	CALLEE	RELATED_IMETHOD	8	9572	sun.util.resources.OpenListResourceBundle#<init>()V@JDK|context=DelegatingContext [A=Everywhere, B=Everywhere]|nodeId=9572|walaSynthetic=false|sentinelRole=NONE	DelegatingContext [A=Everywhere, B=Everywhere]	false	NONE	sun.util.resources.OpenListResourceBundle#<init>()V@JDK	sun.util.resources.OpenListResourceBundle	<init>	()V	JDK	485	485	485	8	sun.text.resources.de.JavaTimeSupplementary_de#<init>()V@JDK	sun.text.resources.de.JavaTimeSupplementary_de	<init>	()V	JDK	1	1	0	sun.text.resources.de.JavaTimeSupplementary_de#<init>()V@JDK|context=DelegatingContext [A=Everywhere, B=Everywhere]|nodeId=8699|walaSynthetic=false|sentinelRole=NONE				false	DECOMPILED	530df8dc3dc0bf66468240d10380fd383e4020e68bd5e69bc5355c21c884e409	AVAILABLE	4e7eae80abae8be3d000e761ac75a412ad7a2d987012e8436769a44b62869dfe
rta	ONE_FLOW_TO_CASTS_APPLICATION_GET_METHOD	com.acme.benchmark:impact-medium-app:jar@	CALLEE	RELATED_IMETHOD	8	9572	sun.util.resources.OpenListResourceBundle#<init>()V@JDK|context=DelegatingContext [A=Everywhere, B=Everywhere]|nodeId=9572|walaSynthetic=false|sentinelRole=NONE	DelegatingContext [A=Everywhere, B=Everywhere]	false	NONE	sun.util.resources.OpenListResourceBundle#<init>()V@JDK	sun.util.resources.OpenListResourceBundle	<init>	()V	JDK	485	485	485	9	sun.text.resources.el.JavaTimeSupplementary_el#<init>()V@JDK	sun.text.resources.el.JavaTimeSupplementary_el	<init>	()V	JDK	1	1	0	sun.text.resources.el.JavaTimeSupplementary_el#<init>()V@JDK|context=DelegatingContext [A=Everywhere, B=Everywhere]|nodeId=8677|walaSynthetic=false|sentinelRole=NONE				false	DECOMPILED	530df8dc3dc0bf66468240d10380fd383e4020e68bd5e69bc5355c21c884e409	AVAILABLE	4e7eae80abae8be3d000e761ac75a412ad7a2d987012e8436769a44b62869dfe
rta	ONE_FLOW_TO_CASTS_APPLICATION_GET_METHOD	com.acme.benchmark:impact-medium-app:jar@	CALLEE	RELATED_IMETHOD	8	9572	sun.util.resources.OpenListResourceBundle#<init>()V@JDK|context=DelegatingContext [A=Everywhere, B=Everywhere]|nodeId=9572|walaSynthetic=false|sentinelRole=NONE	DelegatingContext [A=Everywhere, B=Everywhere]	false	NONE	sun.util.resources.OpenListResourceBundle#<init>()V@JDK	sun.util.resources.OpenListResourceBundle	<init>	()V	JDK	485	485	485	10	sun.text.resources.en.JavaTimeSupplementary_en#<init>()V@JDK	sun.text.resources.en.JavaTimeSupplementary_en	<init>	()V	JDK	1	1	0	sun.text.resources.en.JavaTimeSupplementary_en#<init>()V@JDK|context=DelegatingContext [A=Everywhere, B=Everywhere]|nodeId=7883|walaSynthetic=false|sentinelRole=NONE				false	DECOMPILED	530df8dc3dc0bf66468240d10380fd383e4020e68bd5e69bc5355c21c884e409	AVAILABLE	4e7eae80abae8be3d000e761ac75a412ad7a2d987012e8436769a44b62869dfe
rta	ONE_FLOW_TO_CASTS_APPLICATION_GET_METHOD	com.acme.benchmark:impact-medium-app:jar@	CALLEE	REACHABILITY_PATH	8	9572	sun.util.resources.OpenListResourceBundle#<init>()V@JDK|context=DelegatingContext [A=Everywhere, B=Everywhere]|nodeId=9572|walaSynthetic=false|sentinelRole=NONE	DelegatingContext [A=Everywhere, B=Everywhere]	false	NONE	sun.util.resources.OpenListResourceBundle#<init>()V@JDK	sun.util.resources.OpenListResourceBundle	<init>	()V	JDK	485	485	485											FAKE_ROOT	com.ibm.wala.FakeRootClass#fakeRootMethod()V@SYNTHETIC|context=Everywhere|nodeId=0|walaSynthetic=true|sentinelRole=FAKE_ROOT	[FAKE_ROOT] com.ibm.wala.FakeRootClass#fakeRootMethod()V@SYNTHETIC|context=Everywhere|nodeId=0|walaSynthetic=true|sentinelRole=FAKE_ROOT -> [FAKE_WORLD_CLINIT] com.ibm.wala.FakeRootClass#fakeWorldClinit()V@SYNTHETIC|context=Everywhere|nodeId=1|walaSynthetic=true|sentinelRole=FAKE_WORLD_CLINIT -> com.sun.xml.internal.bind.Messages#<clinit>()V@JDK|context=Everywhere|nodeId=6272|walaSynthetic=false|sentinelRole=NONE -> java.util.ResourceBundle#getBundle(Ljava/lang/String;)Ljava/util/ResourceBundle;@JDK|context=DelegatingContext [A=Everywhere, B=Everywhere]|nodeId=9008|walaSynthetic=false|sentinelRole=NONE -> java.util.ResourceBundle#getBundleImpl(Ljava/lang/String;Ljava/util/Locale;Ljava/lang/ClassLoader;Ljava/util/ResourceBundle$Control;)Ljava/util/ResourceBundle;@JDK|context=DelegatingContext [A=Everywhere, B=Everywhere]|nodeId=3033|walaSynthetic=false|sentinelRole=NONE -> java.util.ResourceBundle#findBundle(Ljava/util/ResourceBundle$CacheKey;Ljava/util/List;Ljava/util/List;ILjava/util/ResourceBundle$Control;Ljava/util/ResourceBundle;)Ljava/util/ResourceBundle;@JDK|context=DelegatingContext [A=Everywhere, B=Everywhere]|nodeId=3220|walaSynthetic=false|sentinelRole=NONE -> java.util.ResourceBundle#loadBundle(Ljava/util/ResourceBundle$CacheKey;Ljava/util/List;Ljava/util/ResourceBundle$Control;Z)Ljava/util/ResourceBundle;@JDK|context=DelegatingContext [A=Everywhere, B=Everywhere]|nodeId=3486|walaSynthetic=false|sentinelRole=NONE -> java.util.ResourceBundle$Control#newBundle(Ljava/lang/String;Ljava/util/Locale;Ljava/lang/String;Ljava/lang/ClassLoader;Z)Ljava/util/ResourceBundle;@JDK|context=DelegatingContext [A=Everywhere, B=Everywhere]|nodeId=4253|walaSynthetic=false|sentinelRole=NONE -> java.lang.Class#newInstance()Ljava/lang/Object;@JDK|context=DelegatingContext [A=DelegatingContext [A=CallStringContext: [ java.util.ResourceBundle$Control.newBundle(Ljava/lang/String;Ljava/util/Locale;Ljava/lang/String;Ljava/lang/ClassLoader;Z)Ljava/util/ResourceBundle;@41 ], B=Everywhere], B=DelegatingContext [A=CallStringContext: [ java.util.ResourceBundle$Control.newBundle(Ljava/lang/String;Ljava/util/Locale;Ljava/lang/String;Ljava/lang/ClassLoader;Z)Ljava/util/ResourceBundle;@41 ], B=Everywhere]]|nodeId=4519|walaSynthetic=true|sentinelRole=NONE -> sun.text.resources.JavaTimeSupplementary#<init>()V@JDK|context=DelegatingContext [A=Everywhere, B=Everywhere]|nodeId=7882|walaSynthetic=false|sentinelRole=NONE -> sun.util.resources.OpenListResourceBundle#<init>()V@JDK|context=DelegatingContext [A=Everywhere, B=Everywhere]|nodeId=9572|walaSynthetic=false|sentinelRole=NONE	false	DECOMPILED	530df8dc3dc0bf66468240d10380fd383e4020e68bd5e69bc5355c21c884e409	AVAILABLE	4e7eae80abae8be3d000e761ac75a412ad7a2d987012e8436769a44b62869dfe
rta	ONE_FLOW_TO_CASTS_APPLICATION_GET_METHOD	com.acme.benchmark:impact-medium-app:jar@	CALLEE	REACHABILITY_PATH	8	9572	sun.util.resources.OpenListResourceBundle#<init>()V@JDK|context=DelegatingContext [A=Everywhere, B=Everywhere]|nodeId=9572|walaSynthetic=false|sentinelRole=NONE	DelegatingContext [A=Everywhere, B=Everywhere]	false	NONE	sun.util.resources.OpenListResourceBundle#<init>()V@JDK	sun.util.resources.OpenListResourceBundle	<init>	()V	JDK	485	485	485											FAKE_WORLD_CLINIT	com.ibm.wala.FakeRootClass#fakeWorldClinit()V@SYNTHETIC|context=Everywhere|nodeId=1|walaSynthetic=true|sentinelRole=FAKE_WORLD_CLINIT	[FAKE_WORLD_CLINIT] com.ibm.wala.FakeRootClass#fakeWorldClinit()V@SYNTHETIC|context=Everywhere|nodeId=1|walaSynthetic=true|sentinelRole=FAKE_WORLD_CLINIT -> com.sun.xml.internal.bind.Messages#<clinit>()V@JDK|context=Everywhere|nodeId=6272|walaSynthetic=false|sentinelRole=NONE -> java.util.ResourceBundle#getBundle(Ljava/lang/String;)Ljava/util/ResourceBundle;@JDK|context=DelegatingContext [A=Everywhere, B=Everywhere]|nodeId=9008|walaSynthetic=false|sentinelRole=NONE -> java.util.ResourceBundle#getBundleImpl(Ljava/lang/String;Ljava/util/Locale;Ljava/lang/ClassLoader;Ljava/util/ResourceBundle$Control;)Ljava/util/ResourceBundle;@JDK|context=DelegatingContext [A=Everywhere, B=Everywhere]|nodeId=3033|walaSynthetic=false|sentinelRole=NONE -> java.util.ResourceBundle#findBundle(Ljava/util/ResourceBundle$CacheKey;Ljava/util/List;Ljava/util/List;ILjava/util/ResourceBundle$Control;Ljava/util/ResourceBundle;)Ljava/util/ResourceBundle;@JDK|context=DelegatingContext [A=Everywhere, B=Everywhere]|nodeId=3220|walaSynthetic=false|sentinelRole=NONE -> java.util.ResourceBundle#loadBundle(Ljava/util/ResourceBundle$CacheKey;Ljava/util/List;Ljava/util/ResourceBundle$Control;Z)Ljava/util/ResourceBundle;@JDK|context=DelegatingContext [A=Everywhere, B=Everywhere]|nodeId=3486|walaSynthetic=false|sentinelRole=NONE -> java.util.ResourceBundle$Control#newBundle(Ljava/lang/String;Ljava/util/Locale;Ljava/lang/String;Ljava/lang/ClassLoader;Z)Ljava/util/ResourceBundle;@JDK|context=DelegatingContext [A=Everywhere, B=Everywhere]|nodeId=4253|walaSynthetic=false|sentinelRole=NONE -> java.lang.Class#newInstance()Ljava/lang/Object;@JDK|context=DelegatingContext [A=DelegatingContext [A=CallStringContext: [ java.util.ResourceBundle$Control.newBundle(Ljava/lang/String;Ljava/util/Locale;Ljava/lang/String;Ljava/lang/ClassLoader;Z)Ljava/util/ResourceBundle;@41 ], B=Everywhere], B=DelegatingContext [A=CallStringContext: [ java.util.ResourceBundle$Control.newBundle(Ljava/lang/String;Ljava/util/Locale;Ljava/lang/String;Ljava/lang/ClassLoader;Z)Ljava/util/ResourceBundle;@41 ], B=Everywhere]]|nodeId=4519|walaSynthetic=true|sentinelRole=NONE -> sun.text.resources.JavaTimeSupplementary#<init>()V@JDK|context=DelegatingContext [A=Everywhere, B=Everywhere]|nodeId=7882|walaSynthetic=false|sentinelRole=NONE -> sun.util.resources.OpenListResourceBundle#<init>()V@JDK|context=DelegatingContext [A=Everywhere, B=Everywhere]|nodeId=9572|walaSynthetic=false|sentinelRole=NONE	false	DECOMPILED	530df8dc3dc0bf66468240d10380fd383e4020e68bd5e69bc5355c21c884e409	AVAILABLE	4e7eae80abae8be3d000e761ac75a412ad7a2d987012e8436769a44b62869dfe
rta	ONE_FLOW_TO_CASTS_APPLICATION_GET_METHOD	com.acme.benchmark:impact-medium-app:jar@	CALLEE	RANKED_CGNODE	9	81	java.lang.String#length()I@JDK|context=DelegatingContext [A=Everywhere, B=Everywhere]|nodeId=81|walaSynthetic=false|sentinelRole=NONE	DelegatingContext [A=Everywhere, B=Everywhere]	false	NONE	java.lang.String#length()I@JDK	java.lang.String	length	()I	JDK	481	481	481														false	DECOMPILED	de523b8a8cb0506abdb80d2e8094defe08ec6fad41fd79d88f77e2d36632aa4d	AVAILABLE	eff5c41490b7701071ed794632bc021be0682b125a46f17064a62cf615595148
rta	ONE_FLOW_TO_CASTS_APPLICATION_GET_METHOD	com.acme.benchmark:impact-medium-app:jar@	CALLEE	RELATED_IMETHOD	9	81	java.lang.String#length()I@JDK|context=DelegatingContext [A=Everywhere, B=Everywhere]|nodeId=81|walaSynthetic=false|sentinelRole=NONE	DelegatingContext [A=Everywhere, B=Everywhere]	false	NONE	java.lang.String#length()I@JDK	java.lang.String	length	()I	JDK	481	481	481	1	com.sun.java.util.jar.pack.Attribute#expandCaseDashNotation(Ljava/lang/String;)Ljava/lang/String;@JDK	com.sun.java.util.jar.pack.Attribute	expandCaseDashNotation	(Ljava/lang/String;)Ljava/lang/String;	JDK	1	1	0	com.sun.java.util.jar.pack.Attribute#expandCaseDashNotation(Ljava/lang/String;)Ljava/lang/String;@JDK|context=DelegatingContext [A=Everywhere, B=Everywhere]|nodeId=8975|walaSynthetic=false|sentinelRole=NONE				false	DECOMPILED	de523b8a8cb0506abdb80d2e8094defe08ec6fad41fd79d88f77e2d36632aa4d	AVAILABLE	eff5c41490b7701071ed794632bc021be0682b125a46f17064a62cf615595148
rta	ONE_FLOW_TO_CASTS_APPLICATION_GET_METHOD	com.acme.benchmark:impact-medium-app:jar@	CALLEE	RELATED_IMETHOD	9	81	java.lang.String#length()I@JDK|context=DelegatingContext [A=Everywhere, B=Everywhere]|nodeId=81|walaSynthetic=false|sentinelRole=NONE	DelegatingContext [A=Everywhere, B=Everywhere]	false	NONE	java.lang.String#length()I@JDK	java.lang.String	length	()I	JDK	481	481	481	2	com.sun.java.util.jar.pack.Attribute#findCaseDash(Ljava/lang/String;I)I@JDK	com.sun.java.util.jar.pack.Attribute	findCaseDash	(Ljava/lang/String;I)I	JDK	1	1	0	com.sun.java.util.jar.pack.Attribute#findCaseDash(Ljava/lang/String;I)I@JDK|context=DelegatingContext [A=Everywhere, B=Everywhere]|nodeId=9718|walaSynthetic=false|sentinelRole=NONE				false	DECOMPILED	de523b8a8cb0506abdb80d2e8094defe08ec6fad41fd79d88f77e2d36632aa4d	AVAILABLE	eff5c41490b7701071ed794632bc021be0682b125a46f17064a62cf615595148
rta	ONE_FLOW_TO_CASTS_APPLICATION_GET_METHOD	com.acme.benchmark:impact-medium-app:jar@	CALLEE	RELATED_IMETHOD	9	81	java.lang.String#length()I@JDK|context=DelegatingContext [A=Everywhere, B=Everywhere]|nodeId=81|walaSynthetic=false|sentinelRole=NONE	DelegatingContext [A=Everywhere, B=Everywhere]	false	NONE	java.lang.String#length()I@JDK	java.lang.String	length	()I	JDK	481	481	481	3	com.sun.java.util.jar.pack.Attribute#normalizeLayoutString(Ljava/lang/String;)Ljava/lang/String;@JDK	com.sun.java.util.jar.pack.Attribute	normalizeLayoutString	(Ljava/lang/String;)Ljava/lang/String;	JDK	1	1	0	com.sun.java.util.jar.pack.Attribute#normalizeLayoutString(Ljava/lang/String;)Ljava/lang/String;@JDK|context=DelegatingContext [A=Everywhere, B=Everywhere]|nodeId=8974|walaSynthetic=false|sentinelRole=NONE				false	DECOMPILED	de523b8a8cb0506abdb80d2e8094defe08ec6fad41fd79d88f77e2d36632aa4d	AVAILABLE	eff5c41490b7701071ed794632bc021be0682b125a46f17064a62cf615595148
rta	ONE_FLOW_TO_CASTS_APPLICATION_GET_METHOD	com.acme.benchmark:impact-medium-app:jar@	CALLEE	RELATED_IMETHOD	9	81	java.lang.String#length()I@JDK|context=DelegatingContext [A=Everywhere, B=Everywhere]|nodeId=81|walaSynthetic=false|sentinelRole=NONE	DelegatingContext [A=Everywhere, B=Everywhere]	false	NONE	java.lang.String#length()I@JDK	java.lang.String	length	()I	JDK	481	481	481	4	com.sun.java.util.jar.pack.Attribute#parseIntAfter(Ljava/lang/String;I)I@JDK	com.sun.java.util.jar.pack.Attribute	parseIntAfter	(Ljava/lang/String;I)I	JDK	1	1	0	com.sun.java.util.jar.pack.Attribute#parseIntAfter(Ljava/lang/String;I)I@JDK|context=DelegatingContext [A=Everywhere, B=Everywhere]|nodeId=9720|walaSynthetic=false|sentinelRole=NONE				false	DECOMPILED	de523b8a8cb0506abdb80d2e8094defe08ec6fad41fd79d88f77e2d36632aa4d	AVAILABLE	eff5c41490b7701071ed794632bc021be0682b125a46f17064a62cf615595148
rta	ONE_FLOW_TO_CASTS_APPLICATION_GET_METHOD	com.acme.benchmark:impact-medium-app:jar@	CALLEE	RELATED_IMETHOD	9	81	java.lang.String#length()I@JDK|context=DelegatingContext [A=Everywhere, B=Everywhere]|nodeId=81|walaSynthetic=false|sentinelRole=NONE	DelegatingContext [A=Everywhere, B=Everywhere]	false	NONE	java.lang.String#length()I@JDK	java.lang.String	length	()I	JDK	481	481	481	5	com.sun.java.util.jar.pack.Attribute#splitBodies(Ljava/lang/String;)[Ljava/lang/String;@JDK	com.sun.java.util.jar.pack.Attribute	splitBodies	(Ljava/lang/String;)[Ljava/lang/String;	JDK	1	1	0	com.sun.java.util.jar.pack.Attribute#splitBodies(Ljava/lang/String;)[Ljava/lang/String;@JDK|context=DelegatingContext [A=Everywhere, B=Everywhere]|nodeId=14677|walaSynthetic=false|sentinelRole=NONE				false	DECOMPILED	de523b8a8cb0506abdb80d2e8094defe08ec6fad41fd79d88f77e2d36632aa4d	AVAILABLE	eff5c41490b7701071ed794632bc021be0682b125a46f17064a62cf615595148
rta	ONE_FLOW_TO_CASTS_APPLICATION_GET_METHOD	com.acme.benchmark:impact-medium-app:jar@	CALLEE	RELATED_IMETHOD	9	81	java.lang.String#length()I@JDK|context=DelegatingContext [A=Everywhere, B=Everywhere]|nodeId=81|walaSynthetic=false|sentinelRole=NONE	DelegatingContext [A=Everywhere, B=Everywhere]	false	NONE	java.lang.String#length()I@JDK	java.lang.String	length	()I	JDK	481	481	481	6	com.sun.java.util.jar.pack.Attribute#tokenizeLayout(Lcom/sun/java/util/jar/pack/Attribute$Layout;ILjava/lang/String;)[Lcom/sun/java/util/jar/pack/Attribute$Layout$Element;@JDK	com.sun.java.util.jar.pack.Attribute	tokenizeLayout	(Lcom/sun/java/util/jar/pack/Attribute$Layout;ILjava/lang/String;)[Lcom/sun/java/util/jar/pack/Attribute$Layout$Element;	JDK	1	1	0	com.sun.java.util.jar.pack.Attribute#tokenizeLayout(Lcom/sun/java/util/jar/pack/Attribute$Layout;ILjava/lang/String;)[Lcom/sun/java/util/jar/pack/Attribute$Layout$Element;@JDK|context=DelegatingContext [A=Everywhere, B=Everywhere]|nodeId=14676|walaSynthetic=false|sentinelRole=NONE				false	DECOMPILED	de523b8a8cb0506abdb80d2e8094defe08ec6fad41fd79d88f77e2d36632aa4d	AVAILABLE	eff5c41490b7701071ed794632bc021be0682b125a46f17064a62cf615595148
rta	ONE_FLOW_TO_CASTS_APPLICATION_GET_METHOD	com.acme.benchmark:impact-medium-app:jar@	CALLEE	RELATED_IMETHOD	9	81	java.lang.String#length()I@JDK|context=DelegatingContext [A=Everywhere, B=Everywhere]|nodeId=81|walaSynthetic=false|sentinelRole=NONE	DelegatingContext [A=Everywhere, B=Everywhere]	false	NONE	java.lang.String#length()I@JDK	java.lang.String	length	()I	JDK	481	481	481	7	com.sun.java.util.jar.pack.Attribute#tokenizeLayout(Lcom/sun/java/util/jar/pack/Attribute$Layout;ILjava/lang/String;Ljava/util/List;)V@JDK	com.sun.java.util.jar.pack.Attribute	tokenizeLayout	(Lcom/sun/java/util/jar/pack/Attribute$Layout;ILjava/lang/String;Ljava/util/List;)V	JDK	1	1	0	com.sun.java.util.jar.pack.Attribute#tokenizeLayout(Lcom/sun/java/util/jar/pack/Attribute$Layout;ILjava/lang/String;Ljava/util/List;)V@JDK|context=DelegatingContext [A=Everywhere, B=Everywhere]|nodeId=16183|walaSynthetic=false|sentinelRole=NONE				false	DECOMPILED	de523b8a8cb0506abdb80d2e8094defe08ec6fad41fd79d88f77e2d36632aa4d	AVAILABLE	eff5c41490b7701071ed794632bc021be0682b125a46f17064a62cf615595148
rta	ONE_FLOW_TO_CASTS_APPLICATION_GET_METHOD	com.acme.benchmark:impact-medium-app:jar@	CALLEE	RELATED_IMETHOD	9	81	java.lang.String#length()I@JDK|context=DelegatingContext [A=Everywhere, B=Everywhere]|nodeId=81|walaSynthetic=false|sentinelRole=NONE	DelegatingContext [A=Everywhere, B=Everywhere]	false	NONE	java.lang.String#length()I@JDK	java.lang.String	length	()I	JDK	481	481	481	8	com.sun.java.util.jar.pack.ConstantPool#flattenSignature([Ljava/lang/String;)Ljava/lang/String;@JDK	com.sun.java.util.jar.pack.ConstantPool	flattenSignature	([Ljava/lang/String;)Ljava/lang/String;	JDK	1	1	0	com.sun.java.util.jar.pack.ConstantPool#flattenSignature([Ljava/lang/String;)Ljava/lang/String;@JDK|context=DelegatingContext [A=Everywhere, B=Everywhere]|nodeId=19305|walaSynthetic=false|sentinelRole=NONE				false	DECOMPILED	de523b8a8cb0506abdb80d2e8094defe08ec6fad41fd79d88f77e2d36632aa4d	AVAILABLE	eff5c41490b7701071ed794632bc021be0682b125a46f17064a62cf615595148
rta	ONE_FLOW_TO_CASTS_APPLICATION_GET_METHOD	com.acme.benchmark:impact-medium-app:jar@	CALLEE	RELATED_IMETHOD	9	81	java.lang.String#length()I@JDK|context=DelegatingContext [A=Everywhere, B=Everywhere]|nodeId=81|walaSynthetic=false|sentinelRole=NONE	DelegatingContext [A=Everywhere, B=Everywhere]	false	NONE	java.lang.String#length()I@JDK	java.lang.String	length	()I	JDK	481	481	481	9	com.sun.java.util.jar.pack.ConstantPool#skipTo(CLjava/lang/String;I)I@JDK	com.sun.java.util.jar.pack.ConstantPool	skipTo	(CLjava/lang/String;I)I	JDK	1	1	0	com.sun.java.util.jar.pack.ConstantPool#skipTo(CLjava/lang/String;I)I@JDK|context=DelegatingContext [A=Everywhere, B=Everywhere]|nodeId=24992|walaSynthetic=false|sentinelRole=NONE				false	DECOMPILED	de523b8a8cb0506abdb80d2e8094defe08ec6fad41fd79d88f77e2d36632aa4d	AVAILABLE	eff5c41490b7701071ed794632bc021be0682b125a46f17064a62cf615595148
rta	ONE_FLOW_TO_CASTS_APPLICATION_GET_METHOD	com.acme.benchmark:impact-medium-app:jar@	CALLEE	RELATED_IMETHOD	9	81	java.lang.String#length()I@JDK|context=DelegatingContext [A=Everywhere, B=Everywhere]|nodeId=81|walaSynthetic=false|sentinelRole=NONE	DelegatingContext [A=Everywhere, B=Everywhere]	false	NONE	java.lang.String#length()I@JDK	java.lang.String	length	()I	JDK	481	481	481	10	com.sun.java.util.jar.pack.ConstantPool#structureSignature(Ljava/lang/String;)[Ljava/lang/String;@JDK	com.sun.java.util.jar.pack.ConstantPool	structureSignature	(Ljava/lang/String;)[Ljava/lang/String;	JDK	1	1	0	com.sun.java.util.jar.pack.ConstantPool#structureSignature(Ljava/lang/String;)[Ljava/lang/String;@JDK|context=DelegatingContext [A=Everywhere, B=Everywhere]|nodeId=24429|walaSynthetic=false|sentinelRole=NONE				false	DECOMPILED	de523b8a8cb0506abdb80d2e8094defe08ec6fad41fd79d88f77e2d36632aa4d	AVAILABLE	eff5c41490b7701071ed794632bc021be0682b125a46f17064a62cf615595148
rta	ONE_FLOW_TO_CASTS_APPLICATION_GET_METHOD	com.acme.benchmark:impact-medium-app:jar@	CALLEE	REACHABILITY_PATH	9	81	java.lang.String#length()I@JDK|context=DelegatingContext [A=Everywhere, B=Everywhere]|nodeId=81|walaSynthetic=false|sentinelRole=NONE	DelegatingContext [A=Everywhere, B=Everywhere]	false	NONE	java.lang.String#length()I@JDK	java.lang.String	length	()I	JDK	481	481	481											FAKE_ROOT	com.ibm.wala.FakeRootClass#fakeRootMethod()V@SYNTHETIC|context=Everywhere|nodeId=0|walaSynthetic=true|sentinelRole=FAKE_ROOT	[FAKE_ROOT] com.ibm.wala.FakeRootClass#fakeRootMethod()V@SYNTHETIC|context=Everywhere|nodeId=0|walaSynthetic=true|sentinelRole=FAKE_ROOT -> [FAKE_WORLD_CLINIT] com.ibm.wala.FakeRootClass#fakeWorldClinit()V@SYNTHETIC|context=Everywhere|nodeId=1|walaSynthetic=true|sentinelRole=FAKE_WORLD_CLINIT -> com.sun.org.apache.xml.internal.security.utils.resolver.implementations.ResolverXPointer#<clinit>()V@JDK|context=Everywhere|nodeId=28759|walaSynthetic=false|sentinelRole=NONE -> java.lang.String#length()I@JDK|context=DelegatingContext [A=Everywhere, B=Everywhere]|nodeId=81|walaSynthetic=false|sentinelRole=NONE	false	DECOMPILED	de523b8a8cb0506abdb80d2e8094defe08ec6fad41fd79d88f77e2d36632aa4d	AVAILABLE	eff5c41490b7701071ed794632bc021be0682b125a46f17064a62cf615595148
rta	ONE_FLOW_TO_CASTS_APPLICATION_GET_METHOD	com.acme.benchmark:impact-medium-app:jar@	CALLEE	REACHABILITY_PATH	9	81	java.lang.String#length()I@JDK|context=DelegatingContext [A=Everywhere, B=Everywhere]|nodeId=81|walaSynthetic=false|sentinelRole=NONE	DelegatingContext [A=Everywhere, B=Everywhere]	false	NONE	java.lang.String#length()I@JDK	java.lang.String	length	()I	JDK	481	481	481											FAKE_WORLD_CLINIT	com.ibm.wala.FakeRootClass#fakeWorldClinit()V@SYNTHETIC|context=Everywhere|nodeId=1|walaSynthetic=true|sentinelRole=FAKE_WORLD_CLINIT	[FAKE_WORLD_CLINIT] com.ibm.wala.FakeRootClass#fakeWorldClinit()V@SYNTHETIC|context=Everywhere|nodeId=1|walaSynthetic=true|sentinelRole=FAKE_WORLD_CLINIT -> com.sun.org.apache.xml.internal.security.utils.resolver.implementations.ResolverXPointer#<clinit>()V@JDK|context=Everywhere|nodeId=28759|walaSynthetic=false|sentinelRole=NONE -> java.lang.String#length()I@JDK|context=DelegatingContext [A=Everywhere, B=Everywhere]|nodeId=81|walaSynthetic=false|sentinelRole=NONE	false	DECOMPILED	de523b8a8cb0506abdb80d2e8094defe08ec6fad41fd79d88f77e2d36632aa4d	AVAILABLE	eff5c41490b7701071ed794632bc021be0682b125a46f17064a62cf615595148
rta	ONE_FLOW_TO_CASTS_APPLICATION_GET_METHOD	com.acme.benchmark:impact-medium-app:jar@	CALLEE	RANKED_CGNODE	10	135	java.lang.StringBuilder#append(Ljava/lang/Object;)Ljava/lang/StringBuilder;@JDK|context=DelegatingContext [A=Everywhere, B=Everywhere]|nodeId=135|walaSynthetic=false|sentinelRole=NONE	DelegatingContext [A=Everywhere, B=Everywhere]	false	NONE	java.lang.StringBuilder#append(Ljava/lang/Object;)Ljava/lang/StringBuilder;@JDK	java.lang.StringBuilder	append	(Ljava/lang/Object;)Ljava/lang/StringBuilder;	JDK	371	371	371														true	DECOMPILED	840576877ac4075affe1755a04938e1167ebd86c3cc61cdd98f11915be72b851	AVAILABLE	118b3d002afb1fafaeb3547b6cc1c49699425aa445bf0118da64f6e0980be125
rta	ONE_FLOW_TO_CASTS_APPLICATION_GET_METHOD	com.acme.benchmark:impact-medium-app:jar@	CALLEE	RELATED_IMETHOD	10	135	java.lang.StringBuilder#append(Ljava/lang/Object;)Ljava/lang/StringBuilder;@JDK|context=DelegatingContext [A=Everywhere, B=Everywhere]|nodeId=135|walaSynthetic=false|sentinelRole=NONE	DelegatingContext [A=Everywhere, B=Everywhere]	false	NONE	java.lang.StringBuilder#append(Ljava/lang/Object;)Ljava/lang/StringBuilder;@JDK	java.lang.StringBuilder	append	(Ljava/lang/Object;)Ljava/lang/StringBuilder;	JDK	371	371	371	1	com.sun.java.util.jar.pack.Attribute#normalizeLayoutString(Ljava/lang/String;)Ljava/lang/String;@JDK	com.sun.java.util.jar.pack.Attribute	normalizeLayoutString	(Ljava/lang/String;)Ljava/lang/String;	JDK	1	1	0	com.sun.java.util.jar.pack.Attribute#normalizeLayoutString(Ljava/lang/String;)Ljava/lang/String;@JDK|context=DelegatingContext [A=Everywhere, B=Everywhere]|nodeId=8974|walaSynthetic=false|sentinelRole=NONE				true	DECOMPILED	840576877ac4075affe1755a04938e1167ebd86c3cc61cdd98f11915be72b851	AVAILABLE	118b3d002afb1fafaeb3547b6cc1c49699425aa445bf0118da64f6e0980be125
rta	ONE_FLOW_TO_CASTS_APPLICATION_GET_METHOD	com.acme.benchmark:impact-medium-app:jar@	CALLEE	RELATED_IMETHOD	10	135	java.lang.StringBuilder#append(Ljava/lang/Object;)Ljava/lang/StringBuilder;@JDK|context=DelegatingContext [A=Everywhere, B=Everywhere]|nodeId=135|walaSynthetic=false|sentinelRole=NONE	DelegatingContext [A=Everywhere, B=Everywhere]	false	NONE	java.lang.StringBuilder#append(Ljava/lang/Object;)Ljava/lang/StringBuilder;@JDK	java.lang.StringBuilder	append	(Ljava/lang/Object;)Ljava/lang/StringBuilder;	JDK	371	371	371	2	com.sun.java.util.jar.pack.Attribute#toString()Ljava/lang/String;@JDK	com.sun.java.util.jar.pack.Attribute	toString	()Ljava/lang/String;	JDK	1	1	0	com.sun.java.util.jar.pack.Attribute#toString()Ljava/lang/String;@JDK|context=DelegatingContext [A=Everywhere, B=Everywhere]|nodeId=17042|walaSynthetic=false|sentinelRole=NONE				true	DECOMPILED	840576877ac4075affe1755a04938e1167ebd86c3cc61cdd98f11915be72b851	AVAILABLE	118b3d002afb1fafaeb3547b6cc1c49699425aa445bf0118da64f6e0980be125
rta	ONE_FLOW_TO_CASTS_APPLICATION_GET_METHOD	com.acme.benchmark:impact-medium-app:jar@	CALLEE	RELATED_IMETHOD	10	135	java.lang.StringBuilder#append(Ljava/lang/Object;)Ljava/lang/StringBuilder;@JDK|context=DelegatingContext [A=Everywhere, B=Everywhere]|nodeId=135|walaSynthetic=false|sentinelRole=NONE	DelegatingContext [A=Everywhere, B=Everywhere]	false	NONE	java.lang.StringBuilder#append(Ljava/lang/Object;)Ljava/lang/StringBuilder;@JDK	java.lang.StringBuilder	append	(Ljava/lang/Object;)Ljava/lang/StringBuilder;	JDK	371	371	371	3	com.sun.java.util.jar.pack.Attribute$Layout#stringForDebug()Ljava/lang/String;@JDK	com.sun.java.util.jar.pack.Attribute$Layout	stringForDebug	()Ljava/lang/String;	JDK	1	1	0	com.sun.java.util.jar.pack.Attribute$Layout#stringForDebug()Ljava/lang/String;@JDK|context=DelegatingContext [A=Everywhere, B=Everywhere]|nodeId=18861|walaSynthetic=false|sentinelRole=NONE				true	DECOMPILED	840576877ac4075affe1755a04938e1167ebd86c3cc61cdd98f11915be72b851	AVAILABLE	118b3d002afb1fafaeb3547b6cc1c49699425aa445bf0118da64f6e0980be125
rta	ONE_FLOW_TO_CASTS_APPLICATION_GET_METHOD	com.acme.benchmark:impact-medium-app:jar@	CALLEE	RELATED_IMETHOD	10	135	java.lang.StringBuilder#append(Ljava/lang/Object;)Ljava/lang/StringBuilder;@JDK|context=DelegatingContext [A=Everywhere, B=Everywhere]|nodeId=135|walaSynthetic=false|sentinelRole=NONE	DelegatingContext [A=Everywhere, B=Everywhere]	false	NONE	java.lang.StringBuilder#append(Ljava/lang/Object;)Ljava/lang/StringBuilder;@JDK	java.lang.StringBuilder	append	(Ljava/lang/Object;)Ljava/lang/StringBuilder;	JDK	371	371	371	4	com.sun.java.util.jar.pack.Attribute$Layout$Element#stringForDebug()Ljava/lang/String;@JDK	com.sun.java.util.jar.pack.Attribute$Layout$Element	stringForDebug	()Ljava/lang/String;	JDK	1	1	0	com.sun.java.util.jar.pack.Attribute$Layout$Element#stringForDebug()Ljava/lang/String;@JDK|context=DelegatingContext [A=Everywhere, B=Everywhere]|nodeId=18965|walaSynthetic=false|sentinelRole=NONE				true	DECOMPILED	840576877ac4075affe1755a04938e1167ebd86c3cc61cdd98f11915be72b851	AVAILABLE	118b3d002afb1fafaeb3547b6cc1c49699425aa445bf0118da64f6e0980be125
rta	ONE_FLOW_TO_CASTS_APPLICATION_GET_METHOD	com.acme.benchmark:impact-medium-app:jar@	CALLEE	RELATED_IMETHOD	10	135	java.lang.StringBuilder#append(Ljava/lang/Object;)Ljava/lang/StringBuilder;@JDK|context=DelegatingContext [A=Everywhere, B=Everywhere]|nodeId=135|walaSynthetic=false|sentinelRole=NONE	DelegatingContext [A=Everywhere, B=Everywhere]	false	NONE	java.lang.StringBuilder#append(Ljava/lang/Object;)Ljava/lang/StringBuilder;@JDK	java.lang.StringBuilder	append	(Ljava/lang/Object;)Ljava/lang/StringBuilder;	JDK	371	371	371	5	com.sun.java.util.jar.pack.BandStructure#encodeEscapeValue(ILcom/sun/java/util/jar/pack/Coding;)I@JDK	com.sun.java.util.jar.pack.BandStructure	encodeEscapeValue	(ILcom/sun/java/util/jar/pack/Coding;)I	JDK	1	1	0	com.sun.java.util.jar.pack.BandStructure#encodeEscapeValue(ILcom/sun/java/util/jar/pack/Coding;)I@JDK|context=DelegatingContext [A=Everywhere, B=Everywhere]|nodeId=19526|walaSynthetic=false|sentinelRole=NONE				true	DECOMPILED	840576877ac4075affe1755a04938e1167ebd86c3cc61cdd98f11915be72b851	AVAILABLE	118b3d002afb1fafaeb3547b6cc1c49699425aa445bf0118da64f6e0980be125
rta	ONE_FLOW_TO_CASTS_APPLICATION_GET_METHOD	com.acme.benchmark:impact-medium-app:jar@	CALLEE	RELATED_IMETHOD	10	135	java.lang.StringBuilder#append(Ljava/lang/Object;)Ljava/lang/StringBuilder;@JDK|context=DelegatingContext [A=Everywhere, B=Everywhere]|nodeId=135|walaSynthetic=false|sentinelRole=NONE	DelegatingContext [A=Everywhere, B=Everywhere]	false	NONE	java.lang.StringBuilder#append(Ljava/lang/Object;)Ljava/lang/StringBuilder;@JDK	java.lang.StringBuilder	append	(Ljava/lang/Object;)Ljava/lang/StringBuilder;	JDK	371	371	371	6	com.sun.java.util.jar.pack.Fixups$Fixup#toString()Ljava/lang/String;@JDK	com.sun.java.util.jar.pack.Fixups$Fixup	toString	()Ljava/lang/String;	JDK	1	1	0	com.sun.java.util.jar.pack.Fixups$Fixup#toString()Ljava/lang/String;@JDK|context=DelegatingContext [A=Everywhere, B=Everywhere]|nodeId=17046|walaSynthetic=false|sentinelRole=NONE				true	DECOMPILED	840576877ac4075affe1755a04938e1167ebd86c3cc61cdd98f11915be72b851	AVAILABLE	118b3d002afb1fafaeb3547b6cc1c49699425aa445bf0118da64f6e0980be125
rta	ONE_FLOW_TO_CASTS_APPLICATION_GET_METHOD	com.acme.benchmark:impact-medium-app:jar@	CALLEE	RELATED_IMETHOD	10	135	java.lang.StringBuilder#append(Ljava/lang/Object;)Ljava/lang/StringBuilder;@JDK|context=DelegatingContext [A=Everywhere, B=Everywhere]|nodeId=135|walaSynthetic=false|sentinelRole=NONE	DelegatingContext [A=Everywhere, B=Everywhere]	false	NONE	java.lang.StringBuilder#append(Ljava/lang/Object;)Ljava/lang/StringBuilder;@JDK	java.lang.StringBuilder	append	(Ljava/lang/Object;)Ljava/lang/StringBuilder;	JDK	371	371	371	7	com.sun.java.util.jar.pack.Package$Class$Member#toString()Ljava/lang/String;@JDK	com.sun.java.util.jar.pack.Package$Class$Member	toString	()Ljava/lang/String;	JDK	1	1	0	com.sun.java.util.jar.pack.Package$Class$Member#toString()Ljava/lang/String;@JDK|context=DelegatingContext [A=Everywhere, B=Everywhere]|nodeId=17047|walaSynthetic=false|sentinelRole=NONE				true	DECOMPILED	840576877ac4075affe1755a04938e1167ebd86c3cc61cdd98f11915be72b851	AVAILABLE	118b3d002afb1fafaeb3547b6cc1c49699425aa445bf0118da64f6e0980be125
rta	ONE_FLOW_TO_CASTS_APPLICATION_GET_METHOD	com.acme.benchmark:impact-medium-app:jar@	CALLEE	RELATED_IMETHOD	10	135	java.lang.StringBuilder#append(Ljava/lang/Object;)Ljava/lang/StringBuilder;@JDK|context=DelegatingContext [A=Everywhere, B=Everywhere]|nodeId=135|walaSynthetic=false|sentinelRole=NONE	DelegatingContext [A=Everywhere, B=Everywhere]	false	NONE	java.lang.StringBuilder#append(Ljava/lang/Object;)Ljava/lang/StringBuilder;@JDK	java.lang.StringBuilder	append	(Ljava/lang/Object;)Ljava/lang/StringBuilder;	JDK	371	371	371	8	com.sun.nio.zipfs.JarFileSystemProvider#getPath(Ljava/net/URI;)Ljava/nio/file/Path;@JDK	com.sun.nio.zipfs.JarFileSystemProvider	getPath	(Ljava/net/URI;)Ljava/nio/file/Path;	JDK	1	1	0	com.sun.nio.zipfs.JarFileSystemProvider#getPath(Ljava/net/URI;)Ljava/nio/file/Path;@JDK|context=DelegatingContext [A=Everywhere, B=Everywhere]|nodeId=28711|walaSynthetic=false|sentinelRole=NONE				true	DECOMPILED	840576877ac4075affe1755a04938e1167ebd86c3cc61cdd98f11915be72b851	AVAILABLE	118b3d002afb1fafaeb3547b6cc1c49699425aa445bf0118da64f6e0980be125
rta	ONE_FLOW_TO_CASTS_APPLICATION_GET_METHOD	com.acme.benchmark:impact-medium-app:jar@	CALLEE	RELATED_IMETHOD	10	135	java.lang.StringBuilder#append(Ljava/lang/Object;)Ljava/lang/StringBuilder;@JDK|context=DelegatingContext [A=Everywhere, B=Everywhere]|nodeId=135|walaSynthetic=false|sentinelRole=NONE	DelegatingContext [A=Everywhere, B=Everywhere]	false	NONE	java.lang.StringBuilder#append(Ljava/lang/Object;)Ljava/lang/StringBuilder;@JDK	java.lang.StringBuilder	append	(Ljava/lang/Object;)Ljava/lang/StringBuilder;	JDK	371	371	371	9	com.sun.nio.zipfs.ZipFileSystemProvider#getPath(Ljava/net/URI;)Ljava/nio/file/Path;@JDK	com.sun.nio.zipfs.ZipFileSystemProvider	getPath	(Ljava/net/URI;)Ljava/nio/file/Path;	JDK	1	1	0	com.sun.nio.zipfs.ZipFileSystemProvider#getPath(Ljava/net/URI;)Ljava/nio/file/Path;@JDK|context=DelegatingContext [A=Everywhere, B=Everywhere]|nodeId=28710|walaSynthetic=false|sentinelRole=NONE				true	DECOMPILED	840576877ac4075affe1755a04938e1167ebd86c3cc61cdd98f11915be72b851	AVAILABLE	118b3d002afb1fafaeb3547b6cc1c49699425aa445bf0118da64f6e0980be125
rta	ONE_FLOW_TO_CASTS_APPLICATION_GET_METHOD	com.acme.benchmark:impact-medium-app:jar@	CALLEE	RELATED_IMETHOD	10	135	java.lang.StringBuilder#append(Ljava/lang/Object;)Ljava/lang/StringBuilder;@JDK|context=DelegatingContext [A=Everywhere, B=Everywhere]|nodeId=135|walaSynthetic=false|sentinelRole=NONE	DelegatingContext [A=Everywhere, B=Everywhere]	false	NONE	java.lang.StringBuilder#append(Ljava/lang/Object;)Ljava/lang/StringBuilder;@JDK	java.lang.StringBuilder	append	(Ljava/lang/Object;)Ljava/lang/StringBuilder;	JDK	371	371	371	10	com.sun.org.apache.xml.internal.security.utils.resolver.ResourceResolver#register(Ljava/lang/Class;Z)V@JDK	com.sun.org.apache.xml.internal.security.utils.resolver.ResourceResolver	register	(Ljava/lang/Class;Z)V	JDK	1	1	0	com.sun.org.apache.xml.internal.security.utils.resolver.ResourceResolver#register(Ljava/lang/Class;Z)V@JDK|context=DelegatingContext [A=Everywhere, B=Everywhere]|nodeId=24007|walaSynthetic=false|sentinelRole=NONE				true	DECOMPILED	840576877ac4075affe1755a04938e1167ebd86c3cc61cdd98f11915be72b851	AVAILABLE	118b3d002afb1fafaeb3547b6cc1c49699425aa445bf0118da64f6e0980be125
rta	ONE_FLOW_TO_CASTS_APPLICATION_GET_METHOD	com.acme.benchmark:impact-medium-app:jar@	CALLEE	REACHABILITY_PATH	10	135	java.lang.StringBuilder#append(Ljava/lang/Object;)Ljava/lang/StringBuilder;@JDK|context=DelegatingContext [A=Everywhere, B=Everywhere]|nodeId=135|walaSynthetic=false|sentinelRole=NONE	DelegatingContext [A=Everywhere, B=Everywhere]	false	NONE	java.lang.StringBuilder#append(Ljava/lang/Object;)Ljava/lang/StringBuilder;@JDK	java.lang.StringBuilder	append	(Ljava/lang/Object;)Ljava/lang/StringBuilder;	JDK	371	371	371											FAKE_ROOT	com.ibm.wala.FakeRootClass#fakeRootMethod()V@SYNTHETIC|context=Everywhere|nodeId=0|walaSynthetic=true|sentinelRole=FAKE_ROOT	[FAKE_ROOT] com.ibm.wala.FakeRootClass#fakeRootMethod()V@SYNTHETIC|context=Everywhere|nodeId=0|walaSynthetic=true|sentinelRole=FAKE_ROOT -> [FAKE_WORLD_CLINIT] com.ibm.wala.FakeRootClass#fakeWorldClinit()V@SYNTHETIC|context=Everywhere|nodeId=1|walaSynthetic=true|sentinelRole=FAKE_WORLD_CLINIT -> java.lang.invoke.InvokerBytecodeGenerator#<clinit>()V@JDK|context=Everywhere|nodeId=23771|walaSynthetic=false|sentinelRole=NONE -> java.lang.StringBuilder#append(Ljava/lang/Object;)Ljava/lang/StringBuilder;@JDK|context=DelegatingContext [A=Everywhere, B=Everywhere]|nodeId=135|walaSynthetic=false|sentinelRole=NONE	true	DECOMPILED	840576877ac4075affe1755a04938e1167ebd86c3cc61cdd98f11915be72b851	AVAILABLE	118b3d002afb1fafaeb3547b6cc1c49699425aa445bf0118da64f6e0980be125
rta	ONE_FLOW_TO_CASTS_APPLICATION_GET_METHOD	com.acme.benchmark:impact-medium-app:jar@	CALLEE	REACHABILITY_PATH	10	135	java.lang.StringBuilder#append(Ljava/lang/Object;)Ljava/lang/StringBuilder;@JDK|context=DelegatingContext [A=Everywhere, B=Everywhere]|nodeId=135|walaSynthetic=false|sentinelRole=NONE	DelegatingContext [A=Everywhere, B=Everywhere]	false	NONE	java.lang.StringBuilder#append(Ljava/lang/Object;)Ljava/lang/StringBuilder;@JDK	java.lang.StringBuilder	append	(Ljava/lang/Object;)Ljava/lang/StringBuilder;	JDK	371	371	371											FAKE_WORLD_CLINIT	com.ibm.wala.FakeRootClass#fakeWorldClinit()V@SYNTHETIC|context=Everywhere|nodeId=1|walaSynthetic=true|sentinelRole=FAKE_WORLD_CLINIT	[FAKE_WORLD_CLINIT] com.ibm.wala.FakeRootClass#fakeWorldClinit()V@SYNTHETIC|context=Everywhere|nodeId=1|walaSynthetic=true|sentinelRole=FAKE_WORLD_CLINIT -> java.lang.invoke.InvokerBytecodeGenerator#<clinit>()V@JDK|context=Everywhere|nodeId=23771|walaSynthetic=false|sentinelRole=NONE -> java.lang.StringBuilder#append(Ljava/lang/Object;)Ljava/lang/StringBuilder;@JDK|context=DelegatingContext [A=Everywhere, B=Everywhere]|nodeId=135|walaSynthetic=false|sentinelRole=NONE	true	DECOMPILED	840576877ac4075affe1755a04938e1167ebd86c3cc61cdd98f11915be72b851	AVAILABLE	118b3d002afb1fafaeb3547b6cc1c49699425aa445bf0118da64f6e0980be125
zero-cfa	ONE_FLOW_TO_CASTS_APPLICATION_GET_METHOD	com.acme.benchmark:impact-medium-app:jar@	CALLER	RANKED_CGNODE	1	0	com.ibm.wala.FakeRootClass#fakeRootMethod()V@SYNTHETIC|context=Everywhere|nodeId=0|walaSynthetic=true|sentinelRole=FAKE_ROOT	Everywhere	true	FAKE_ROOT	com.ibm.wala.FakeRootClass#fakeRootMethod()V@SYNTHETIC	com.ibm.wala.FakeRootClass	fakeRootMethod	()V	SYNTHETIC	14	14	14														false	UNAVAILABLE		AVAILABLE	af37a30437632dca7b256fd0a4edeac72b2657ed1d322a0f50ec55de3afd1e9e
zero-cfa	ONE_FLOW_TO_CASTS_APPLICATION_GET_METHOD	com.acme.benchmark:impact-medium-app:jar@	CALLER	RELATED_IMETHOD	1	0	com.ibm.wala.FakeRootClass#fakeRootMethod()V@SYNTHETIC|context=Everywhere|nodeId=0|walaSynthetic=true|sentinelRole=FAKE_ROOT	Everywhere	true	FAKE_ROOT	com.ibm.wala.FakeRootClass#fakeRootMethod()V@SYNTHETIC	com.ibm.wala.FakeRootClass	fakeRootMethod	()V	SYNTHETIC	14	14	14	1	com.acme.benchmark.BodyChangeUseCase#<init>()V@PROJECT	com.acme.benchmark.BodyChangeUseCase	<init>	()V	PROJECT	1	1	0	com.acme.benchmark.BodyChangeUseCase#<init>()V@PROJECT|context=Everywhere|nodeId=3|walaSynthetic=false|sentinelRole=NONE				false	UNAVAILABLE		AVAILABLE	af37a30437632dca7b256fd0a4edeac72b2657ed1d322a0f50ec55de3afd1e9e
zero-cfa	ONE_FLOW_TO_CASTS_APPLICATION_GET_METHOD	com.acme.benchmark:impact-medium-app:jar@	CALLER	RELATED_IMETHOD	1	0	com.ibm.wala.FakeRootClass#fakeRootMethod()V@SYNTHETIC|context=Everywhere|nodeId=0|walaSynthetic=true|sentinelRole=FAKE_ROOT	Everywhere	true	FAKE_ROOT	com.ibm.wala.FakeRootClass#fakeRootMethod()V@SYNTHETIC	com.ibm.wala.FakeRootClass	fakeRootMethod	()V	SYNTHETIC	14	14	14	2	com.acme.benchmark.BodyChangeUseCase#execute()I@PROJECT	com.acme.benchmark.BodyChangeUseCase	execute	()I	PROJECT	1	1	0	com.acme.benchmark.BodyChangeUseCase#execute()I@PROJECT|context=Everywhere|nodeId=4|walaSynthetic=false|sentinelRole=NONE				false	UNAVAILABLE		AVAILABLE	af37a30437632dca7b256fd0a4edeac72b2657ed1d322a0f50ec55de3afd1e9e
zero-cfa	ONE_FLOW_TO_CASTS_APPLICATION_GET_METHOD	com.acme.benchmark:impact-medium-app:jar@	CALLER	RELATED_IMETHOD	1	0	com.ibm.wala.FakeRootClass#fakeRootMethod()V@SYNTHETIC|context=Everywhere|nodeId=0|walaSynthetic=true|sentinelRole=FAKE_ROOT	Everywhere	true	FAKE_ROOT	com.ibm.wala.FakeRootClass#fakeRootMethod()V@SYNTHETIC	com.ibm.wala.FakeRootClass	fakeRootMethod	()V	SYNTHETIC	14	14	14	3	com.acme.benchmark.DescriptorChangeUseCase#<init>()V@PROJECT	com.acme.benchmark.DescriptorChangeUseCase	<init>	()V	PROJECT	1	1	0	com.acme.benchmark.DescriptorChangeUseCase#<init>()V@PROJECT|context=Everywhere|nodeId=5|walaSynthetic=false|sentinelRole=NONE				false	UNAVAILABLE		AVAILABLE	af37a30437632dca7b256fd0a4edeac72b2657ed1d322a0f50ec55de3afd1e9e
zero-cfa	ONE_FLOW_TO_CASTS_APPLICATION_GET_METHOD	com.acme.benchmark:impact-medium-app:jar@	CALLER	RELATED_IMETHOD	1	0	com.ibm.wala.FakeRootClass#fakeRootMethod()V@SYNTHETIC|context=Everywhere|nodeId=0|walaSynthetic=true|sentinelRole=FAKE_ROOT	Everywhere	true	FAKE_ROOT	com.ibm.wala.FakeRootClass#fakeRootMethod()V@SYNTHETIC	com.ibm.wala.FakeRootClass	fakeRootMethod	()V	SYNTHETIC	14	14	14	4	com.acme.benchmark.DescriptorChangeUseCase#executeOldDescriptor()Ljava/lang/String;@PROJECT	com.acme.benchmark.DescriptorChangeUseCase	executeOldDescriptor	()Ljava/lang/String;	PROJECT	1	1	0	com.acme.benchmark.DescriptorChangeUseCase#executeOldDescriptor()Ljava/lang/String;@PROJECT|context=Everywhere|nodeId=6|walaSynthetic=false|sentinelRole=NONE				false	UNAVAILABLE		AVAILABLE	af37a30437632dca7b256fd0a4edeac72b2657ed1d322a0f50ec55de3afd1e9e
zero-cfa	ONE_FLOW_TO_CASTS_APPLICATION_GET_METHOD	com.acme.benchmark:impact-medium-app:jar@	CALLER	RELATED_IMETHOD	1	0	com.ibm.wala.FakeRootClass#fakeRootMethod()V@SYNTHETIC|context=Everywhere|nodeId=0|walaSynthetic=true|sentinelRole=FAKE_ROOT	Everywhere	true	FAKE_ROOT	com.ibm.wala.FakeRootClass#fakeRootMethod()V@SYNTHETIC	com.ibm.wala.FakeRootClass	fakeRootMethod	()V	SYNTHETIC	14	14	14	5	com.acme.benchmark.FieldDescriptorUseCase#<init>()V@PROJECT	com.acme.benchmark.FieldDescriptorUseCase	<init>	()V	PROJECT	1	1	0	com.acme.benchmark.FieldDescriptorUseCase#<init>()V@PROJECT|context=Everywhere|nodeId=7|walaSynthetic=false|sentinelRole=NONE				false	UNAVAILABLE		AVAILABLE	af37a30437632dca7b256fd0a4edeac72b2657ed1d322a0f50ec55de3afd1e9e
zero-cfa	ONE_FLOW_TO_CASTS_APPLICATION_GET_METHOD	com.acme.benchmark:impact-medium-app:jar@	CALLER	RELATED_IMETHOD	1	0	com.ibm.wala.FakeRootClass#fakeRootMethod()V@SYNTHETIC|context=Everywhere|nodeId=0|walaSynthetic=true|sentinelRole=FAKE_ROOT	Everywhere	true	FAKE_ROOT	com.ibm.wala.FakeRootClass#fakeRootMethod()V@SYNTHETIC	com.ibm.wala.FakeRootClass	fakeRootMethod	()V	SYNTHETIC	14	14	14	6	com.acme.benchmark.FieldDescriptorUseCase#executeNewDescriptor()I@PROJECT	com.acme.benchmark.FieldDescriptorUseCase	executeNewDescriptor	()I	PROJECT	1	1	0	com.acme.benchmark.FieldDescriptorUseCase#executeNewDescriptor()I@PROJECT|context=Everywhere|nodeId=8|walaSynthetic=false|sentinelRole=NONE				false	UNAVAILABLE		AVAILABLE	af37a30437632dca7b256fd0a4edeac72b2657ed1d322a0f50ec55de3afd1e9e
zero-cfa	ONE_FLOW_TO_CASTS_APPLICATION_GET_METHOD	com.acme.benchmark:impact-medium-app:jar@	CALLER	RELATED_IMETHOD	1	0	com.ibm.wala.FakeRootClass#fakeRootMethod()V@SYNTHETIC|context=Everywhere|nodeId=0|walaSynthetic=true|sentinelRole=FAKE_ROOT	Everywhere	true	FAKE_ROOT	com.ibm.wala.FakeRootClass#fakeRootMethod()V@SYNTHETIC	com.ibm.wala.FakeRootClass	fakeRootMethod	()V	SYNTHETIC	14	14	14	7	com.acme.benchmark.FieldDescriptorUseCase#executeOldDescriptor()Ljava/lang/Object;@PROJECT	com.acme.benchmark.FieldDescriptorUseCase	executeOldDescriptor	()Ljava/lang/Object;	PROJECT	1	1	0	com.acme.benchmark.FieldDescriptorUseCase#executeOldDescriptor()Ljava/lang/Object;@PROJECT|context=Everywhere|nodeId=9|walaSynthetic=false|sentinelRole=NONE				false	UNAVAILABLE		AVAILABLE	af37a30437632dca7b256fd0a4edeac72b2657ed1d322a0f50ec55de3afd1e9e
zero-cfa	ONE_FLOW_TO_CASTS_APPLICATION_GET_METHOD	com.acme.benchmark:impact-medium-app:jar@	CALLER	RELATED_IMETHOD	1	0	com.ibm.wala.FakeRootClass#fakeRootMethod()V@SYNTHETIC|context=Everywhere|nodeId=0|walaSynthetic=true|sentinelRole=FAKE_ROOT	Everywhere	true	FAKE_ROOT	com.ibm.wala.FakeRootClass#fakeRootMethod()V@SYNTHETIC	com.ibm.wala.FakeRootClass	fakeRootMethod	()V	SYNTHETIC	14	14	14	8	com.acme.benchmark.RemovedClassUseCase#<init>()V@PROJECT	com.acme.benchmark.RemovedClassUseCase	<init>	()V	PROJECT	1	1	0	com.acme.benchmark.RemovedClassUseCase#<init>()V@PROJECT|context=Everywhere|nodeId=10|walaSynthetic=false|sentinelRole=NONE				false	UNAVAILABLE		AVAILABLE	af37a30437632dca7b256fd0a4edeac72b2657ed1d322a0f50ec55de3afd1e9e
zero-cfa	ONE_FLOW_TO_CASTS_APPLICATION_GET_METHOD	com.acme.benchmark:impact-medium-app:jar@	CALLER	RELATED_IMETHOD	1	0	com.ibm.wala.FakeRootClass#fakeRootMethod()V@SYNTHETIC|context=Everywhere|nodeId=0|walaSynthetic=true|sentinelRole=FAKE_ROOT	Everywhere	true	FAKE_ROOT	com.ibm.wala.FakeRootClass#fakeRootMethod()V@SYNTHETIC	com.ibm.wala.FakeRootClass	fakeRootMethod	()V	SYNTHETIC	14	14	14	9	com.acme.benchmark.RemovedClassUseCase#execute()Ljava/lang/Object;@PROJECT	com.acme.benchmark.RemovedClassUseCase	execute	()Ljava/lang/Object;	PROJECT	1	1	0	com.acme.benchmark.RemovedClassUseCase#execute()Ljava/lang/Object;@PROJECT|context=Everywhere|nodeId=11|walaSynthetic=false|sentinelRole=NONE				false	UNAVAILABLE		AVAILABLE	af37a30437632dca7b256fd0a4edeac72b2657ed1d322a0f50ec55de3afd1e9e
zero-cfa	ONE_FLOW_TO_CASTS_APPLICATION_GET_METHOD	com.acme.benchmark:impact-medium-app:jar@	CALLER	RELATED_IMETHOD	1	0	com.ibm.wala.FakeRootClass#fakeRootMethod()V@SYNTHETIC|context=Everywhere|nodeId=0|walaSynthetic=true|sentinelRole=FAKE_ROOT	Everywhere	true	FAKE_ROOT	com.ibm.wala.FakeRootClass#fakeRootMethod()V@SYNTHETIC	com.ibm.wala.FakeRootClass	fakeRootMethod	()V	SYNTHETIC	14	14	14	10	com.acme.benchmark.RemovedFieldUseCase#<init>()V@PROJECT	com.acme.benchmark.RemovedFieldUseCase	<init>	()V	PROJECT	1	1	0	com.acme.benchmark.RemovedFieldUseCase#<init>()V@PROJECT|context=Everywhere|nodeId=12|walaSynthetic=false|sentinelRole=NONE				false	UNAVAILABLE		AVAILABLE	af37a30437632dca7b256fd0a4edeac72b2657ed1d322a0f50ec55de3afd1e9e
zero-cfa	ONE_FLOW_TO_CASTS_APPLICATION_GET_METHOD	com.acme.benchmark:impact-medium-app:jar@	CALLER	REACHABILITY_PATH	1	0	com.ibm.wala.FakeRootClass#fakeRootMethod()V@SYNTHETIC|context=Everywhere|nodeId=0|walaSynthetic=true|sentinelRole=FAKE_ROOT	Everywhere	true	FAKE_ROOT	com.ibm.wala.FakeRootClass#fakeRootMethod()V@SYNTHETIC	com.ibm.wala.FakeRootClass	fakeRootMethod	()V	SYNTHETIC	14	14	14											FAKE_ROOT	com.ibm.wala.FakeRootClass#fakeRootMethod()V@SYNTHETIC|context=Everywhere|nodeId=0|walaSynthetic=true|sentinelRole=FAKE_ROOT	[FAKE_ROOT] com.ibm.wala.FakeRootClass#fakeRootMethod()V@SYNTHETIC|context=Everywhere|nodeId=0|walaSynthetic=true|sentinelRole=FAKE_ROOT	false	UNAVAILABLE		AVAILABLE	af37a30437632dca7b256fd0a4edeac72b2657ed1d322a0f50ec55de3afd1e9e
zero-cfa	ONE_FLOW_TO_CASTS_APPLICATION_GET_METHOD	com.acme.benchmark:impact-medium-app:jar@	CALLER	RANKED_CGNODE	2	4	com.acme.benchmark.BodyChangeUseCase#execute()I@PROJECT|context=Everywhere|nodeId=4|walaSynthetic=false|sentinelRole=NONE	Everywhere	false	NONE	com.acme.benchmark.BodyChangeUseCase#execute()I@PROJECT	com.acme.benchmark.BodyChangeUseCase	execute	()I	PROJECT	2	2	2														false	DECOMPILED	976fa70e0d77d42f5dde70aa50f884a4000c7eb42b31b8771111677b9e004b3f	AVAILABLE	eecfec8ef0625d74db2ace2d3ae19be08a00343c7b38bb026ab445c2fe638b81
zero-cfa	ONE_FLOW_TO_CASTS_APPLICATION_GET_METHOD	com.acme.benchmark:impact-medium-app:jar@	CALLER	RELATED_IMETHOD	2	4	com.acme.benchmark.BodyChangeUseCase#execute()I@PROJECT|context=Everywhere|nodeId=4|walaSynthetic=false|sentinelRole=NONE	Everywhere	false	NONE	com.acme.benchmark.BodyChangeUseCase#execute()I@PROJECT	com.acme.benchmark.BodyChangeUseCase	execute	()I	PROJECT	2	2	2	1	com.acme.impact.api.ScenarioApi#<init>()V@DEPENDENCY	com.acme.impact.api.ScenarioApi	<init>	()V	DEPENDENCY	1	1	0	com.acme.impact.api.ScenarioApi#<init>()V@DEPENDENCY|context=Everywhere|nodeId=18|walaSynthetic=false|sentinelRole=NONE				false	DECOMPILED	976fa70e0d77d42f5dde70aa50f884a4000c7eb42b31b8771111677b9e004b3f	AVAILABLE	eecfec8ef0625d74db2ace2d3ae19be08a00343c7b38bb026ab445c2fe638b81
zero-cfa	ONE_FLOW_TO_CASTS_APPLICATION_GET_METHOD	com.acme.benchmark:impact-medium-app:jar@	CALLER	RELATED_IMETHOD	2	4	com.acme.benchmark.BodyChangeUseCase#execute()I@PROJECT|context=Everywhere|nodeId=4|walaSynthetic=false|sentinelRole=NONE	Everywhere	false	NONE	com.acme.benchmark.BodyChangeUseCase#execute()I@PROJECT	com.acme.benchmark.BodyChangeUseCase	execute	()I	PROJECT	2	2	2	2	com.acme.impact.api.ScenarioApi#bodyChanged(I)I@DEPENDENCY	com.acme.impact.api.ScenarioApi	bodyChanged	(I)I	DEPENDENCY	1	1	0	com.acme.impact.api.ScenarioApi#bodyChanged(I)I@DEPENDENCY|context=Everywhere|nodeId=19|walaSynthetic=false|sentinelRole=NONE				false	DECOMPILED	976fa70e0d77d42f5dde70aa50f884a4000c7eb42b31b8771111677b9e004b3f	AVAILABLE	eecfec8ef0625d74db2ace2d3ae19be08a00343c7b38bb026ab445c2fe638b81
zero-cfa	ONE_FLOW_TO_CASTS_APPLICATION_GET_METHOD	com.acme.benchmark:impact-medium-app:jar@	CALLER	REACHABILITY_PATH	2	4	com.acme.benchmark.BodyChangeUseCase#execute()I@PROJECT|context=Everywhere|nodeId=4|walaSynthetic=false|sentinelRole=NONE	Everywhere	false	NONE	com.acme.benchmark.BodyChangeUseCase#execute()I@PROJECT	com.acme.benchmark.BodyChangeUseCase	execute	()I	PROJECT	2	2	2											DECLARED_ENTRYPOINT	com.acme.benchmark.BodyChangeUseCase#execute()I@PROJECT|context=Everywhere|nodeId=4|walaSynthetic=false|sentinelRole=NONE	com.acme.benchmark.BodyChangeUseCase#execute()I@PROJECT|context=Everywhere|nodeId=4|walaSynthetic=false|sentinelRole=NONE	false	DECOMPILED	976fa70e0d77d42f5dde70aa50f884a4000c7eb42b31b8771111677b9e004b3f	AVAILABLE	eecfec8ef0625d74db2ace2d3ae19be08a00343c7b38bb026ab445c2fe638b81
zero-cfa	ONE_FLOW_TO_CASTS_APPLICATION_GET_METHOD	com.acme.benchmark:impact-medium-app:jar@	CALLER	REACHABILITY_PATH	2	4	com.acme.benchmark.BodyChangeUseCase#execute()I@PROJECT|context=Everywhere|nodeId=4|walaSynthetic=false|sentinelRole=NONE	Everywhere	false	NONE	com.acme.benchmark.BodyChangeUseCase#execute()I@PROJECT	com.acme.benchmark.BodyChangeUseCase	execute	()I	PROJECT	2	2	2											FAKE_ROOT	com.ibm.wala.FakeRootClass#fakeRootMethod()V@SYNTHETIC|context=Everywhere|nodeId=0|walaSynthetic=true|sentinelRole=FAKE_ROOT	[FAKE_ROOT] com.ibm.wala.FakeRootClass#fakeRootMethod()V@SYNTHETIC|context=Everywhere|nodeId=0|walaSynthetic=true|sentinelRole=FAKE_ROOT -> com.acme.benchmark.BodyChangeUseCase#execute()I@PROJECT|context=Everywhere|nodeId=4|walaSynthetic=false|sentinelRole=NONE	false	DECOMPILED	976fa70e0d77d42f5dde70aa50f884a4000c7eb42b31b8771111677b9e004b3f	AVAILABLE	eecfec8ef0625d74db2ace2d3ae19be08a00343c7b38bb026ab445c2fe638b81
zero-cfa	ONE_FLOW_TO_CASTS_APPLICATION_GET_METHOD	com.acme.benchmark:impact-medium-app:jar@	CALLER	RANKED_CGNODE	3	6	com.acme.benchmark.DescriptorChangeUseCase#executeOldDescriptor()Ljava/lang/String;@PROJECT|context=Everywhere|nodeId=6|walaSynthetic=false|sentinelRole=NONE	Everywhere	false	NONE	com.acme.benchmark.DescriptorChangeUseCase#executeOldDescriptor()Ljava/lang/String;@PROJECT	com.acme.benchmark.DescriptorChangeUseCase	executeOldDescriptor	()Ljava/lang/String;	PROJECT	2	2	2														false	DECOMPILED	8e060f6feb0b883c9f36b83d36a32fb7d72a4c761ce8bd5accdfb8524055a0c3	AVAILABLE	4938cc5b9ba2464c73c4f56ea6b2880d53fe2c49717d9e7e3653ddefc822fae2
zero-cfa	ONE_FLOW_TO_CASTS_APPLICATION_GET_METHOD	com.acme.benchmark:impact-medium-app:jar@	CALLER	RELATED_IMETHOD	3	6	com.acme.benchmark.DescriptorChangeUseCase#executeOldDescriptor()Ljava/lang/String;@PROJECT|context=Everywhere|nodeId=6|walaSynthetic=false|sentinelRole=NONE	Everywhere	false	NONE	com.acme.benchmark.DescriptorChangeUseCase#executeOldDescriptor()Ljava/lang/String;@PROJECT	com.acme.benchmark.DescriptorChangeUseCase	executeOldDescriptor	()Ljava/lang/String;	PROJECT	2	2	2	1	com.acme.impact.bridge.LegacyImpactBridge#<init>()V@DEPENDENCY	com.acme.impact.bridge.LegacyImpactBridge	<init>	()V	DEPENDENCY	1	1	0	com.acme.impact.bridge.LegacyImpactBridge#<init>()V@DEPENDENCY|context=Everywhere|nodeId=20|walaSynthetic=false|sentinelRole=NONE				false	DECOMPILED	8e060f6feb0b883c9f36b83d36a32fb7d72a4c761ce8bd5accdfb8524055a0c3	AVAILABLE	4938cc5b9ba2464c73c4f56ea6b2880d53fe2c49717d9e7e3653ddefc822fae2
zero-cfa	ONE_FLOW_TO_CASTS_APPLICATION_GET_METHOD	com.acme.benchmark:impact-medium-app:jar@	CALLER	RELATED_IMETHOD	3	6	com.acme.benchmark.DescriptorChangeUseCase#executeOldDescriptor()Ljava/lang/String;@PROJECT|context=Everywhere|nodeId=6|walaSynthetic=false|sentinelRole=NONE	Everywhere	false	NONE	com.acme.benchmark.DescriptorChangeUseCase#executeOldDescriptor()Ljava/lang/String;@PROJECT	com.acme.benchmark.DescriptorChangeUseCase	executeOldDescriptor	()Ljava/lang/String;	PROJECT	2	2	2	2	com.acme.impact.bridge.LegacyImpactBridge#callOldDescriptor(Ljava/lang/String;)Ljava/lang/String;@DEPENDENCY	com.acme.impact.bridge.LegacyImpactBridge	callOldDescriptor	(Ljava/lang/String;)Ljava/lang/String;	DEPENDENCY	1	1	0	com.acme.impact.bridge.LegacyImpactBridge#callOldDescriptor(Ljava/lang/String;)Ljava/lang/String;@DEPENDENCY|context=Everywhere|nodeId=21|walaSynthetic=false|sentinelRole=NONE				false	DECOMPILED	8e060f6feb0b883c9f36b83d36a32fb7d72a4c761ce8bd5accdfb8524055a0c3	AVAILABLE	4938cc5b9ba2464c73c4f56ea6b2880d53fe2c49717d9e7e3653ddefc822fae2
zero-cfa	ONE_FLOW_TO_CASTS_APPLICATION_GET_METHOD	com.acme.benchmark:impact-medium-app:jar@	CALLER	REACHABILITY_PATH	3	6	com.acme.benchmark.DescriptorChangeUseCase#executeOldDescriptor()Ljava/lang/String;@PROJECT|context=Everywhere|nodeId=6|walaSynthetic=false|sentinelRole=NONE	Everywhere	false	NONE	com.acme.benchmark.DescriptorChangeUseCase#executeOldDescriptor()Ljava/lang/String;@PROJECT	com.acme.benchmark.DescriptorChangeUseCase	executeOldDescriptor	()Ljava/lang/String;	PROJECT	2	2	2											DECLARED_ENTRYPOINT	com.acme.benchmark.DescriptorChangeUseCase#executeOldDescriptor()Ljava/lang/String;@PROJECT|context=Everywhere|nodeId=6|walaSynthetic=false|sentinelRole=NONE	com.acme.benchmark.DescriptorChangeUseCase#executeOldDescriptor()Ljava/lang/String;@PROJECT|context=Everywhere|nodeId=6|walaSynthetic=false|sentinelRole=NONE	false	DECOMPILED	8e060f6feb0b883c9f36b83d36a32fb7d72a4c761ce8bd5accdfb8524055a0c3	AVAILABLE	4938cc5b9ba2464c73c4f56ea6b2880d53fe2c49717d9e7e3653ddefc822fae2
zero-cfa	ONE_FLOW_TO_CASTS_APPLICATION_GET_METHOD	com.acme.benchmark:impact-medium-app:jar@	CALLER	REACHABILITY_PATH	3	6	com.acme.benchmark.DescriptorChangeUseCase#executeOldDescriptor()Ljava/lang/String;@PROJECT|context=Everywhere|nodeId=6|walaSynthetic=false|sentinelRole=NONE	Everywhere	false	NONE	com.acme.benchmark.DescriptorChangeUseCase#executeOldDescriptor()Ljava/lang/String;@PROJECT	com.acme.benchmark.DescriptorChangeUseCase	executeOldDescriptor	()Ljava/lang/String;	PROJECT	2	2	2											FAKE_ROOT	com.ibm.wala.FakeRootClass#fakeRootMethod()V@SYNTHETIC|context=Everywhere|nodeId=0|walaSynthetic=true|sentinelRole=FAKE_ROOT	[FAKE_ROOT] com.ibm.wala.FakeRootClass#fakeRootMethod()V@SYNTHETIC|context=Everywhere|nodeId=0|walaSynthetic=true|sentinelRole=FAKE_ROOT -> com.acme.benchmark.DescriptorChangeUseCase#executeOldDescriptor()Ljava/lang/String;@PROJECT|context=Everywhere|nodeId=6|walaSynthetic=false|sentinelRole=NONE	false	DECOMPILED	8e060f6feb0b883c9f36b83d36a32fb7d72a4c761ce8bd5accdfb8524055a0c3	AVAILABLE	4938cc5b9ba2464c73c4f56ea6b2880d53fe2c49717d9e7e3653ddefc822fae2
zero-cfa	ONE_FLOW_TO_CASTS_APPLICATION_GET_METHOD	com.acme.benchmark:impact-medium-app:jar@	CALLER	RANKED_CGNODE	4	9	com.acme.benchmark.FieldDescriptorUseCase#executeOldDescriptor()Ljava/lang/Object;@PROJECT|context=Everywhere|nodeId=9|walaSynthetic=false|sentinelRole=NONE	Everywhere	false	NONE	com.acme.benchmark.FieldDescriptorUseCase#executeOldDescriptor()Ljava/lang/Object;@PROJECT	com.acme.benchmark.FieldDescriptorUseCase	executeOldDescriptor	()Ljava/lang/Object;	PROJECT	2	2	2														false	DECOMPILED	d7c2f64cb9a685350fb19c0ba2e1fa3f0fc5c59c3d84543e1c72672583fda36d	AVAILABLE	d5689107c4902c27ab60489190fda9d547298754ffcd847a3d7a247927806956
zero-cfa	ONE_FLOW_TO_CASTS_APPLICATION_GET_METHOD	com.acme.benchmark:impact-medium-app:jar@	CALLER	RELATED_IMETHOD	4	9	com.acme.benchmark.FieldDescriptorUseCase#executeOldDescriptor()Ljava/lang/Object;@PROJECT|context=Everywhere|nodeId=9|walaSynthetic=false|sentinelRole=NONE	Everywhere	false	NONE	com.acme.benchmark.FieldDescriptorUseCase#executeOldDescriptor()Ljava/lang/Object;@PROJECT	com.acme.benchmark.FieldDescriptorUseCase	executeOldDescriptor	()Ljava/lang/Object;	PROJECT	2	2	2	1	com.acme.impact.bridge.LegacyImpactBridge#<init>()V@DEPENDENCY	com.acme.impact.bridge.LegacyImpactBridge	<init>	()V	DEPENDENCY	1	1	0	com.acme.impact.bridge.LegacyImpactBridge#<init>()V@DEPENDENCY|context=Everywhere|nodeId=20|walaSynthetic=false|sentinelRole=NONE				false	DECOMPILED	d7c2f64cb9a685350fb19c0ba2e1fa3f0fc5c59c3d84543e1c72672583fda36d	AVAILABLE	d5689107c4902c27ab60489190fda9d547298754ffcd847a3d7a247927806956
zero-cfa	ONE_FLOW_TO_CASTS_APPLICATION_GET_METHOD	com.acme.benchmark:impact-medium-app:jar@	CALLER	RELATED_IMETHOD	4	9	com.acme.benchmark.FieldDescriptorUseCase#executeOldDescriptor()Ljava/lang/Object;@PROJECT|context=Everywhere|nodeId=9|walaSynthetic=false|sentinelRole=NONE	Everywhere	false	NONE	com.acme.benchmark.FieldDescriptorUseCase#executeOldDescriptor()Ljava/lang/Object;@PROJECT	com.acme.benchmark.FieldDescriptorUseCase	executeOldDescriptor	()Ljava/lang/Object;	PROJECT	2	2	2	2	com.acme.impact.bridge.LegacyImpactBridge#readOldDescriptorField()Ljava/lang/Object;@DEPENDENCY	com.acme.impact.bridge.LegacyImpactBridge	readOldDescriptorField	()Ljava/lang/Object;	DEPENDENCY	1	1	0	com.acme.impact.bridge.LegacyImpactBridge#readOldDescriptorField()Ljava/lang/Object;@DEPENDENCY|context=Everywhere|nodeId=22|walaSynthetic=false|sentinelRole=NONE				false	DECOMPILED	d7c2f64cb9a685350fb19c0ba2e1fa3f0fc5c59c3d84543e1c72672583fda36d	AVAILABLE	d5689107c4902c27ab60489190fda9d547298754ffcd847a3d7a247927806956
zero-cfa	ONE_FLOW_TO_CASTS_APPLICATION_GET_METHOD	com.acme.benchmark:impact-medium-app:jar@	CALLER	REACHABILITY_PATH	4	9	com.acme.benchmark.FieldDescriptorUseCase#executeOldDescriptor()Ljava/lang/Object;@PROJECT|context=Everywhere|nodeId=9|walaSynthetic=false|sentinelRole=NONE	Everywhere	false	NONE	com.acme.benchmark.FieldDescriptorUseCase#executeOldDescriptor()Ljava/lang/Object;@PROJECT	com.acme.benchmark.FieldDescriptorUseCase	executeOldDescriptor	()Ljava/lang/Object;	PROJECT	2	2	2											DECLARED_ENTRYPOINT	com.acme.benchmark.FieldDescriptorUseCase#executeOldDescriptor()Ljava/lang/Object;@PROJECT|context=Everywhere|nodeId=9|walaSynthetic=false|sentinelRole=NONE	com.acme.benchmark.FieldDescriptorUseCase#executeOldDescriptor()Ljava/lang/Object;@PROJECT|context=Everywhere|nodeId=9|walaSynthetic=false|sentinelRole=NONE	false	DECOMPILED	d7c2f64cb9a685350fb19c0ba2e1fa3f0fc5c59c3d84543e1c72672583fda36d	AVAILABLE	d5689107c4902c27ab60489190fda9d547298754ffcd847a3d7a247927806956
zero-cfa	ONE_FLOW_TO_CASTS_APPLICATION_GET_METHOD	com.acme.benchmark:impact-medium-app:jar@	CALLER	REACHABILITY_PATH	4	9	com.acme.benchmark.FieldDescriptorUseCase#executeOldDescriptor()Ljava/lang/Object;@PROJECT|context=Everywhere|nodeId=9|walaSynthetic=false|sentinelRole=NONE	Everywhere	false	NONE	com.acme.benchmark.FieldDescriptorUseCase#executeOldDescriptor()Ljava/lang/Object;@PROJECT	com.acme.benchmark.FieldDescriptorUseCase	executeOldDescriptor	()Ljava/lang/Object;	PROJECT	2	2	2											FAKE_ROOT	com.ibm.wala.FakeRootClass#fakeRootMethod()V@SYNTHETIC|context=Everywhere|nodeId=0|walaSynthetic=true|sentinelRole=FAKE_ROOT	[FAKE_ROOT] com.ibm.wala.FakeRootClass#fakeRootMethod()V@SYNTHETIC|context=Everywhere|nodeId=0|walaSynthetic=true|sentinelRole=FAKE_ROOT -> com.acme.benchmark.FieldDescriptorUseCase#executeOldDescriptor()Ljava/lang/Object;@PROJECT|context=Everywhere|nodeId=9|walaSynthetic=false|sentinelRole=NONE	false	DECOMPILED	d7c2f64cb9a685350fb19c0ba2e1fa3f0fc5c59c3d84543e1c72672583fda36d	AVAILABLE	d5689107c4902c27ab60489190fda9d547298754ffcd847a3d7a247927806956
zero-cfa	ONE_FLOW_TO_CASTS_APPLICATION_GET_METHOD	com.acme.benchmark:impact-medium-app:jar@	CALLER	RANKED_CGNODE	5	11	com.acme.benchmark.RemovedClassUseCase#execute()Ljava/lang/Object;@PROJECT|context=Everywhere|nodeId=11|walaSynthetic=false|sentinelRole=NONE	Everywhere	false	NONE	com.acme.benchmark.RemovedClassUseCase#execute()Ljava/lang/Object;@PROJECT	com.acme.benchmark.RemovedClassUseCase	execute	()Ljava/lang/Object;	PROJECT	2	2	2														false	DECOMPILED	4ecb9e2fbbadb22873106ad60cd4c8de5f2d5cf6b4e92fae6be7f497955ed6ba	AVAILABLE	8ce0c0889c1db27baf8c5a5c5419765d3a11cac78f191cf5c6b03e46f71c680e
zero-cfa	ONE_FLOW_TO_CASTS_APPLICATION_GET_METHOD	com.acme.benchmark:impact-medium-app:jar@	CALLER	RELATED_IMETHOD	5	11	com.acme.benchmark.RemovedClassUseCase#execute()Ljava/lang/Object;@PROJECT|context=Everywhere|nodeId=11|walaSynthetic=false|sentinelRole=NONE	Everywhere	false	NONE	com.acme.benchmark.RemovedClassUseCase#execute()Ljava/lang/Object;@PROJECT	com.acme.benchmark.RemovedClassUseCase	execute	()Ljava/lang/Object;	PROJECT	2	2	2	1	com.acme.impact.bridge.LegacyImpactBridge#<init>()V@DEPENDENCY	com.acme.impact.bridge.LegacyImpactBridge	<init>	()V	DEPENDENCY	1	1	0	com.acme.impact.bridge.LegacyImpactBridge#<init>()V@DEPENDENCY|context=Everywhere|nodeId=20|walaSynthetic=false|sentinelRole=NONE				false	DECOMPILED	4ecb9e2fbbadb22873106ad60cd4c8de5f2d5cf6b4e92fae6be7f497955ed6ba	AVAILABLE	8ce0c0889c1db27baf8c5a5c5419765d3a11cac78f191cf5c6b03e46f71c680e
zero-cfa	ONE_FLOW_TO_CASTS_APPLICATION_GET_METHOD	com.acme.benchmark:impact-medium-app:jar@	CALLER	RELATED_IMETHOD	5	11	com.acme.benchmark.RemovedClassUseCase#execute()Ljava/lang/Object;@PROJECT|context=Everywhere|nodeId=11|walaSynthetic=false|sentinelRole=NONE	Everywhere	false	NONE	com.acme.benchmark.RemovedClassUseCase#execute()Ljava/lang/Object;@PROJECT	com.acme.benchmark.RemovedClassUseCase	execute	()Ljava/lang/Object;	PROJECT	2	2	2	2	com.acme.impact.bridge.LegacyImpactBridge#instantiateRemovedType()Ljava/lang/Object;@DEPENDENCY	com.acme.impact.bridge.LegacyImpactBridge	instantiateRemovedType	()Ljava/lang/Object;	DEPENDENCY	1	1	0	com.acme.impact.bridge.LegacyImpactBridge#instantiateRemovedType()Ljava/lang/Object;@DEPENDENCY|context=Everywhere|nodeId=23|walaSynthetic=false|sentinelRole=NONE				false	DECOMPILED	4ecb9e2fbbadb22873106ad60cd4c8de5f2d5cf6b4e92fae6be7f497955ed6ba	AVAILABLE	8ce0c0889c1db27baf8c5a5c5419765d3a11cac78f191cf5c6b03e46f71c680e
zero-cfa	ONE_FLOW_TO_CASTS_APPLICATION_GET_METHOD	com.acme.benchmark:impact-medium-app:jar@	CALLER	REACHABILITY_PATH	5	11	com.acme.benchmark.RemovedClassUseCase#execute()Ljava/lang/Object;@PROJECT|context=Everywhere|nodeId=11|walaSynthetic=false|sentinelRole=NONE	Everywhere	false	NONE	com.acme.benchmark.RemovedClassUseCase#execute()Ljava/lang/Object;@PROJECT	com.acme.benchmark.RemovedClassUseCase	execute	()Ljava/lang/Object;	PROJECT	2	2	2											DECLARED_ENTRYPOINT	com.acme.benchmark.RemovedClassUseCase#execute()Ljava/lang/Object;@PROJECT|context=Everywhere|nodeId=11|walaSynthetic=false|sentinelRole=NONE	com.acme.benchmark.RemovedClassUseCase#execute()Ljava/lang/Object;@PROJECT|context=Everywhere|nodeId=11|walaSynthetic=false|sentinelRole=NONE	false	DECOMPILED	4ecb9e2fbbadb22873106ad60cd4c8de5f2d5cf6b4e92fae6be7f497955ed6ba	AVAILABLE	8ce0c0889c1db27baf8c5a5c5419765d3a11cac78f191cf5c6b03e46f71c680e
zero-cfa	ONE_FLOW_TO_CASTS_APPLICATION_GET_METHOD	com.acme.benchmark:impact-medium-app:jar@	CALLER	REACHABILITY_PATH	5	11	com.acme.benchmark.RemovedClassUseCase#execute()Ljava/lang/Object;@PROJECT|context=Everywhere|nodeId=11|walaSynthetic=false|sentinelRole=NONE	Everywhere	false	NONE	com.acme.benchmark.RemovedClassUseCase#execute()Ljava/lang/Object;@PROJECT	com.acme.benchmark.RemovedClassUseCase	execute	()Ljava/lang/Object;	PROJECT	2	2	2											FAKE_ROOT	com.ibm.wala.FakeRootClass#fakeRootMethod()V@SYNTHETIC|context=Everywhere|nodeId=0|walaSynthetic=true|sentinelRole=FAKE_ROOT	[FAKE_ROOT] com.ibm.wala.FakeRootClass#fakeRootMethod()V@SYNTHETIC|context=Everywhere|nodeId=0|walaSynthetic=true|sentinelRole=FAKE_ROOT -> com.acme.benchmark.RemovedClassUseCase#execute()Ljava/lang/Object;@PROJECT|context=Everywhere|nodeId=11|walaSynthetic=false|sentinelRole=NONE	false	DECOMPILED	4ecb9e2fbbadb22873106ad60cd4c8de5f2d5cf6b4e92fae6be7f497955ed6ba	AVAILABLE	8ce0c0889c1db27baf8c5a5c5419765d3a11cac78f191cf5c6b03e46f71c680e
zero-cfa	ONE_FLOW_TO_CASTS_APPLICATION_GET_METHOD	com.acme.benchmark:impact-medium-app:jar@	CALLER	RANKED_CGNODE	6	13	com.acme.benchmark.RemovedFieldUseCase#execute()I@PROJECT|context=Everywhere|nodeId=13|walaSynthetic=false|sentinelRole=NONE	Everywhere	false	NONE	com.acme.benchmark.RemovedFieldUseCase#execute()I@PROJECT	com.acme.benchmark.RemovedFieldUseCase	execute	()I	PROJECT	2	2	2														false	DECOMPILED	b1c7ec49c82319ad4c32c8383c9e561085651ebac97ad55b0a58c03d81348848	AVAILABLE	a1e60a8d13fb6a45feef3076412aee10d207e0d122d99b256cd2bcbb912e312d
zero-cfa	ONE_FLOW_TO_CASTS_APPLICATION_GET_METHOD	com.acme.benchmark:impact-medium-app:jar@	CALLER	RELATED_IMETHOD	6	13	com.acme.benchmark.RemovedFieldUseCase#execute()I@PROJECT|context=Everywhere|nodeId=13|walaSynthetic=false|sentinelRole=NONE	Everywhere	false	NONE	com.acme.benchmark.RemovedFieldUseCase#execute()I@PROJECT	com.acme.benchmark.RemovedFieldUseCase	execute	()I	PROJECT	2	2	2	1	com.acme.impact.bridge.LegacyImpactBridge#<init>()V@DEPENDENCY	com.acme.impact.bridge.LegacyImpactBridge	<init>	()V	DEPENDENCY	1	1	0	com.acme.impact.bridge.LegacyImpactBridge#<init>()V@DEPENDENCY|context=Everywhere|nodeId=20|walaSynthetic=false|sentinelRole=NONE				false	DECOMPILED	b1c7ec49c82319ad4c32c8383c9e561085651ebac97ad55b0a58c03d81348848	AVAILABLE	a1e60a8d13fb6a45feef3076412aee10d207e0d122d99b256cd2bcbb912e312d
zero-cfa	ONE_FLOW_TO_CASTS_APPLICATION_GET_METHOD	com.acme.benchmark:impact-medium-app:jar@	CALLER	RELATED_IMETHOD	6	13	com.acme.benchmark.RemovedFieldUseCase#execute()I@PROJECT|context=Everywhere|nodeId=13|walaSynthetic=false|sentinelRole=NONE	Everywhere	false	NONE	com.acme.benchmark.RemovedFieldUseCase#execute()I@PROJECT	com.acme.benchmark.RemovedFieldUseCase	execute	()I	PROJECT	2	2	2	2	com.acme.impact.bridge.LegacyImpactBridge#readRemovedField()I@DEPENDENCY	com.acme.impact.bridge.LegacyImpactBridge	readRemovedField	()I	DEPENDENCY	1	1	0	com.acme.impact.bridge.LegacyImpactBridge#readRemovedField()I@DEPENDENCY|context=Everywhere|nodeId=24|walaSynthetic=false|sentinelRole=NONE				false	DECOMPILED	b1c7ec49c82319ad4c32c8383c9e561085651ebac97ad55b0a58c03d81348848	AVAILABLE	a1e60a8d13fb6a45feef3076412aee10d207e0d122d99b256cd2bcbb912e312d
zero-cfa	ONE_FLOW_TO_CASTS_APPLICATION_GET_METHOD	com.acme.benchmark:impact-medium-app:jar@	CALLER	REACHABILITY_PATH	6	13	com.acme.benchmark.RemovedFieldUseCase#execute()I@PROJECT|context=Everywhere|nodeId=13|walaSynthetic=false|sentinelRole=NONE	Everywhere	false	NONE	com.acme.benchmark.RemovedFieldUseCase#execute()I@PROJECT	com.acme.benchmark.RemovedFieldUseCase	execute	()I	PROJECT	2	2	2											DECLARED_ENTRYPOINT	com.acme.benchmark.RemovedFieldUseCase#execute()I@PROJECT|context=Everywhere|nodeId=13|walaSynthetic=false|sentinelRole=NONE	com.acme.benchmark.RemovedFieldUseCase#execute()I@PROJECT|context=Everywhere|nodeId=13|walaSynthetic=false|sentinelRole=NONE	false	DECOMPILED	b1c7ec49c82319ad4c32c8383c9e561085651ebac97ad55b0a58c03d81348848	AVAILABLE	a1e60a8d13fb6a45feef3076412aee10d207e0d122d99b256cd2bcbb912e312d
zero-cfa	ONE_FLOW_TO_CASTS_APPLICATION_GET_METHOD	com.acme.benchmark:impact-medium-app:jar@	CALLER	REACHABILITY_PATH	6	13	com.acme.benchmark.RemovedFieldUseCase#execute()I@PROJECT|context=Everywhere|nodeId=13|walaSynthetic=false|sentinelRole=NONE	Everywhere	false	NONE	com.acme.benchmark.RemovedFieldUseCase#execute()I@PROJECT	com.acme.benchmark.RemovedFieldUseCase	execute	()I	PROJECT	2	2	2											FAKE_ROOT	com.ibm.wala.FakeRootClass#fakeRootMethod()V@SYNTHETIC|context=Everywhere|nodeId=0|walaSynthetic=true|sentinelRole=FAKE_ROOT	[FAKE_ROOT] com.ibm.wala.FakeRootClass#fakeRootMethod()V@SYNTHETIC|context=Everywhere|nodeId=0|walaSynthetic=true|sentinelRole=FAKE_ROOT -> com.acme.benchmark.RemovedFieldUseCase#execute()I@PROJECT|context=Everywhere|nodeId=13|walaSynthetic=false|sentinelRole=NONE	false	DECOMPILED	b1c7ec49c82319ad4c32c8383c9e561085651ebac97ad55b0a58c03d81348848	AVAILABLE	a1e60a8d13fb6a45feef3076412aee10d207e0d122d99b256cd2bcbb912e312d
zero-cfa	ONE_FLOW_TO_CASTS_APPLICATION_GET_METHOD	com.acme.benchmark:impact-medium-app:jar@	CALLER	RANKED_CGNODE	7	15	com.acme.benchmark.RemovedMethodUseCase#execute()Ljava/lang/String;@PROJECT|context=Everywhere|nodeId=15|walaSynthetic=false|sentinelRole=NONE	Everywhere	false	NONE	com.acme.benchmark.RemovedMethodUseCase#execute()Ljava/lang/String;@PROJECT	com.acme.benchmark.RemovedMethodUseCase	execute	()Ljava/lang/String;	PROJECT	2	2	2														false	DECOMPILED	6ce939df4e9e55e8ec4b75b61fc770f0c7b43a80a1f15047b57a0617efc900e1	AVAILABLE	6da5a0c3547c5cda51c3cb288a6655ea495fc3a8303bdc0417918ad8240cda38
zero-cfa	ONE_FLOW_TO_CASTS_APPLICATION_GET_METHOD	com.acme.benchmark:impact-medium-app:jar@	CALLER	RELATED_IMETHOD	7	15	com.acme.benchmark.RemovedMethodUseCase#execute()Ljava/lang/String;@PROJECT|context=Everywhere|nodeId=15|walaSynthetic=false|sentinelRole=NONE	Everywhere	false	NONE	com.acme.benchmark.RemovedMethodUseCase#execute()Ljava/lang/String;@PROJECT	com.acme.benchmark.RemovedMethodUseCase	execute	()Ljava/lang/String;	PROJECT	2	2	2	1	com.acme.impact.bridge.LegacyImpactBridge#<init>()V@DEPENDENCY	com.acme.impact.bridge.LegacyImpactBridge	<init>	()V	DEPENDENCY	1	1	0	com.acme.impact.bridge.LegacyImpactBridge#<init>()V@DEPENDENCY|context=Everywhere|nodeId=20|walaSynthetic=false|sentinelRole=NONE				false	DECOMPILED	6ce939df4e9e55e8ec4b75b61fc770f0c7b43a80a1f15047b57a0617efc900e1	AVAILABLE	6da5a0c3547c5cda51c3cb288a6655ea495fc3a8303bdc0417918ad8240cda38
zero-cfa	ONE_FLOW_TO_CASTS_APPLICATION_GET_METHOD	com.acme.benchmark:impact-medium-app:jar@	CALLER	RELATED_IMETHOD	7	15	com.acme.benchmark.RemovedMethodUseCase#execute()Ljava/lang/String;@PROJECT|context=Everywhere|nodeId=15|walaSynthetic=false|sentinelRole=NONE	Everywhere	false	NONE	com.acme.benchmark.RemovedMethodUseCase#execute()Ljava/lang/String;@PROJECT	com.acme.benchmark.RemovedMethodUseCase	execute	()Ljava/lang/String;	PROJECT	2	2	2	2	com.acme.impact.bridge.LegacyImpactBridge#callRemovedMethod(Ljava/lang/String;)Ljava/lang/String;@DEPENDENCY	com.acme.impact.bridge.LegacyImpactBridge	callRemovedMethod	(Ljava/lang/String;)Ljava/lang/String;	DEPENDENCY	1	1	0	com.acme.impact.bridge.LegacyImpactBridge#callRemovedMethod(Ljava/lang/String;)Ljava/lang/String;@DEPENDENCY|context=Everywhere|nodeId=25|walaSynthetic=false|sentinelRole=NONE				false	DECOMPILED	6ce939df4e9e55e8ec4b75b61fc770f0c7b43a80a1f15047b57a0617efc900e1	AVAILABLE	6da5a0c3547c5cda51c3cb288a6655ea495fc3a8303bdc0417918ad8240cda38
zero-cfa	ONE_FLOW_TO_CASTS_APPLICATION_GET_METHOD	com.acme.benchmark:impact-medium-app:jar@	CALLER	REACHABILITY_PATH	7	15	com.acme.benchmark.RemovedMethodUseCase#execute()Ljava/lang/String;@PROJECT|context=Everywhere|nodeId=15|walaSynthetic=false|sentinelRole=NONE	Everywhere	false	NONE	com.acme.benchmark.RemovedMethodUseCase#execute()Ljava/lang/String;@PROJECT	com.acme.benchmark.RemovedMethodUseCase	execute	()Ljava/lang/String;	PROJECT	2	2	2											DECLARED_ENTRYPOINT	com.acme.benchmark.RemovedMethodUseCase#execute()Ljava/lang/String;@PROJECT|context=Everywhere|nodeId=15|walaSynthetic=false|sentinelRole=NONE	com.acme.benchmark.RemovedMethodUseCase#execute()Ljava/lang/String;@PROJECT|context=Everywhere|nodeId=15|walaSynthetic=false|sentinelRole=NONE	false	DECOMPILED	6ce939df4e9e55e8ec4b75b61fc770f0c7b43a80a1f15047b57a0617efc900e1	AVAILABLE	6da5a0c3547c5cda51c3cb288a6655ea495fc3a8303bdc0417918ad8240cda38
zero-cfa	ONE_FLOW_TO_CASTS_APPLICATION_GET_METHOD	com.acme.benchmark:impact-medium-app:jar@	CALLER	REACHABILITY_PATH	7	15	com.acme.benchmark.RemovedMethodUseCase#execute()Ljava/lang/String;@PROJECT|context=Everywhere|nodeId=15|walaSynthetic=false|sentinelRole=NONE	Everywhere	false	NONE	com.acme.benchmark.RemovedMethodUseCase#execute()Ljava/lang/String;@PROJECT	com.acme.benchmark.RemovedMethodUseCase	execute	()Ljava/lang/String;	PROJECT	2	2	2											FAKE_ROOT	com.ibm.wala.FakeRootClass#fakeRootMethod()V@SYNTHETIC|context=Everywhere|nodeId=0|walaSynthetic=true|sentinelRole=FAKE_ROOT	[FAKE_ROOT] com.ibm.wala.FakeRootClass#fakeRootMethod()V@SYNTHETIC|context=Everywhere|nodeId=0|walaSynthetic=true|sentinelRole=FAKE_ROOT -> com.acme.benchmark.RemovedMethodUseCase#execute()Ljava/lang/String;@PROJECT|context=Everywhere|nodeId=15|walaSynthetic=false|sentinelRole=NONE	false	DECOMPILED	6ce939df4e9e55e8ec4b75b61fc770f0c7b43a80a1f15047b57a0617efc900e1	AVAILABLE	6da5a0c3547c5cda51c3cb288a6655ea495fc3a8303bdc0417918ad8240cda38
zero-cfa	ONE_FLOW_TO_CASTS_APPLICATION_GET_METHOD	com.acme.benchmark:impact-medium-app:jar@	CALLER	RANKED_CGNODE	8	3	com.acme.benchmark.BodyChangeUseCase#<init>()V@PROJECT|context=Everywhere|nodeId=3|walaSynthetic=false|sentinelRole=NONE	Everywhere	false	NONE	com.acme.benchmark.BodyChangeUseCase#<init>()V@PROJECT	com.acme.benchmark.BodyChangeUseCase	<init>	()V	PROJECT	1	1	1														false	DECOMPILED	9255dd542918690704f519ec3862f391c5501cd9aa839b69b244fa7c2fbb1487	AVAILABLE	6b00ba0ead62a88c40bf78103c719815311b25a58e066e69a13c3d408f3d18e6
zero-cfa	ONE_FLOW_TO_CASTS_APPLICATION_GET_METHOD	com.acme.benchmark:impact-medium-app:jar@	CALLER	RELATED_IMETHOD	8	3	com.acme.benchmark.BodyChangeUseCase#<init>()V@PROJECT|context=Everywhere|nodeId=3|walaSynthetic=false|sentinelRole=NONE	Everywhere	false	NONE	com.acme.benchmark.BodyChangeUseCase#<init>()V@PROJECT	com.acme.benchmark.BodyChangeUseCase	<init>	()V	PROJECT	1	1	1	1	java.lang.Object#<init>()V@JDK	java.lang.Object	<init>	()V	JDK	1	1	0	java.lang.Object#<init>()V@JDK|context=Everywhere|nodeId=17|walaSynthetic=false|sentinelRole=NONE				false	DECOMPILED	9255dd542918690704f519ec3862f391c5501cd9aa839b69b244fa7c2fbb1487	AVAILABLE	6b00ba0ead62a88c40bf78103c719815311b25a58e066e69a13c3d408f3d18e6
zero-cfa	ONE_FLOW_TO_CASTS_APPLICATION_GET_METHOD	com.acme.benchmark:impact-medium-app:jar@	CALLER	REACHABILITY_PATH	8	3	com.acme.benchmark.BodyChangeUseCase#<init>()V@PROJECT|context=Everywhere|nodeId=3|walaSynthetic=false|sentinelRole=NONE	Everywhere	false	NONE	com.acme.benchmark.BodyChangeUseCase#<init>()V@PROJECT	com.acme.benchmark.BodyChangeUseCase	<init>	()V	PROJECT	1	1	1											DECLARED_ENTRYPOINT	com.acme.benchmark.BodyChangeUseCase#<init>()V@PROJECT|context=Everywhere|nodeId=3|walaSynthetic=false|sentinelRole=NONE	com.acme.benchmark.BodyChangeUseCase#<init>()V@PROJECT|context=Everywhere|nodeId=3|walaSynthetic=false|sentinelRole=NONE	false	DECOMPILED	9255dd542918690704f519ec3862f391c5501cd9aa839b69b244fa7c2fbb1487	AVAILABLE	6b00ba0ead62a88c40bf78103c719815311b25a58e066e69a13c3d408f3d18e6
zero-cfa	ONE_FLOW_TO_CASTS_APPLICATION_GET_METHOD	com.acme.benchmark:impact-medium-app:jar@	CALLER	REACHABILITY_PATH	8	3	com.acme.benchmark.BodyChangeUseCase#<init>()V@PROJECT|context=Everywhere|nodeId=3|walaSynthetic=false|sentinelRole=NONE	Everywhere	false	NONE	com.acme.benchmark.BodyChangeUseCase#<init>()V@PROJECT	com.acme.benchmark.BodyChangeUseCase	<init>	()V	PROJECT	1	1	1											FAKE_ROOT	com.ibm.wala.FakeRootClass#fakeRootMethod()V@SYNTHETIC|context=Everywhere|nodeId=0|walaSynthetic=true|sentinelRole=FAKE_ROOT	[FAKE_ROOT] com.ibm.wala.FakeRootClass#fakeRootMethod()V@SYNTHETIC|context=Everywhere|nodeId=0|walaSynthetic=true|sentinelRole=FAKE_ROOT -> com.acme.benchmark.BodyChangeUseCase#<init>()V@PROJECT|context=Everywhere|nodeId=3|walaSynthetic=false|sentinelRole=NONE	false	DECOMPILED	9255dd542918690704f519ec3862f391c5501cd9aa839b69b244fa7c2fbb1487	AVAILABLE	6b00ba0ead62a88c40bf78103c719815311b25a58e066e69a13c3d408f3d18e6
zero-cfa	ONE_FLOW_TO_CASTS_APPLICATION_GET_METHOD	com.acme.benchmark:impact-medium-app:jar@	CALLER	RANKED_CGNODE	9	5	com.acme.benchmark.DescriptorChangeUseCase#<init>()V@PROJECT|context=Everywhere|nodeId=5|walaSynthetic=false|sentinelRole=NONE	Everywhere	false	NONE	com.acme.benchmark.DescriptorChangeUseCase#<init>()V@PROJECT	com.acme.benchmark.DescriptorChangeUseCase	<init>	()V	PROJECT	1	1	1														false	DECOMPILED	cde8081c8a2fda08e8db17005f786ae17d07b9291b56adbacbf6005a230adcbf	AVAILABLE	96d8a3578959ef82230f6b7c054c4c113932bf27e55da24caf250eff6e8b6f66
zero-cfa	ONE_FLOW_TO_CASTS_APPLICATION_GET_METHOD	com.acme.benchmark:impact-medium-app:jar@	CALLER	RELATED_IMETHOD	9	5	com.acme.benchmark.DescriptorChangeUseCase#<init>()V@PROJECT|context=Everywhere|nodeId=5|walaSynthetic=false|sentinelRole=NONE	Everywhere	false	NONE	com.acme.benchmark.DescriptorChangeUseCase#<init>()V@PROJECT	com.acme.benchmark.DescriptorChangeUseCase	<init>	()V	PROJECT	1	1	1	1	java.lang.Object#<init>()V@JDK	java.lang.Object	<init>	()V	JDK	1	1	0	java.lang.Object#<init>()V@JDK|context=Everywhere|nodeId=17|walaSynthetic=false|sentinelRole=NONE				false	DECOMPILED	cde8081c8a2fda08e8db17005f786ae17d07b9291b56adbacbf6005a230adcbf	AVAILABLE	96d8a3578959ef82230f6b7c054c4c113932bf27e55da24caf250eff6e8b6f66
zero-cfa	ONE_FLOW_TO_CASTS_APPLICATION_GET_METHOD	com.acme.benchmark:impact-medium-app:jar@	CALLER	REACHABILITY_PATH	9	5	com.acme.benchmark.DescriptorChangeUseCase#<init>()V@PROJECT|context=Everywhere|nodeId=5|walaSynthetic=false|sentinelRole=NONE	Everywhere	false	NONE	com.acme.benchmark.DescriptorChangeUseCase#<init>()V@PROJECT	com.acme.benchmark.DescriptorChangeUseCase	<init>	()V	PROJECT	1	1	1											DECLARED_ENTRYPOINT	com.acme.benchmark.DescriptorChangeUseCase#<init>()V@PROJECT|context=Everywhere|nodeId=5|walaSynthetic=false|sentinelRole=NONE	com.acme.benchmark.DescriptorChangeUseCase#<init>()V@PROJECT|context=Everywhere|nodeId=5|walaSynthetic=false|sentinelRole=NONE	false	DECOMPILED	cde8081c8a2fda08e8db17005f786ae17d07b9291b56adbacbf6005a230adcbf	AVAILABLE	96d8a3578959ef82230f6b7c054c4c113932bf27e55da24caf250eff6e8b6f66
zero-cfa	ONE_FLOW_TO_CASTS_APPLICATION_GET_METHOD	com.acme.benchmark:impact-medium-app:jar@	CALLER	REACHABILITY_PATH	9	5	com.acme.benchmark.DescriptorChangeUseCase#<init>()V@PROJECT|context=Everywhere|nodeId=5|walaSynthetic=false|sentinelRole=NONE	Everywhere	false	NONE	com.acme.benchmark.DescriptorChangeUseCase#<init>()V@PROJECT	com.acme.benchmark.DescriptorChangeUseCase	<init>	()V	PROJECT	1	1	1											FAKE_ROOT	com.ibm.wala.FakeRootClass#fakeRootMethod()V@SYNTHETIC|context=Everywhere|nodeId=0|walaSynthetic=true|sentinelRole=FAKE_ROOT	[FAKE_ROOT] com.ibm.wala.FakeRootClass#fakeRootMethod()V@SYNTHETIC|context=Everywhere|nodeId=0|walaSynthetic=true|sentinelRole=FAKE_ROOT -> com.acme.benchmark.DescriptorChangeUseCase#<init>()V@PROJECT|context=Everywhere|nodeId=5|walaSynthetic=false|sentinelRole=NONE	false	DECOMPILED	cde8081c8a2fda08e8db17005f786ae17d07b9291b56adbacbf6005a230adcbf	AVAILABLE	96d8a3578959ef82230f6b7c054c4c113932bf27e55da24caf250eff6e8b6f66
zero-cfa	ONE_FLOW_TO_CASTS_APPLICATION_GET_METHOD	com.acme.benchmark:impact-medium-app:jar@	CALLER	RANKED_CGNODE	10	7	com.acme.benchmark.FieldDescriptorUseCase#<init>()V@PROJECT|context=Everywhere|nodeId=7|walaSynthetic=false|sentinelRole=NONE	Everywhere	false	NONE	com.acme.benchmark.FieldDescriptorUseCase#<init>()V@PROJECT	com.acme.benchmark.FieldDescriptorUseCase	<init>	()V	PROJECT	1	1	1														false	DECOMPILED	c507f326b66d27324dd649f1144c70b2215a34ecdce33d4ebbed09cd2a3664e7	AVAILABLE	714da0d60e4c3296090531b8c8ede07871c917ea6f33c0dd7fe6eabb594652a8
zero-cfa	ONE_FLOW_TO_CASTS_APPLICATION_GET_METHOD	com.acme.benchmark:impact-medium-app:jar@	CALLER	RELATED_IMETHOD	10	7	com.acme.benchmark.FieldDescriptorUseCase#<init>()V@PROJECT|context=Everywhere|nodeId=7|walaSynthetic=false|sentinelRole=NONE	Everywhere	false	NONE	com.acme.benchmark.FieldDescriptorUseCase#<init>()V@PROJECT	com.acme.benchmark.FieldDescriptorUseCase	<init>	()V	PROJECT	1	1	1	1	java.lang.Object#<init>()V@JDK	java.lang.Object	<init>	()V	JDK	1	1	0	java.lang.Object#<init>()V@JDK|context=Everywhere|nodeId=17|walaSynthetic=false|sentinelRole=NONE				false	DECOMPILED	c507f326b66d27324dd649f1144c70b2215a34ecdce33d4ebbed09cd2a3664e7	AVAILABLE	714da0d60e4c3296090531b8c8ede07871c917ea6f33c0dd7fe6eabb594652a8
zero-cfa	ONE_FLOW_TO_CASTS_APPLICATION_GET_METHOD	com.acme.benchmark:impact-medium-app:jar@	CALLER	REACHABILITY_PATH	10	7	com.acme.benchmark.FieldDescriptorUseCase#<init>()V@PROJECT|context=Everywhere|nodeId=7|walaSynthetic=false|sentinelRole=NONE	Everywhere	false	NONE	com.acme.benchmark.FieldDescriptorUseCase#<init>()V@PROJECT	com.acme.benchmark.FieldDescriptorUseCase	<init>	()V	PROJECT	1	1	1											DECLARED_ENTRYPOINT	com.acme.benchmark.FieldDescriptorUseCase#<init>()V@PROJECT|context=Everywhere|nodeId=7|walaSynthetic=false|sentinelRole=NONE	com.acme.benchmark.FieldDescriptorUseCase#<init>()V@PROJECT|context=Everywhere|nodeId=7|walaSynthetic=false|sentinelRole=NONE	false	DECOMPILED	c507f326b66d27324dd649f1144c70b2215a34ecdce33d4ebbed09cd2a3664e7	AVAILABLE	714da0d60e4c3296090531b8c8ede07871c917ea6f33c0dd7fe6eabb594652a8
zero-cfa	ONE_FLOW_TO_CASTS_APPLICATION_GET_METHOD	com.acme.benchmark:impact-medium-app:jar@	CALLER	REACHABILITY_PATH	10	7	com.acme.benchmark.FieldDescriptorUseCase#<init>()V@PROJECT|context=Everywhere|nodeId=7|walaSynthetic=false|sentinelRole=NONE	Everywhere	false	NONE	com.acme.benchmark.FieldDescriptorUseCase#<init>()V@PROJECT	com.acme.benchmark.FieldDescriptorUseCase	<init>	()V	PROJECT	1	1	1											FAKE_ROOT	com.ibm.wala.FakeRootClass#fakeRootMethod()V@SYNTHETIC|context=Everywhere|nodeId=0|walaSynthetic=true|sentinelRole=FAKE_ROOT	[FAKE_ROOT] com.ibm.wala.FakeRootClass#fakeRootMethod()V@SYNTHETIC|context=Everywhere|nodeId=0|walaSynthetic=true|sentinelRole=FAKE_ROOT -> com.acme.benchmark.FieldDescriptorUseCase#<init>()V@PROJECT|context=Everywhere|nodeId=7|walaSynthetic=false|sentinelRole=NONE	false	DECOMPILED	c507f326b66d27324dd649f1144c70b2215a34ecdce33d4ebbed09cd2a3664e7	AVAILABLE	714da0d60e4c3296090531b8c8ede07871c917ea6f33c0dd7fe6eabb594652a8
zero-cfa	ONE_FLOW_TO_CASTS_APPLICATION_GET_METHOD	com.acme.benchmark:impact-medium-app:jar@	CALLEE	RANKED_CGNODE	1	17	java.lang.Object#<init>()V@JDK|context=Everywhere|nodeId=17|walaSynthetic=false|sentinelRole=NONE	Everywhere	false	NONE	java.lang.Object#<init>()V@JDK	java.lang.Object	<init>	()V	JDK	8	8	8														false	DECOMPILED	7bba52985f2ab21a1318c6746875d79d0eb89ec487321971902c9e6b27ac4170	AVAILABLE	50f2ffa80a1eafa8c60e708ef31663bf8f2e1468a5604ee6f54f58d9bd468cd4
zero-cfa	ONE_FLOW_TO_CASTS_APPLICATION_GET_METHOD	com.acme.benchmark:impact-medium-app:jar@	CALLEE	RELATED_IMETHOD	1	17	java.lang.Object#<init>()V@JDK|context=Everywhere|nodeId=17|walaSynthetic=false|sentinelRole=NONE	Everywhere	false	NONE	java.lang.Object#<init>()V@JDK	java.lang.Object	<init>	()V	JDK	8	8	8	1	com.acme.benchmark.BodyChangeUseCase#<init>()V@PROJECT	com.acme.benchmark.BodyChangeUseCase	<init>	()V	PROJECT	1	1	0	com.acme.benchmark.BodyChangeUseCase#<init>()V@PROJECT|context=Everywhere|nodeId=3|walaSynthetic=false|sentinelRole=NONE				false	DECOMPILED	7bba52985f2ab21a1318c6746875d79d0eb89ec487321971902c9e6b27ac4170	AVAILABLE	50f2ffa80a1eafa8c60e708ef31663bf8f2e1468a5604ee6f54f58d9bd468cd4
zero-cfa	ONE_FLOW_TO_CASTS_APPLICATION_GET_METHOD	com.acme.benchmark:impact-medium-app:jar@	CALLEE	RELATED_IMETHOD	1	17	java.lang.Object#<init>()V@JDK|context=Everywhere|nodeId=17|walaSynthetic=false|sentinelRole=NONE	Everywhere	false	NONE	java.lang.Object#<init>()V@JDK	java.lang.Object	<init>	()V	JDK	8	8	8	2	com.acme.benchmark.DescriptorChangeUseCase#<init>()V@PROJECT	com.acme.benchmark.DescriptorChangeUseCase	<init>	()V	PROJECT	1	1	0	com.acme.benchmark.DescriptorChangeUseCase#<init>()V@PROJECT|context=Everywhere|nodeId=5|walaSynthetic=false|sentinelRole=NONE				false	DECOMPILED	7bba52985f2ab21a1318c6746875d79d0eb89ec487321971902c9e6b27ac4170	AVAILABLE	50f2ffa80a1eafa8c60e708ef31663bf8f2e1468a5604ee6f54f58d9bd468cd4
zero-cfa	ONE_FLOW_TO_CASTS_APPLICATION_GET_METHOD	com.acme.benchmark:impact-medium-app:jar@	CALLEE	RELATED_IMETHOD	1	17	java.lang.Object#<init>()V@JDK|context=Everywhere|nodeId=17|walaSynthetic=false|sentinelRole=NONE	Everywhere	false	NONE	java.lang.Object#<init>()V@JDK	java.lang.Object	<init>	()V	JDK	8	8	8	3	com.acme.benchmark.FieldDescriptorUseCase#<init>()V@PROJECT	com.acme.benchmark.FieldDescriptorUseCase	<init>	()V	PROJECT	1	1	0	com.acme.benchmark.FieldDescriptorUseCase#<init>()V@PROJECT|context=Everywhere|nodeId=7|walaSynthetic=false|sentinelRole=NONE				false	DECOMPILED	7bba52985f2ab21a1318c6746875d79d0eb89ec487321971902c9e6b27ac4170	AVAILABLE	50f2ffa80a1eafa8c60e708ef31663bf8f2e1468a5604ee6f54f58d9bd468cd4
zero-cfa	ONE_FLOW_TO_CASTS_APPLICATION_GET_METHOD	com.acme.benchmark:impact-medium-app:jar@	CALLEE	RELATED_IMETHOD	1	17	java.lang.Object#<init>()V@JDK|context=Everywhere|nodeId=17|walaSynthetic=false|sentinelRole=NONE	Everywhere	false	NONE	java.lang.Object#<init>()V@JDK	java.lang.Object	<init>	()V	JDK	8	8	8	4	com.acme.benchmark.RemovedClassUseCase#<init>()V@PROJECT	com.acme.benchmark.RemovedClassUseCase	<init>	()V	PROJECT	1	1	0	com.acme.benchmark.RemovedClassUseCase#<init>()V@PROJECT|context=Everywhere|nodeId=10|walaSynthetic=false|sentinelRole=NONE				false	DECOMPILED	7bba52985f2ab21a1318c6746875d79d0eb89ec487321971902c9e6b27ac4170	AVAILABLE	50f2ffa80a1eafa8c60e708ef31663bf8f2e1468a5604ee6f54f58d9bd468cd4
zero-cfa	ONE_FLOW_TO_CASTS_APPLICATION_GET_METHOD	com.acme.benchmark:impact-medium-app:jar@	CALLEE	RELATED_IMETHOD	1	17	java.lang.Object#<init>()V@JDK|context=Everywhere|nodeId=17|walaSynthetic=false|sentinelRole=NONE	Everywhere	false	NONE	java.lang.Object#<init>()V@JDK	java.lang.Object	<init>	()V	JDK	8	8	8	5	com.acme.benchmark.RemovedFieldUseCase#<init>()V@PROJECT	com.acme.benchmark.RemovedFieldUseCase	<init>	()V	PROJECT	1	1	0	com.acme.benchmark.RemovedFieldUseCase#<init>()V@PROJECT|context=Everywhere|nodeId=12|walaSynthetic=false|sentinelRole=NONE				false	DECOMPILED	7bba52985f2ab21a1318c6746875d79d0eb89ec487321971902c9e6b27ac4170	AVAILABLE	50f2ffa80a1eafa8c60e708ef31663bf8f2e1468a5604ee6f54f58d9bd468cd4
zero-cfa	ONE_FLOW_TO_CASTS_APPLICATION_GET_METHOD	com.acme.benchmark:impact-medium-app:jar@	CALLEE	RELATED_IMETHOD	1	17	java.lang.Object#<init>()V@JDK|context=Everywhere|nodeId=17|walaSynthetic=false|sentinelRole=NONE	Everywhere	false	NONE	java.lang.Object#<init>()V@JDK	java.lang.Object	<init>	()V	JDK	8	8	8	6	com.acme.benchmark.RemovedMethodUseCase#<init>()V@PROJECT	com.acme.benchmark.RemovedMethodUseCase	<init>	()V	PROJECT	1	1	0	com.acme.benchmark.RemovedMethodUseCase#<init>()V@PROJECT|context=Everywhere|nodeId=14|walaSynthetic=false|sentinelRole=NONE				false	DECOMPILED	7bba52985f2ab21a1318c6746875d79d0eb89ec487321971902c9e6b27ac4170	AVAILABLE	50f2ffa80a1eafa8c60e708ef31663bf8f2e1468a5604ee6f54f58d9bd468cd4
zero-cfa	ONE_FLOW_TO_CASTS_APPLICATION_GET_METHOD	com.acme.benchmark:impact-medium-app:jar@	CALLEE	RELATED_IMETHOD	1	17	java.lang.Object#<init>()V@JDK|context=Everywhere|nodeId=17|walaSynthetic=false|sentinelRole=NONE	Everywhere	false	NONE	java.lang.Object#<init>()V@JDK	java.lang.Object	<init>	()V	JDK	8	8	8	7	com.acme.impact.api.ScenarioApi#<init>()V@DEPENDENCY	com.acme.impact.api.ScenarioApi	<init>	()V	DEPENDENCY	1	1	0	com.acme.impact.api.ScenarioApi#<init>()V@DEPENDENCY|context=Everywhere|nodeId=18|walaSynthetic=false|sentinelRole=NONE				false	DECOMPILED	7bba52985f2ab21a1318c6746875d79d0eb89ec487321971902c9e6b27ac4170	AVAILABLE	50f2ffa80a1eafa8c60e708ef31663bf8f2e1468a5604ee6f54f58d9bd468cd4
zero-cfa	ONE_FLOW_TO_CASTS_APPLICATION_GET_METHOD	com.acme.benchmark:impact-medium-app:jar@	CALLEE	RELATED_IMETHOD	1	17	java.lang.Object#<init>()V@JDK|context=Everywhere|nodeId=17|walaSynthetic=false|sentinelRole=NONE	Everywhere	false	NONE	java.lang.Object#<init>()V@JDK	java.lang.Object	<init>	()V	JDK	8	8	8	8	com.acme.impact.bridge.LegacyImpactBridge#<init>()V@DEPENDENCY	com.acme.impact.bridge.LegacyImpactBridge	<init>	()V	DEPENDENCY	1	1	0	com.acme.impact.bridge.LegacyImpactBridge#<init>()V@DEPENDENCY|context=Everywhere|nodeId=20|walaSynthetic=false|sentinelRole=NONE				false	DECOMPILED	7bba52985f2ab21a1318c6746875d79d0eb89ec487321971902c9e6b27ac4170	AVAILABLE	50f2ffa80a1eafa8c60e708ef31663bf8f2e1468a5604ee6f54f58d9bd468cd4
zero-cfa	ONE_FLOW_TO_CASTS_APPLICATION_GET_METHOD	com.acme.benchmark:impact-medium-app:jar@	CALLEE	REACHABILITY_PATH	1	17	java.lang.Object#<init>()V@JDK|context=Everywhere|nodeId=17|walaSynthetic=false|sentinelRole=NONE	Everywhere	false	NONE	java.lang.Object#<init>()V@JDK	java.lang.Object	<init>	()V	JDK	8	8	8											DECLARED_ENTRYPOINT	com.acme.benchmark.BodyChangeUseCase#<init>()V@PROJECT|context=Everywhere|nodeId=3|walaSynthetic=false|sentinelRole=NONE	com.acme.benchmark.BodyChangeUseCase#<init>()V@PROJECT|context=Everywhere|nodeId=3|walaSynthetic=false|sentinelRole=NONE -> java.lang.Object#<init>()V@JDK|context=Everywhere|nodeId=17|walaSynthetic=false|sentinelRole=NONE	false	DECOMPILED	7bba52985f2ab21a1318c6746875d79d0eb89ec487321971902c9e6b27ac4170	AVAILABLE	50f2ffa80a1eafa8c60e708ef31663bf8f2e1468a5604ee6f54f58d9bd468cd4
zero-cfa	ONE_FLOW_TO_CASTS_APPLICATION_GET_METHOD	com.acme.benchmark:impact-medium-app:jar@	CALLEE	REACHABILITY_PATH	1	17	java.lang.Object#<init>()V@JDK|context=Everywhere|nodeId=17|walaSynthetic=false|sentinelRole=NONE	Everywhere	false	NONE	java.lang.Object#<init>()V@JDK	java.lang.Object	<init>	()V	JDK	8	8	8											DECLARED_ENTRYPOINT	com.acme.benchmark.BodyChangeUseCase#execute()I@PROJECT|context=Everywhere|nodeId=4|walaSynthetic=false|sentinelRole=NONE	com.acme.benchmark.BodyChangeUseCase#execute()I@PROJECT|context=Everywhere|nodeId=4|walaSynthetic=false|sentinelRole=NONE -> com.acme.impact.api.ScenarioApi#<init>()V@DEPENDENCY|context=Everywhere|nodeId=18|walaSynthetic=false|sentinelRole=NONE -> java.lang.Object#<init>()V@JDK|context=Everywhere|nodeId=17|walaSynthetic=false|sentinelRole=NONE	false	DECOMPILED	7bba52985f2ab21a1318c6746875d79d0eb89ec487321971902c9e6b27ac4170	AVAILABLE	50f2ffa80a1eafa8c60e708ef31663bf8f2e1468a5604ee6f54f58d9bd468cd4
zero-cfa	ONE_FLOW_TO_CASTS_APPLICATION_GET_METHOD	com.acme.benchmark:impact-medium-app:jar@	CALLEE	REACHABILITY_PATH	1	17	java.lang.Object#<init>()V@JDK|context=Everywhere|nodeId=17|walaSynthetic=false|sentinelRole=NONE	Everywhere	false	NONE	java.lang.Object#<init>()V@JDK	java.lang.Object	<init>	()V	JDK	8	8	8											DECLARED_ENTRYPOINT	com.acme.benchmark.DescriptorChangeUseCase#<init>()V@PROJECT|context=Everywhere|nodeId=5|walaSynthetic=false|sentinelRole=NONE	com.acme.benchmark.DescriptorChangeUseCase#<init>()V@PROJECT|context=Everywhere|nodeId=5|walaSynthetic=false|sentinelRole=NONE -> java.lang.Object#<init>()V@JDK|context=Everywhere|nodeId=17|walaSynthetic=false|sentinelRole=NONE	false	DECOMPILED	7bba52985f2ab21a1318c6746875d79d0eb89ec487321971902c9e6b27ac4170	AVAILABLE	50f2ffa80a1eafa8c60e708ef31663bf8f2e1468a5604ee6f54f58d9bd468cd4
zero-cfa	ONE_FLOW_TO_CASTS_APPLICATION_GET_METHOD	com.acme.benchmark:impact-medium-app:jar@	CALLEE	REACHABILITY_PATH	1	17	java.lang.Object#<init>()V@JDK|context=Everywhere|nodeId=17|walaSynthetic=false|sentinelRole=NONE	Everywhere	false	NONE	java.lang.Object#<init>()V@JDK	java.lang.Object	<init>	()V	JDK	8	8	8											DECLARED_ENTRYPOINT	com.acme.benchmark.DescriptorChangeUseCase#executeOldDescriptor()Ljava/lang/String;@PROJECT|context=Everywhere|nodeId=6|walaSynthetic=false|sentinelRole=NONE	com.acme.benchmark.DescriptorChangeUseCase#executeOldDescriptor()Ljava/lang/String;@PROJECT|context=Everywhere|nodeId=6|walaSynthetic=false|sentinelRole=NONE -> com.acme.impact.bridge.LegacyImpactBridge#<init>()V@DEPENDENCY|context=Everywhere|nodeId=20|walaSynthetic=false|sentinelRole=NONE -> java.lang.Object#<init>()V@JDK|context=Everywhere|nodeId=17|walaSynthetic=false|sentinelRole=NONE	false	DECOMPILED	7bba52985f2ab21a1318c6746875d79d0eb89ec487321971902c9e6b27ac4170	AVAILABLE	50f2ffa80a1eafa8c60e708ef31663bf8f2e1468a5604ee6f54f58d9bd468cd4
zero-cfa	ONE_FLOW_TO_CASTS_APPLICATION_GET_METHOD	com.acme.benchmark:impact-medium-app:jar@	CALLEE	REACHABILITY_PATH	1	17	java.lang.Object#<init>()V@JDK|context=Everywhere|nodeId=17|walaSynthetic=false|sentinelRole=NONE	Everywhere	false	NONE	java.lang.Object#<init>()V@JDK	java.lang.Object	<init>	()V	JDK	8	8	8											DECLARED_ENTRYPOINT	com.acme.benchmark.FieldDescriptorUseCase#<init>()V@PROJECT|context=Everywhere|nodeId=7|walaSynthetic=false|sentinelRole=NONE	com.acme.benchmark.FieldDescriptorUseCase#<init>()V@PROJECT|context=Everywhere|nodeId=7|walaSynthetic=false|sentinelRole=NONE -> java.lang.Object#<init>()V@JDK|context=Everywhere|nodeId=17|walaSynthetic=false|sentinelRole=NONE	false	DECOMPILED	7bba52985f2ab21a1318c6746875d79d0eb89ec487321971902c9e6b27ac4170	AVAILABLE	50f2ffa80a1eafa8c60e708ef31663bf8f2e1468a5604ee6f54f58d9bd468cd4
zero-cfa	ONE_FLOW_TO_CASTS_APPLICATION_GET_METHOD	com.acme.benchmark:impact-medium-app:jar@	CALLEE	REACHABILITY_PATH	1	17	java.lang.Object#<init>()V@JDK|context=Everywhere|nodeId=17|walaSynthetic=false|sentinelRole=NONE	Everywhere	false	NONE	java.lang.Object#<init>()V@JDK	java.lang.Object	<init>	()V	JDK	8	8	8											DECLARED_ENTRYPOINT	com.acme.benchmark.FieldDescriptorUseCase#executeNewDescriptor()I@PROJECT|context=Everywhere|nodeId=8|walaSynthetic=false|sentinelRole=NONE	com.acme.benchmark.FieldDescriptorUseCase#executeNewDescriptor()I@PROJECT|context=Everywhere|nodeId=8|walaSynthetic=false|sentinelRole=NONE -> com.acme.impact.api.ScenarioApi#<init>()V@DEPENDENCY|context=Everywhere|nodeId=18|walaSynthetic=false|sentinelRole=NONE -> java.lang.Object#<init>()V@JDK|context=Everywhere|nodeId=17|walaSynthetic=false|sentinelRole=NONE	false	DECOMPILED	7bba52985f2ab21a1318c6746875d79d0eb89ec487321971902c9e6b27ac4170	AVAILABLE	50f2ffa80a1eafa8c60e708ef31663bf8f2e1468a5604ee6f54f58d9bd468cd4
zero-cfa	ONE_FLOW_TO_CASTS_APPLICATION_GET_METHOD	com.acme.benchmark:impact-medium-app:jar@	CALLEE	REACHABILITY_PATH	1	17	java.lang.Object#<init>()V@JDK|context=Everywhere|nodeId=17|walaSynthetic=false|sentinelRole=NONE	Everywhere	false	NONE	java.lang.Object#<init>()V@JDK	java.lang.Object	<init>	()V	JDK	8	8	8											DECLARED_ENTRYPOINT	com.acme.benchmark.FieldDescriptorUseCase#executeOldDescriptor()Ljava/lang/Object;@PROJECT|context=Everywhere|nodeId=9|walaSynthetic=false|sentinelRole=NONE	com.acme.benchmark.FieldDescriptorUseCase#executeOldDescriptor()Ljava/lang/Object;@PROJECT|context=Everywhere|nodeId=9|walaSynthetic=false|sentinelRole=NONE -> com.acme.impact.bridge.LegacyImpactBridge#<init>()V@DEPENDENCY|context=Everywhere|nodeId=20|walaSynthetic=false|sentinelRole=NONE -> java.lang.Object#<init>()V@JDK|context=Everywhere|nodeId=17|walaSynthetic=false|sentinelRole=NONE	false	DECOMPILED	7bba52985f2ab21a1318c6746875d79d0eb89ec487321971902c9e6b27ac4170	AVAILABLE	50f2ffa80a1eafa8c60e708ef31663bf8f2e1468a5604ee6f54f58d9bd468cd4
zero-cfa	ONE_FLOW_TO_CASTS_APPLICATION_GET_METHOD	com.acme.benchmark:impact-medium-app:jar@	CALLEE	REACHABILITY_PATH	1	17	java.lang.Object#<init>()V@JDK|context=Everywhere|nodeId=17|walaSynthetic=false|sentinelRole=NONE	Everywhere	false	NONE	java.lang.Object#<init>()V@JDK	java.lang.Object	<init>	()V	JDK	8	8	8											DECLARED_ENTRYPOINT	com.acme.benchmark.RemovedClassUseCase#<init>()V@PROJECT|context=Everywhere|nodeId=10|walaSynthetic=false|sentinelRole=NONE	com.acme.benchmark.RemovedClassUseCase#<init>()V@PROJECT|context=Everywhere|nodeId=10|walaSynthetic=false|sentinelRole=NONE -> java.lang.Object#<init>()V@JDK|context=Everywhere|nodeId=17|walaSynthetic=false|sentinelRole=NONE	false	DECOMPILED	7bba52985f2ab21a1318c6746875d79d0eb89ec487321971902c9e6b27ac4170	AVAILABLE	50f2ffa80a1eafa8c60e708ef31663bf8f2e1468a5604ee6f54f58d9bd468cd4
zero-cfa	ONE_FLOW_TO_CASTS_APPLICATION_GET_METHOD	com.acme.benchmark:impact-medium-app:jar@	CALLEE	REACHABILITY_PATH	1	17	java.lang.Object#<init>()V@JDK|context=Everywhere|nodeId=17|walaSynthetic=false|sentinelRole=NONE	Everywhere	false	NONE	java.lang.Object#<init>()V@JDK	java.lang.Object	<init>	()V	JDK	8	8	8											DECLARED_ENTRYPOINT	com.acme.benchmark.RemovedClassUseCase#execute()Ljava/lang/Object;@PROJECT|context=Everywhere|nodeId=11|walaSynthetic=false|sentinelRole=NONE	com.acme.benchmark.RemovedClassUseCase#execute()Ljava/lang/Object;@PROJECT|context=Everywhere|nodeId=11|walaSynthetic=false|sentinelRole=NONE -> com.acme.impact.bridge.LegacyImpactBridge#<init>()V@DEPENDENCY|context=Everywhere|nodeId=20|walaSynthetic=false|sentinelRole=NONE -> java.lang.Object#<init>()V@JDK|context=Everywhere|nodeId=17|walaSynthetic=false|sentinelRole=NONE	false	DECOMPILED	7bba52985f2ab21a1318c6746875d79d0eb89ec487321971902c9e6b27ac4170	AVAILABLE	50f2ffa80a1eafa8c60e708ef31663bf8f2e1468a5604ee6f54f58d9bd468cd4
zero-cfa	ONE_FLOW_TO_CASTS_APPLICATION_GET_METHOD	com.acme.benchmark:impact-medium-app:jar@	CALLEE	REACHABILITY_PATH	1	17	java.lang.Object#<init>()V@JDK|context=Everywhere|nodeId=17|walaSynthetic=false|sentinelRole=NONE	Everywhere	false	NONE	java.lang.Object#<init>()V@JDK	java.lang.Object	<init>	()V	JDK	8	8	8											DECLARED_ENTRYPOINT	com.acme.benchmark.RemovedFieldUseCase#<init>()V@PROJECT|context=Everywhere|nodeId=12|walaSynthetic=false|sentinelRole=NONE	com.acme.benchmark.RemovedFieldUseCase#<init>()V@PROJECT|context=Everywhere|nodeId=12|walaSynthetic=false|sentinelRole=NONE -> java.lang.Object#<init>()V@JDK|context=Everywhere|nodeId=17|walaSynthetic=false|sentinelRole=NONE	false	DECOMPILED	7bba52985f2ab21a1318c6746875d79d0eb89ec487321971902c9e6b27ac4170	AVAILABLE	50f2ffa80a1eafa8c60e708ef31663bf8f2e1468a5604ee6f54f58d9bd468cd4
zero-cfa	ONE_FLOW_TO_CASTS_APPLICATION_GET_METHOD	com.acme.benchmark:impact-medium-app:jar@	CALLEE	REACHABILITY_PATH	1	17	java.lang.Object#<init>()V@JDK|context=Everywhere|nodeId=17|walaSynthetic=false|sentinelRole=NONE	Everywhere	false	NONE	java.lang.Object#<init>()V@JDK	java.lang.Object	<init>	()V	JDK	8	8	8											DECLARED_ENTRYPOINT	com.acme.benchmark.RemovedFieldUseCase#execute()I@PROJECT|context=Everywhere|nodeId=13|walaSynthetic=false|sentinelRole=NONE	com.acme.benchmark.RemovedFieldUseCase#execute()I@PROJECT|context=Everywhere|nodeId=13|walaSynthetic=false|sentinelRole=NONE -> com.acme.impact.bridge.LegacyImpactBridge#<init>()V@DEPENDENCY|context=Everywhere|nodeId=20|walaSynthetic=false|sentinelRole=NONE -> java.lang.Object#<init>()V@JDK|context=Everywhere|nodeId=17|walaSynthetic=false|sentinelRole=NONE	false	DECOMPILED	7bba52985f2ab21a1318c6746875d79d0eb89ec487321971902c9e6b27ac4170	AVAILABLE	50f2ffa80a1eafa8c60e708ef31663bf8f2e1468a5604ee6f54f58d9bd468cd4
zero-cfa	ONE_FLOW_TO_CASTS_APPLICATION_GET_METHOD	com.acme.benchmark:impact-medium-app:jar@	CALLEE	REACHABILITY_PATH	1	17	java.lang.Object#<init>()V@JDK|context=Everywhere|nodeId=17|walaSynthetic=false|sentinelRole=NONE	Everywhere	false	NONE	java.lang.Object#<init>()V@JDK	java.lang.Object	<init>	()V	JDK	8	8	8											DECLARED_ENTRYPOINT	com.acme.benchmark.RemovedMethodUseCase#<init>()V@PROJECT|context=Everywhere|nodeId=14|walaSynthetic=false|sentinelRole=NONE	com.acme.benchmark.RemovedMethodUseCase#<init>()V@PROJECT|context=Everywhere|nodeId=14|walaSynthetic=false|sentinelRole=NONE -> java.lang.Object#<init>()V@JDK|context=Everywhere|nodeId=17|walaSynthetic=false|sentinelRole=NONE	false	DECOMPILED	7bba52985f2ab21a1318c6746875d79d0eb89ec487321971902c9e6b27ac4170	AVAILABLE	50f2ffa80a1eafa8c60e708ef31663bf8f2e1468a5604ee6f54f58d9bd468cd4
zero-cfa	ONE_FLOW_TO_CASTS_APPLICATION_GET_METHOD	com.acme.benchmark:impact-medium-app:jar@	CALLEE	REACHABILITY_PATH	1	17	java.lang.Object#<init>()V@JDK|context=Everywhere|nodeId=17|walaSynthetic=false|sentinelRole=NONE	Everywhere	false	NONE	java.lang.Object#<init>()V@JDK	java.lang.Object	<init>	()V	JDK	8	8	8											DECLARED_ENTRYPOINT	com.acme.benchmark.RemovedMethodUseCase#execute()Ljava/lang/String;@PROJECT|context=Everywhere|nodeId=15|walaSynthetic=false|sentinelRole=NONE	com.acme.benchmark.RemovedMethodUseCase#execute()Ljava/lang/String;@PROJECT|context=Everywhere|nodeId=15|walaSynthetic=false|sentinelRole=NONE -> com.acme.impact.bridge.LegacyImpactBridge#<init>()V@DEPENDENCY|context=Everywhere|nodeId=20|walaSynthetic=false|sentinelRole=NONE -> java.lang.Object#<init>()V@JDK|context=Everywhere|nodeId=17|walaSynthetic=false|sentinelRole=NONE	false	DECOMPILED	7bba52985f2ab21a1318c6746875d79d0eb89ec487321971902c9e6b27ac4170	AVAILABLE	50f2ffa80a1eafa8c60e708ef31663bf8f2e1468a5604ee6f54f58d9bd468cd4
zero-cfa	ONE_FLOW_TO_CASTS_APPLICATION_GET_METHOD	com.acme.benchmark:impact-medium-app:jar@	CALLEE	REACHABILITY_PATH	1	17	java.lang.Object#<init>()V@JDK|context=Everywhere|nodeId=17|walaSynthetic=false|sentinelRole=NONE	Everywhere	false	NONE	java.lang.Object#<init>()V@JDK	java.lang.Object	<init>	()V	JDK	8	8	8											FAKE_ROOT	com.ibm.wala.FakeRootClass#fakeRootMethod()V@SYNTHETIC|context=Everywhere|nodeId=0|walaSynthetic=true|sentinelRole=FAKE_ROOT	[FAKE_ROOT] com.ibm.wala.FakeRootClass#fakeRootMethod()V@SYNTHETIC|context=Everywhere|nodeId=0|walaSynthetic=true|sentinelRole=FAKE_ROOT -> com.acme.benchmark.BodyChangeUseCase#<init>()V@PROJECT|context=Everywhere|nodeId=3|walaSynthetic=false|sentinelRole=NONE -> java.lang.Object#<init>()V@JDK|context=Everywhere|nodeId=17|walaSynthetic=false|sentinelRole=NONE	false	DECOMPILED	7bba52985f2ab21a1318c6746875d79d0eb89ec487321971902c9e6b27ac4170	AVAILABLE	50f2ffa80a1eafa8c60e708ef31663bf8f2e1468a5604ee6f54f58d9bd468cd4
zero-cfa	ONE_FLOW_TO_CASTS_APPLICATION_GET_METHOD	com.acme.benchmark:impact-medium-app:jar@	CALLEE	RANKED_CGNODE	2	18	com.acme.impact.api.ScenarioApi#<init>()V@DEPENDENCY|context=Everywhere|nodeId=18|walaSynthetic=false|sentinelRole=NONE	Everywhere	false	NONE	com.acme.impact.api.ScenarioApi#<init>()V@DEPENDENCY	com.acme.impact.api.ScenarioApi	<init>	()V	DEPENDENCY	6	6	6														false	DECOMPILED	8a339fb52b23d9458166c2f52fa757112d9dd336af788e31dfea13fb15397764	AVAILABLE	7aa3d1ea574486b0bccac06d1cfdc2a78af94bf5ea689a7cb530c365d8949cf5
zero-cfa	ONE_FLOW_TO_CASTS_APPLICATION_GET_METHOD	com.acme.benchmark:impact-medium-app:jar@	CALLEE	RELATED_IMETHOD	2	18	com.acme.impact.api.ScenarioApi#<init>()V@DEPENDENCY|context=Everywhere|nodeId=18|walaSynthetic=false|sentinelRole=NONE	Everywhere	false	NONE	com.acme.impact.api.ScenarioApi#<init>()V@DEPENDENCY	com.acme.impact.api.ScenarioApi	<init>	()V	DEPENDENCY	6	6	6	1	com.acme.benchmark.BodyChangeUseCase#execute()I@PROJECT	com.acme.benchmark.BodyChangeUseCase	execute	()I	PROJECT	1	1	0	com.acme.benchmark.BodyChangeUseCase#execute()I@PROJECT|context=Everywhere|nodeId=4|walaSynthetic=false|sentinelRole=NONE				false	DECOMPILED	8a339fb52b23d9458166c2f52fa757112d9dd336af788e31dfea13fb15397764	AVAILABLE	7aa3d1ea574486b0bccac06d1cfdc2a78af94bf5ea689a7cb530c365d8949cf5
zero-cfa	ONE_FLOW_TO_CASTS_APPLICATION_GET_METHOD	com.acme.benchmark:impact-medium-app:jar@	CALLEE	RELATED_IMETHOD	2	18	com.acme.impact.api.ScenarioApi#<init>()V@DEPENDENCY|context=Everywhere|nodeId=18|walaSynthetic=false|sentinelRole=NONE	Everywhere	false	NONE	com.acme.impact.api.ScenarioApi#<init>()V@DEPENDENCY	com.acme.impact.api.ScenarioApi	<init>	()V	DEPENDENCY	6	6	6	2	com.acme.benchmark.FieldDescriptorUseCase#executeNewDescriptor()I@PROJECT	com.acme.benchmark.FieldDescriptorUseCase	executeNewDescriptor	()I	PROJECT	1	1	0	com.acme.benchmark.FieldDescriptorUseCase#executeNewDescriptor()I@PROJECT|context=Everywhere|nodeId=8|walaSynthetic=false|sentinelRole=NONE				false	DECOMPILED	8a339fb52b23d9458166c2f52fa757112d9dd336af788e31dfea13fb15397764	AVAILABLE	7aa3d1ea574486b0bccac06d1cfdc2a78af94bf5ea689a7cb530c365d8949cf5
zero-cfa	ONE_FLOW_TO_CASTS_APPLICATION_GET_METHOD	com.acme.benchmark:impact-medium-app:jar@	CALLEE	RELATED_IMETHOD	2	18	com.acme.impact.api.ScenarioApi#<init>()V@DEPENDENCY|context=Everywhere|nodeId=18|walaSynthetic=false|sentinelRole=NONE	Everywhere	false	NONE	com.acme.impact.api.ScenarioApi#<init>()V@DEPENDENCY	com.acme.impact.api.ScenarioApi	<init>	()V	DEPENDENCY	6	6	6	3	com.acme.impact.bridge.LegacyImpactBridge#callOldDescriptor(Ljava/lang/String;)Ljava/lang/String;@DEPENDENCY	com.acme.impact.bridge.LegacyImpactBridge	callOldDescriptor	(Ljava/lang/String;)Ljava/lang/String;	DEPENDENCY	1	1	0	com.acme.impact.bridge.LegacyImpactBridge#callOldDescriptor(Ljava/lang/String;)Ljava/lang/String;@DEPENDENCY|context=Everywhere|nodeId=21|walaSynthetic=false|sentinelRole=NONE				false	DECOMPILED	8a339fb52b23d9458166c2f52fa757112d9dd336af788e31dfea13fb15397764	AVAILABLE	7aa3d1ea574486b0bccac06d1cfdc2a78af94bf5ea689a7cb530c365d8949cf5
zero-cfa	ONE_FLOW_TO_CASTS_APPLICATION_GET_METHOD	com.acme.benchmark:impact-medium-app:jar@	CALLEE	RELATED_IMETHOD	2	18	com.acme.impact.api.ScenarioApi#<init>()V@DEPENDENCY|context=Everywhere|nodeId=18|walaSynthetic=false|sentinelRole=NONE	Everywhere	false	NONE	com.acme.impact.api.ScenarioApi#<init>()V@DEPENDENCY	com.acme.impact.api.ScenarioApi	<init>	()V	DEPENDENCY	6	6	6	4	com.acme.impact.bridge.LegacyImpactBridge#callRemovedMethod(Ljava/lang/String;)Ljava/lang/String;@DEPENDENCY	com.acme.impact.bridge.LegacyImpactBridge	callRemovedMethod	(Ljava/lang/String;)Ljava/lang/String;	DEPENDENCY	1	1	0	com.acme.impact.bridge.LegacyImpactBridge#callRemovedMethod(Ljava/lang/String;)Ljava/lang/String;@DEPENDENCY|context=Everywhere|nodeId=25|walaSynthetic=false|sentinelRole=NONE				false	DECOMPILED	8a339fb52b23d9458166c2f52fa757112d9dd336af788e31dfea13fb15397764	AVAILABLE	7aa3d1ea574486b0bccac06d1cfdc2a78af94bf5ea689a7cb530c365d8949cf5
zero-cfa	ONE_FLOW_TO_CASTS_APPLICATION_GET_METHOD	com.acme.benchmark:impact-medium-app:jar@	CALLEE	RELATED_IMETHOD	2	18	com.acme.impact.api.ScenarioApi#<init>()V@DEPENDENCY|context=Everywhere|nodeId=18|walaSynthetic=false|sentinelRole=NONE	Everywhere	false	NONE	com.acme.impact.api.ScenarioApi#<init>()V@DEPENDENCY	com.acme.impact.api.ScenarioApi	<init>	()V	DEPENDENCY	6	6	6	5	com.acme.impact.bridge.LegacyImpactBridge#readOldDescriptorField()Ljava/lang/Object;@DEPENDENCY	com.acme.impact.bridge.LegacyImpactBridge	readOldDescriptorField	()Ljava/lang/Object;	DEPENDENCY	1	1	0	com.acme.impact.bridge.LegacyImpactBridge#readOldDescriptorField()Ljava/lang/Object;@DEPENDENCY|context=Everywhere|nodeId=22|walaSynthetic=false|sentinelRole=NONE				false	DECOMPILED	8a339fb52b23d9458166c2f52fa757112d9dd336af788e31dfea13fb15397764	AVAILABLE	7aa3d1ea574486b0bccac06d1cfdc2a78af94bf5ea689a7cb530c365d8949cf5
zero-cfa	ONE_FLOW_TO_CASTS_APPLICATION_GET_METHOD	com.acme.benchmark:impact-medium-app:jar@	CALLEE	RELATED_IMETHOD	2	18	com.acme.impact.api.ScenarioApi#<init>()V@DEPENDENCY|context=Everywhere|nodeId=18|walaSynthetic=false|sentinelRole=NONE	Everywhere	false	NONE	com.acme.impact.api.ScenarioApi#<init>()V@DEPENDENCY	com.acme.impact.api.ScenarioApi	<init>	()V	DEPENDENCY	6	6	6	6	com.acme.impact.bridge.LegacyImpactBridge#readRemovedField()I@DEPENDENCY	com.acme.impact.bridge.LegacyImpactBridge	readRemovedField	()I	DEPENDENCY	1	1	0	com.acme.impact.bridge.LegacyImpactBridge#readRemovedField()I@DEPENDENCY|context=Everywhere|nodeId=24|walaSynthetic=false|sentinelRole=NONE				false	DECOMPILED	8a339fb52b23d9458166c2f52fa757112d9dd336af788e31dfea13fb15397764	AVAILABLE	7aa3d1ea574486b0bccac06d1cfdc2a78af94bf5ea689a7cb530c365d8949cf5
zero-cfa	ONE_FLOW_TO_CASTS_APPLICATION_GET_METHOD	com.acme.benchmark:impact-medium-app:jar@	CALLEE	REACHABILITY_PATH	2	18	com.acme.impact.api.ScenarioApi#<init>()V@DEPENDENCY|context=Everywhere|nodeId=18|walaSynthetic=false|sentinelRole=NONE	Everywhere	false	NONE	com.acme.impact.api.ScenarioApi#<init>()V@DEPENDENCY	com.acme.impact.api.ScenarioApi	<init>	()V	DEPENDENCY	6	6	6											DECLARED_ENTRYPOINT	com.acme.benchmark.BodyChangeUseCase#execute()I@PROJECT|context=Everywhere|nodeId=4|walaSynthetic=false|sentinelRole=NONE	com.acme.benchmark.BodyChangeUseCase#execute()I@PROJECT|context=Everywhere|nodeId=4|walaSynthetic=false|sentinelRole=NONE -> com.acme.impact.api.ScenarioApi#<init>()V@DEPENDENCY|context=Everywhere|nodeId=18|walaSynthetic=false|sentinelRole=NONE	false	DECOMPILED	8a339fb52b23d9458166c2f52fa757112d9dd336af788e31dfea13fb15397764	AVAILABLE	7aa3d1ea574486b0bccac06d1cfdc2a78af94bf5ea689a7cb530c365d8949cf5
zero-cfa	ONE_FLOW_TO_CASTS_APPLICATION_GET_METHOD	com.acme.benchmark:impact-medium-app:jar@	CALLEE	REACHABILITY_PATH	2	18	com.acme.impact.api.ScenarioApi#<init>()V@DEPENDENCY|context=Everywhere|nodeId=18|walaSynthetic=false|sentinelRole=NONE	Everywhere	false	NONE	com.acme.impact.api.ScenarioApi#<init>()V@DEPENDENCY	com.acme.impact.api.ScenarioApi	<init>	()V	DEPENDENCY	6	6	6											DECLARED_ENTRYPOINT	com.acme.benchmark.DescriptorChangeUseCase#executeOldDescriptor()Ljava/lang/String;@PROJECT|context=Everywhere|nodeId=6|walaSynthetic=false|sentinelRole=NONE	com.acme.benchmark.DescriptorChangeUseCase#executeOldDescriptor()Ljava/lang/String;@PROJECT|context=Everywhere|nodeId=6|walaSynthetic=false|sentinelRole=NONE -> com.acme.impact.bridge.LegacyImpactBridge#callOldDescriptor(Ljava/lang/String;)Ljava/lang/String;@DEPENDENCY|context=Everywhere|nodeId=21|walaSynthetic=false|sentinelRole=NONE -> com.acme.impact.api.ScenarioApi#<init>()V@DEPENDENCY|context=Everywhere|nodeId=18|walaSynthetic=false|sentinelRole=NONE	false	DECOMPILED	8a339fb52b23d9458166c2f52fa757112d9dd336af788e31dfea13fb15397764	AVAILABLE	7aa3d1ea574486b0bccac06d1cfdc2a78af94bf5ea689a7cb530c365d8949cf5
zero-cfa	ONE_FLOW_TO_CASTS_APPLICATION_GET_METHOD	com.acme.benchmark:impact-medium-app:jar@	CALLEE	REACHABILITY_PATH	2	18	com.acme.impact.api.ScenarioApi#<init>()V@DEPENDENCY|context=Everywhere|nodeId=18|walaSynthetic=false|sentinelRole=NONE	Everywhere	false	NONE	com.acme.impact.api.ScenarioApi#<init>()V@DEPENDENCY	com.acme.impact.api.ScenarioApi	<init>	()V	DEPENDENCY	6	6	6											DECLARED_ENTRYPOINT	com.acme.benchmark.FieldDescriptorUseCase#executeNewDescriptor()I@PROJECT|context=Everywhere|nodeId=8|walaSynthetic=false|sentinelRole=NONE	com.acme.benchmark.FieldDescriptorUseCase#executeNewDescriptor()I@PROJECT|context=Everywhere|nodeId=8|walaSynthetic=false|sentinelRole=NONE -> com.acme.impact.api.ScenarioApi#<init>()V@DEPENDENCY|context=Everywhere|nodeId=18|walaSynthetic=false|sentinelRole=NONE	false	DECOMPILED	8a339fb52b23d9458166c2f52fa757112d9dd336af788e31dfea13fb15397764	AVAILABLE	7aa3d1ea574486b0bccac06d1cfdc2a78af94bf5ea689a7cb530c365d8949cf5
zero-cfa	ONE_FLOW_TO_CASTS_APPLICATION_GET_METHOD	com.acme.benchmark:impact-medium-app:jar@	CALLEE	REACHABILITY_PATH	2	18	com.acme.impact.api.ScenarioApi#<init>()V@DEPENDENCY|context=Everywhere|nodeId=18|walaSynthetic=false|sentinelRole=NONE	Everywhere	false	NONE	com.acme.impact.api.ScenarioApi#<init>()V@DEPENDENCY	com.acme.impact.api.ScenarioApi	<init>	()V	DEPENDENCY	6	6	6											DECLARED_ENTRYPOINT	com.acme.benchmark.FieldDescriptorUseCase#executeOldDescriptor()Ljava/lang/Object;@PROJECT|context=Everywhere|nodeId=9|walaSynthetic=false|sentinelRole=NONE	com.acme.benchmark.FieldDescriptorUseCase#executeOldDescriptor()Ljava/lang/Object;@PROJECT|context=Everywhere|nodeId=9|walaSynthetic=false|sentinelRole=NONE -> com.acme.impact.bridge.LegacyImpactBridge#readOldDescriptorField()Ljava/lang/Object;@DEPENDENCY|context=Everywhere|nodeId=22|walaSynthetic=false|sentinelRole=NONE -> com.acme.impact.api.ScenarioApi#<init>()V@DEPENDENCY|context=Everywhere|nodeId=18|walaSynthetic=false|sentinelRole=NONE	false	DECOMPILED	8a339fb52b23d9458166c2f52fa757112d9dd336af788e31dfea13fb15397764	AVAILABLE	7aa3d1ea574486b0bccac06d1cfdc2a78af94bf5ea689a7cb530c365d8949cf5
zero-cfa	ONE_FLOW_TO_CASTS_APPLICATION_GET_METHOD	com.acme.benchmark:impact-medium-app:jar@	CALLEE	REACHABILITY_PATH	2	18	com.acme.impact.api.ScenarioApi#<init>()V@DEPENDENCY|context=Everywhere|nodeId=18|walaSynthetic=false|sentinelRole=NONE	Everywhere	false	NONE	com.acme.impact.api.ScenarioApi#<init>()V@DEPENDENCY	com.acme.impact.api.ScenarioApi	<init>	()V	DEPENDENCY	6	6	6											DECLARED_ENTRYPOINT	com.acme.benchmark.RemovedFieldUseCase#execute()I@PROJECT|context=Everywhere|nodeId=13|walaSynthetic=false|sentinelRole=NONE	com.acme.benchmark.RemovedFieldUseCase#execute()I@PROJECT|context=Everywhere|nodeId=13|walaSynthetic=false|sentinelRole=NONE -> com.acme.impact.bridge.LegacyImpactBridge#readRemovedField()I@DEPENDENCY|context=Everywhere|nodeId=24|walaSynthetic=false|sentinelRole=NONE -> com.acme.impact.api.ScenarioApi#<init>()V@DEPENDENCY|context=Everywhere|nodeId=18|walaSynthetic=false|sentinelRole=NONE	false	DECOMPILED	8a339fb52b23d9458166c2f52fa757112d9dd336af788e31dfea13fb15397764	AVAILABLE	7aa3d1ea574486b0bccac06d1cfdc2a78af94bf5ea689a7cb530c365d8949cf5
zero-cfa	ONE_FLOW_TO_CASTS_APPLICATION_GET_METHOD	com.acme.benchmark:impact-medium-app:jar@	CALLEE	REACHABILITY_PATH	2	18	com.acme.impact.api.ScenarioApi#<init>()V@DEPENDENCY|context=Everywhere|nodeId=18|walaSynthetic=false|sentinelRole=NONE	Everywhere	false	NONE	com.acme.impact.api.ScenarioApi#<init>()V@DEPENDENCY	com.acme.impact.api.ScenarioApi	<init>	()V	DEPENDENCY	6	6	6											DECLARED_ENTRYPOINT	com.acme.benchmark.RemovedMethodUseCase#execute()Ljava/lang/String;@PROJECT|context=Everywhere|nodeId=15|walaSynthetic=false|sentinelRole=NONE	com.acme.benchmark.RemovedMethodUseCase#execute()Ljava/lang/String;@PROJECT|context=Everywhere|nodeId=15|walaSynthetic=false|sentinelRole=NONE -> com.acme.impact.bridge.LegacyImpactBridge#callRemovedMethod(Ljava/lang/String;)Ljava/lang/String;@DEPENDENCY|context=Everywhere|nodeId=25|walaSynthetic=false|sentinelRole=NONE -> com.acme.impact.api.ScenarioApi#<init>()V@DEPENDENCY|context=Everywhere|nodeId=18|walaSynthetic=false|sentinelRole=NONE	false	DECOMPILED	8a339fb52b23d9458166c2f52fa757112d9dd336af788e31dfea13fb15397764	AVAILABLE	7aa3d1ea574486b0bccac06d1cfdc2a78af94bf5ea689a7cb530c365d8949cf5
zero-cfa	ONE_FLOW_TO_CASTS_APPLICATION_GET_METHOD	com.acme.benchmark:impact-medium-app:jar@	CALLEE	REACHABILITY_PATH	2	18	com.acme.impact.api.ScenarioApi#<init>()V@DEPENDENCY|context=Everywhere|nodeId=18|walaSynthetic=false|sentinelRole=NONE	Everywhere	false	NONE	com.acme.impact.api.ScenarioApi#<init>()V@DEPENDENCY	com.acme.impact.api.ScenarioApi	<init>	()V	DEPENDENCY	6	6	6											FAKE_ROOT	com.ibm.wala.FakeRootClass#fakeRootMethod()V@SYNTHETIC|context=Everywhere|nodeId=0|walaSynthetic=true|sentinelRole=FAKE_ROOT	[FAKE_ROOT] com.ibm.wala.FakeRootClass#fakeRootMethod()V@SYNTHETIC|context=Everywhere|nodeId=0|walaSynthetic=true|sentinelRole=FAKE_ROOT -> com.acme.benchmark.BodyChangeUseCase#execute()I@PROJECT|context=Everywhere|nodeId=4|walaSynthetic=false|sentinelRole=NONE -> com.acme.impact.api.ScenarioApi#<init>()V@DEPENDENCY|context=Everywhere|nodeId=18|walaSynthetic=false|sentinelRole=NONE	false	DECOMPILED	8a339fb52b23d9458166c2f52fa757112d9dd336af788e31dfea13fb15397764	AVAILABLE	7aa3d1ea574486b0bccac06d1cfdc2a78af94bf5ea689a7cb530c365d8949cf5
zero-cfa	ONE_FLOW_TO_CASTS_APPLICATION_GET_METHOD	com.acme.benchmark:impact-medium-app:jar@	CALLEE	RANKED_CGNODE	3	20	com.acme.impact.bridge.LegacyImpactBridge#<init>()V@DEPENDENCY|context=Everywhere|nodeId=20|walaSynthetic=false|sentinelRole=NONE	Everywhere	false	NONE	com.acme.impact.bridge.LegacyImpactBridge#<init>()V@DEPENDENCY	com.acme.impact.bridge.LegacyImpactBridge	<init>	()V	DEPENDENCY	5	5	5														false	DECOMPILED	3b84288e202851198181d04826960c53ce12754611769a4afd25bc96a98a87ca	AVAILABLE	90bddd38b0586069b51a02a7b7a67febbb078fdd789ede9780c6f2a48da4448c
zero-cfa	ONE_FLOW_TO_CASTS_APPLICATION_GET_METHOD	com.acme.benchmark:impact-medium-app:jar@	CALLEE	RELATED_IMETHOD	3	20	com.acme.impact.bridge.LegacyImpactBridge#<init>()V@DEPENDENCY|context=Everywhere|nodeId=20|walaSynthetic=false|sentinelRole=NONE	Everywhere	false	NONE	com.acme.impact.bridge.LegacyImpactBridge#<init>()V@DEPENDENCY	com.acme.impact.bridge.LegacyImpactBridge	<init>	()V	DEPENDENCY	5	5	5	1	com.acme.benchmark.DescriptorChangeUseCase#executeOldDescriptor()Ljava/lang/String;@PROJECT	com.acme.benchmark.DescriptorChangeUseCase	executeOldDescriptor	()Ljava/lang/String;	PROJECT	1	1	0	com.acme.benchmark.DescriptorChangeUseCase#executeOldDescriptor()Ljava/lang/String;@PROJECT|context=Everywhere|nodeId=6|walaSynthetic=false|sentinelRole=NONE				false	DECOMPILED	3b84288e202851198181d04826960c53ce12754611769a4afd25bc96a98a87ca	AVAILABLE	90bddd38b0586069b51a02a7b7a67febbb078fdd789ede9780c6f2a48da4448c
zero-cfa	ONE_FLOW_TO_CASTS_APPLICATION_GET_METHOD	com.acme.benchmark:impact-medium-app:jar@	CALLEE	RELATED_IMETHOD	3	20	com.acme.impact.bridge.LegacyImpactBridge#<init>()V@DEPENDENCY|context=Everywhere|nodeId=20|walaSynthetic=false|sentinelRole=NONE	Everywhere	false	NONE	com.acme.impact.bridge.LegacyImpactBridge#<init>()V@DEPENDENCY	com.acme.impact.bridge.LegacyImpactBridge	<init>	()V	DEPENDENCY	5	5	5	2	com.acme.benchmark.FieldDescriptorUseCase#executeOldDescriptor()Ljava/lang/Object;@PROJECT	com.acme.benchmark.FieldDescriptorUseCase	executeOldDescriptor	()Ljava/lang/Object;	PROJECT	1	1	0	com.acme.benchmark.FieldDescriptorUseCase#executeOldDescriptor()Ljava/lang/Object;@PROJECT|context=Everywhere|nodeId=9|walaSynthetic=false|sentinelRole=NONE				false	DECOMPILED	3b84288e202851198181d04826960c53ce12754611769a4afd25bc96a98a87ca	AVAILABLE	90bddd38b0586069b51a02a7b7a67febbb078fdd789ede9780c6f2a48da4448c
zero-cfa	ONE_FLOW_TO_CASTS_APPLICATION_GET_METHOD	com.acme.benchmark:impact-medium-app:jar@	CALLEE	RELATED_IMETHOD	3	20	com.acme.impact.bridge.LegacyImpactBridge#<init>()V@DEPENDENCY|context=Everywhere|nodeId=20|walaSynthetic=false|sentinelRole=NONE	Everywhere	false	NONE	com.acme.impact.bridge.LegacyImpactBridge#<init>()V@DEPENDENCY	com.acme.impact.bridge.LegacyImpactBridge	<init>	()V	DEPENDENCY	5	5	5	3	com.acme.benchmark.RemovedClassUseCase#execute()Ljava/lang/Object;@PROJECT	com.acme.benchmark.RemovedClassUseCase	execute	()Ljava/lang/Object;	PROJECT	1	1	0	com.acme.benchmark.RemovedClassUseCase#execute()Ljava/lang/Object;@PROJECT|context=Everywhere|nodeId=11|walaSynthetic=false|sentinelRole=NONE				false	DECOMPILED	3b84288e202851198181d04826960c53ce12754611769a4afd25bc96a98a87ca	AVAILABLE	90bddd38b0586069b51a02a7b7a67febbb078fdd789ede9780c6f2a48da4448c
zero-cfa	ONE_FLOW_TO_CASTS_APPLICATION_GET_METHOD	com.acme.benchmark:impact-medium-app:jar@	CALLEE	RELATED_IMETHOD	3	20	com.acme.impact.bridge.LegacyImpactBridge#<init>()V@DEPENDENCY|context=Everywhere|nodeId=20|walaSynthetic=false|sentinelRole=NONE	Everywhere	false	NONE	com.acme.impact.bridge.LegacyImpactBridge#<init>()V@DEPENDENCY	com.acme.impact.bridge.LegacyImpactBridge	<init>	()V	DEPENDENCY	5	5	5	4	com.acme.benchmark.RemovedFieldUseCase#execute()I@PROJECT	com.acme.benchmark.RemovedFieldUseCase	execute	()I	PROJECT	1	1	0	com.acme.benchmark.RemovedFieldUseCase#execute()I@PROJECT|context=Everywhere|nodeId=13|walaSynthetic=false|sentinelRole=NONE				false	DECOMPILED	3b84288e202851198181d04826960c53ce12754611769a4afd25bc96a98a87ca	AVAILABLE	90bddd38b0586069b51a02a7b7a67febbb078fdd789ede9780c6f2a48da4448c
zero-cfa	ONE_FLOW_TO_CASTS_APPLICATION_GET_METHOD	com.acme.benchmark:impact-medium-app:jar@	CALLEE	RELATED_IMETHOD	3	20	com.acme.impact.bridge.LegacyImpactBridge#<init>()V@DEPENDENCY|context=Everywhere|nodeId=20|walaSynthetic=false|sentinelRole=NONE	Everywhere	false	NONE	com.acme.impact.bridge.LegacyImpactBridge#<init>()V@DEPENDENCY	com.acme.impact.bridge.LegacyImpactBridge	<init>	()V	DEPENDENCY	5	5	5	5	com.acme.benchmark.RemovedMethodUseCase#execute()Ljava/lang/String;@PROJECT	com.acme.benchmark.RemovedMethodUseCase	execute	()Ljava/lang/String;	PROJECT	1	1	0	com.acme.benchmark.RemovedMethodUseCase#execute()Ljava/lang/String;@PROJECT|context=Everywhere|nodeId=15|walaSynthetic=false|sentinelRole=NONE				false	DECOMPILED	3b84288e202851198181d04826960c53ce12754611769a4afd25bc96a98a87ca	AVAILABLE	90bddd38b0586069b51a02a7b7a67febbb078fdd789ede9780c6f2a48da4448c
zero-cfa	ONE_FLOW_TO_CASTS_APPLICATION_GET_METHOD	com.acme.benchmark:impact-medium-app:jar@	CALLEE	REACHABILITY_PATH	3	20	com.acme.impact.bridge.LegacyImpactBridge#<init>()V@DEPENDENCY|context=Everywhere|nodeId=20|walaSynthetic=false|sentinelRole=NONE	Everywhere	false	NONE	com.acme.impact.bridge.LegacyImpactBridge#<init>()V@DEPENDENCY	com.acme.impact.bridge.LegacyImpactBridge	<init>	()V	DEPENDENCY	5	5	5											DECLARED_ENTRYPOINT	com.acme.benchmark.DescriptorChangeUseCase#executeOldDescriptor()Ljava/lang/String;@PROJECT|context=Everywhere|nodeId=6|walaSynthetic=false|sentinelRole=NONE	com.acme.benchmark.DescriptorChangeUseCase#executeOldDescriptor()Ljava/lang/String;@PROJECT|context=Everywhere|nodeId=6|walaSynthetic=false|sentinelRole=NONE -> com.acme.impact.bridge.LegacyImpactBridge#<init>()V@DEPENDENCY|context=Everywhere|nodeId=20|walaSynthetic=false|sentinelRole=NONE	false	DECOMPILED	3b84288e202851198181d04826960c53ce12754611769a4afd25bc96a98a87ca	AVAILABLE	90bddd38b0586069b51a02a7b7a67febbb078fdd789ede9780c6f2a48da4448c
zero-cfa	ONE_FLOW_TO_CASTS_APPLICATION_GET_METHOD	com.acme.benchmark:impact-medium-app:jar@	CALLEE	REACHABILITY_PATH	3	20	com.acme.impact.bridge.LegacyImpactBridge#<init>()V@DEPENDENCY|context=Everywhere|nodeId=20|walaSynthetic=false|sentinelRole=NONE	Everywhere	false	NONE	com.acme.impact.bridge.LegacyImpactBridge#<init>()V@DEPENDENCY	com.acme.impact.bridge.LegacyImpactBridge	<init>	()V	DEPENDENCY	5	5	5											DECLARED_ENTRYPOINT	com.acme.benchmark.FieldDescriptorUseCase#executeOldDescriptor()Ljava/lang/Object;@PROJECT|context=Everywhere|nodeId=9|walaSynthetic=false|sentinelRole=NONE	com.acme.benchmark.FieldDescriptorUseCase#executeOldDescriptor()Ljava/lang/Object;@PROJECT|context=Everywhere|nodeId=9|walaSynthetic=false|sentinelRole=NONE -> com.acme.impact.bridge.LegacyImpactBridge#<init>()V@DEPENDENCY|context=Everywhere|nodeId=20|walaSynthetic=false|sentinelRole=NONE	false	DECOMPILED	3b84288e202851198181d04826960c53ce12754611769a4afd25bc96a98a87ca	AVAILABLE	90bddd38b0586069b51a02a7b7a67febbb078fdd789ede9780c6f2a48da4448c
zero-cfa	ONE_FLOW_TO_CASTS_APPLICATION_GET_METHOD	com.acme.benchmark:impact-medium-app:jar@	CALLEE	REACHABILITY_PATH	3	20	com.acme.impact.bridge.LegacyImpactBridge#<init>()V@DEPENDENCY|context=Everywhere|nodeId=20|walaSynthetic=false|sentinelRole=NONE	Everywhere	false	NONE	com.acme.impact.bridge.LegacyImpactBridge#<init>()V@DEPENDENCY	com.acme.impact.bridge.LegacyImpactBridge	<init>	()V	DEPENDENCY	5	5	5											DECLARED_ENTRYPOINT	com.acme.benchmark.RemovedClassUseCase#execute()Ljava/lang/Object;@PROJECT|context=Everywhere|nodeId=11|walaSynthetic=false|sentinelRole=NONE	com.acme.benchmark.RemovedClassUseCase#execute()Ljava/lang/Object;@PROJECT|context=Everywhere|nodeId=11|walaSynthetic=false|sentinelRole=NONE -> com.acme.impact.bridge.LegacyImpactBridge#<init>()V@DEPENDENCY|context=Everywhere|nodeId=20|walaSynthetic=false|sentinelRole=NONE	false	DECOMPILED	3b84288e202851198181d04826960c53ce12754611769a4afd25bc96a98a87ca	AVAILABLE	90bddd38b0586069b51a02a7b7a67febbb078fdd789ede9780c6f2a48da4448c
zero-cfa	ONE_FLOW_TO_CASTS_APPLICATION_GET_METHOD	com.acme.benchmark:impact-medium-app:jar@	CALLEE	REACHABILITY_PATH	3	20	com.acme.impact.bridge.LegacyImpactBridge#<init>()V@DEPENDENCY|context=Everywhere|nodeId=20|walaSynthetic=false|sentinelRole=NONE	Everywhere	false	NONE	com.acme.impact.bridge.LegacyImpactBridge#<init>()V@DEPENDENCY	com.acme.impact.bridge.LegacyImpactBridge	<init>	()V	DEPENDENCY	5	5	5											DECLARED_ENTRYPOINT	com.acme.benchmark.RemovedFieldUseCase#execute()I@PROJECT|context=Everywhere|nodeId=13|walaSynthetic=false|sentinelRole=NONE	com.acme.benchmark.RemovedFieldUseCase#execute()I@PROJECT|context=Everywhere|nodeId=13|walaSynthetic=false|sentinelRole=NONE -> com.acme.impact.bridge.LegacyImpactBridge#<init>()V@DEPENDENCY|context=Everywhere|nodeId=20|walaSynthetic=false|sentinelRole=NONE	false	DECOMPILED	3b84288e202851198181d04826960c53ce12754611769a4afd25bc96a98a87ca	AVAILABLE	90bddd38b0586069b51a02a7b7a67febbb078fdd789ede9780c6f2a48da4448c
zero-cfa	ONE_FLOW_TO_CASTS_APPLICATION_GET_METHOD	com.acme.benchmark:impact-medium-app:jar@	CALLEE	REACHABILITY_PATH	3	20	com.acme.impact.bridge.LegacyImpactBridge#<init>()V@DEPENDENCY|context=Everywhere|nodeId=20|walaSynthetic=false|sentinelRole=NONE	Everywhere	false	NONE	com.acme.impact.bridge.LegacyImpactBridge#<init>()V@DEPENDENCY	com.acme.impact.bridge.LegacyImpactBridge	<init>	()V	DEPENDENCY	5	5	5											DECLARED_ENTRYPOINT	com.acme.benchmark.RemovedMethodUseCase#execute()Ljava/lang/String;@PROJECT|context=Everywhere|nodeId=15|walaSynthetic=false|sentinelRole=NONE	com.acme.benchmark.RemovedMethodUseCase#execute()Ljava/lang/String;@PROJECT|context=Everywhere|nodeId=15|walaSynthetic=false|sentinelRole=NONE -> com.acme.impact.bridge.LegacyImpactBridge#<init>()V@DEPENDENCY|context=Everywhere|nodeId=20|walaSynthetic=false|sentinelRole=NONE	false	DECOMPILED	3b84288e202851198181d04826960c53ce12754611769a4afd25bc96a98a87ca	AVAILABLE	90bddd38b0586069b51a02a7b7a67febbb078fdd789ede9780c6f2a48da4448c
zero-cfa	ONE_FLOW_TO_CASTS_APPLICATION_GET_METHOD	com.acme.benchmark:impact-medium-app:jar@	CALLEE	REACHABILITY_PATH	3	20	com.acme.impact.bridge.LegacyImpactBridge#<init>()V@DEPENDENCY|context=Everywhere|nodeId=20|walaSynthetic=false|sentinelRole=NONE	Everywhere	false	NONE	com.acme.impact.bridge.LegacyImpactBridge#<init>()V@DEPENDENCY	com.acme.impact.bridge.LegacyImpactBridge	<init>	()V	DEPENDENCY	5	5	5											FAKE_ROOT	com.ibm.wala.FakeRootClass#fakeRootMethod()V@SYNTHETIC|context=Everywhere|nodeId=0|walaSynthetic=true|sentinelRole=FAKE_ROOT	[FAKE_ROOT] com.ibm.wala.FakeRootClass#fakeRootMethod()V@SYNTHETIC|context=Everywhere|nodeId=0|walaSynthetic=true|sentinelRole=FAKE_ROOT -> com.acme.benchmark.DescriptorChangeUseCase#executeOldDescriptor()Ljava/lang/String;@PROJECT|context=Everywhere|nodeId=6|walaSynthetic=false|sentinelRole=NONE -> com.acme.impact.bridge.LegacyImpactBridge#<init>()V@DEPENDENCY|context=Everywhere|nodeId=20|walaSynthetic=false|sentinelRole=NONE	false	DECOMPILED	3b84288e202851198181d04826960c53ce12754611769a4afd25bc96a98a87ca	AVAILABLE	90bddd38b0586069b51a02a7b7a67febbb078fdd789ede9780c6f2a48da4448c
zero-cfa	ONE_FLOW_TO_CASTS_APPLICATION_GET_METHOD	com.acme.benchmark:impact-medium-app:jar@	CALLEE	RANKED_CGNODE	4	3	com.acme.benchmark.BodyChangeUseCase#<init>()V@PROJECT|context=Everywhere|nodeId=3|walaSynthetic=false|sentinelRole=NONE	Everywhere	false	NONE	com.acme.benchmark.BodyChangeUseCase#<init>()V@PROJECT	com.acme.benchmark.BodyChangeUseCase	<init>	()V	PROJECT	1	1	1														false	DECOMPILED	9255dd542918690704f519ec3862f391c5501cd9aa839b69b244fa7c2fbb1487	AVAILABLE	6b00ba0ead62a88c40bf78103c719815311b25a58e066e69a13c3d408f3d18e6
zero-cfa	ONE_FLOW_TO_CASTS_APPLICATION_GET_METHOD	com.acme.benchmark:impact-medium-app:jar@	CALLEE	RELATED_IMETHOD	4	3	com.acme.benchmark.BodyChangeUseCase#<init>()V@PROJECT|context=Everywhere|nodeId=3|walaSynthetic=false|sentinelRole=NONE	Everywhere	false	NONE	com.acme.benchmark.BodyChangeUseCase#<init>()V@PROJECT	com.acme.benchmark.BodyChangeUseCase	<init>	()V	PROJECT	1	1	1	1	com.ibm.wala.FakeRootClass#fakeRootMethod()V@SYNTHETIC	com.ibm.wala.FakeRootClass	fakeRootMethod	()V	SYNTHETIC	1	1	0	com.ibm.wala.FakeRootClass#fakeRootMethod()V@SYNTHETIC|context=Everywhere|nodeId=0|walaSynthetic=true|sentinelRole=FAKE_ROOT				false	DECOMPILED	9255dd542918690704f519ec3862f391c5501cd9aa839b69b244fa7c2fbb1487	AVAILABLE	6b00ba0ead62a88c40bf78103c719815311b25a58e066e69a13c3d408f3d18e6
zero-cfa	ONE_FLOW_TO_CASTS_APPLICATION_GET_METHOD	com.acme.benchmark:impact-medium-app:jar@	CALLEE	REACHABILITY_PATH	4	3	com.acme.benchmark.BodyChangeUseCase#<init>()V@PROJECT|context=Everywhere|nodeId=3|walaSynthetic=false|sentinelRole=NONE	Everywhere	false	NONE	com.acme.benchmark.BodyChangeUseCase#<init>()V@PROJECT	com.acme.benchmark.BodyChangeUseCase	<init>	()V	PROJECT	1	1	1											DECLARED_ENTRYPOINT	com.acme.benchmark.BodyChangeUseCase#<init>()V@PROJECT|context=Everywhere|nodeId=3|walaSynthetic=false|sentinelRole=NONE	com.acme.benchmark.BodyChangeUseCase#<init>()V@PROJECT|context=Everywhere|nodeId=3|walaSynthetic=false|sentinelRole=NONE	false	DECOMPILED	9255dd542918690704f519ec3862f391c5501cd9aa839b69b244fa7c2fbb1487	AVAILABLE	6b00ba0ead62a88c40bf78103c719815311b25a58e066e69a13c3d408f3d18e6
zero-cfa	ONE_FLOW_TO_CASTS_APPLICATION_GET_METHOD	com.acme.benchmark:impact-medium-app:jar@	CALLEE	REACHABILITY_PATH	4	3	com.acme.benchmark.BodyChangeUseCase#<init>()V@PROJECT|context=Everywhere|nodeId=3|walaSynthetic=false|sentinelRole=NONE	Everywhere	false	NONE	com.acme.benchmark.BodyChangeUseCase#<init>()V@PROJECT	com.acme.benchmark.BodyChangeUseCase	<init>	()V	PROJECT	1	1	1											FAKE_ROOT	com.ibm.wala.FakeRootClass#fakeRootMethod()V@SYNTHETIC|context=Everywhere|nodeId=0|walaSynthetic=true|sentinelRole=FAKE_ROOT	[FAKE_ROOT] com.ibm.wala.FakeRootClass#fakeRootMethod()V@SYNTHETIC|context=Everywhere|nodeId=0|walaSynthetic=true|sentinelRole=FAKE_ROOT -> com.acme.benchmark.BodyChangeUseCase#<init>()V@PROJECT|context=Everywhere|nodeId=3|walaSynthetic=false|sentinelRole=NONE	false	DECOMPILED	9255dd542918690704f519ec3862f391c5501cd9aa839b69b244fa7c2fbb1487	AVAILABLE	6b00ba0ead62a88c40bf78103c719815311b25a58e066e69a13c3d408f3d18e6
zero-cfa	ONE_FLOW_TO_CASTS_APPLICATION_GET_METHOD	com.acme.benchmark:impact-medium-app:jar@	CALLEE	RANKED_CGNODE	5	4	com.acme.benchmark.BodyChangeUseCase#execute()I@PROJECT|context=Everywhere|nodeId=4|walaSynthetic=false|sentinelRole=NONE	Everywhere	false	NONE	com.acme.benchmark.BodyChangeUseCase#execute()I@PROJECT	com.acme.benchmark.BodyChangeUseCase	execute	()I	PROJECT	1	1	1														false	DECOMPILED	976fa70e0d77d42f5dde70aa50f884a4000c7eb42b31b8771111677b9e004b3f	AVAILABLE	eecfec8ef0625d74db2ace2d3ae19be08a00343c7b38bb026ab445c2fe638b81
zero-cfa	ONE_FLOW_TO_CASTS_APPLICATION_GET_METHOD	com.acme.benchmark:impact-medium-app:jar@	CALLEE	RELATED_IMETHOD	5	4	com.acme.benchmark.BodyChangeUseCase#execute()I@PROJECT|context=Everywhere|nodeId=4|walaSynthetic=false|sentinelRole=NONE	Everywhere	false	NONE	com.acme.benchmark.BodyChangeUseCase#execute()I@PROJECT	com.acme.benchmark.BodyChangeUseCase	execute	()I	PROJECT	1	1	1	1	com.ibm.wala.FakeRootClass#fakeRootMethod()V@SYNTHETIC	com.ibm.wala.FakeRootClass	fakeRootMethod	()V	SYNTHETIC	1	1	0	com.ibm.wala.FakeRootClass#fakeRootMethod()V@SYNTHETIC|context=Everywhere|nodeId=0|walaSynthetic=true|sentinelRole=FAKE_ROOT				false	DECOMPILED	976fa70e0d77d42f5dde70aa50f884a4000c7eb42b31b8771111677b9e004b3f	AVAILABLE	eecfec8ef0625d74db2ace2d3ae19be08a00343c7b38bb026ab445c2fe638b81
zero-cfa	ONE_FLOW_TO_CASTS_APPLICATION_GET_METHOD	com.acme.benchmark:impact-medium-app:jar@	CALLEE	REACHABILITY_PATH	5	4	com.acme.benchmark.BodyChangeUseCase#execute()I@PROJECT|context=Everywhere|nodeId=4|walaSynthetic=false|sentinelRole=NONE	Everywhere	false	NONE	com.acme.benchmark.BodyChangeUseCase#execute()I@PROJECT	com.acme.benchmark.BodyChangeUseCase	execute	()I	PROJECT	1	1	1											DECLARED_ENTRYPOINT	com.acme.benchmark.BodyChangeUseCase#execute()I@PROJECT|context=Everywhere|nodeId=4|walaSynthetic=false|sentinelRole=NONE	com.acme.benchmark.BodyChangeUseCase#execute()I@PROJECT|context=Everywhere|nodeId=4|walaSynthetic=false|sentinelRole=NONE	false	DECOMPILED	976fa70e0d77d42f5dde70aa50f884a4000c7eb42b31b8771111677b9e004b3f	AVAILABLE	eecfec8ef0625d74db2ace2d3ae19be08a00343c7b38bb026ab445c2fe638b81
zero-cfa	ONE_FLOW_TO_CASTS_APPLICATION_GET_METHOD	com.acme.benchmark:impact-medium-app:jar@	CALLEE	REACHABILITY_PATH	5	4	com.acme.benchmark.BodyChangeUseCase#execute()I@PROJECT|context=Everywhere|nodeId=4|walaSynthetic=false|sentinelRole=NONE	Everywhere	false	NONE	com.acme.benchmark.BodyChangeUseCase#execute()I@PROJECT	com.acme.benchmark.BodyChangeUseCase	execute	()I	PROJECT	1	1	1											FAKE_ROOT	com.ibm.wala.FakeRootClass#fakeRootMethod()V@SYNTHETIC|context=Everywhere|nodeId=0|walaSynthetic=true|sentinelRole=FAKE_ROOT	[FAKE_ROOT] com.ibm.wala.FakeRootClass#fakeRootMethod()V@SYNTHETIC|context=Everywhere|nodeId=0|walaSynthetic=true|sentinelRole=FAKE_ROOT -> com.acme.benchmark.BodyChangeUseCase#execute()I@PROJECT|context=Everywhere|nodeId=4|walaSynthetic=false|sentinelRole=NONE	false	DECOMPILED	976fa70e0d77d42f5dde70aa50f884a4000c7eb42b31b8771111677b9e004b3f	AVAILABLE	eecfec8ef0625d74db2ace2d3ae19be08a00343c7b38bb026ab445c2fe638b81
zero-cfa	ONE_FLOW_TO_CASTS_APPLICATION_GET_METHOD	com.acme.benchmark:impact-medium-app:jar@	CALLEE	RANKED_CGNODE	6	5	com.acme.benchmark.DescriptorChangeUseCase#<init>()V@PROJECT|context=Everywhere|nodeId=5|walaSynthetic=false|sentinelRole=NONE	Everywhere	false	NONE	com.acme.benchmark.DescriptorChangeUseCase#<init>()V@PROJECT	com.acme.benchmark.DescriptorChangeUseCase	<init>	()V	PROJECT	1	1	1														false	DECOMPILED	cde8081c8a2fda08e8db17005f786ae17d07b9291b56adbacbf6005a230adcbf	AVAILABLE	96d8a3578959ef82230f6b7c054c4c113932bf27e55da24caf250eff6e8b6f66
zero-cfa	ONE_FLOW_TO_CASTS_APPLICATION_GET_METHOD	com.acme.benchmark:impact-medium-app:jar@	CALLEE	RELATED_IMETHOD	6	5	com.acme.benchmark.DescriptorChangeUseCase#<init>()V@PROJECT|context=Everywhere|nodeId=5|walaSynthetic=false|sentinelRole=NONE	Everywhere	false	NONE	com.acme.benchmark.DescriptorChangeUseCase#<init>()V@PROJECT	com.acme.benchmark.DescriptorChangeUseCase	<init>	()V	PROJECT	1	1	1	1	com.ibm.wala.FakeRootClass#fakeRootMethod()V@SYNTHETIC	com.ibm.wala.FakeRootClass	fakeRootMethod	()V	SYNTHETIC	1	1	0	com.ibm.wala.FakeRootClass#fakeRootMethod()V@SYNTHETIC|context=Everywhere|nodeId=0|walaSynthetic=true|sentinelRole=FAKE_ROOT				false	DECOMPILED	cde8081c8a2fda08e8db17005f786ae17d07b9291b56adbacbf6005a230adcbf	AVAILABLE	96d8a3578959ef82230f6b7c054c4c113932bf27e55da24caf250eff6e8b6f66
zero-cfa	ONE_FLOW_TO_CASTS_APPLICATION_GET_METHOD	com.acme.benchmark:impact-medium-app:jar@	CALLEE	REACHABILITY_PATH	6	5	com.acme.benchmark.DescriptorChangeUseCase#<init>()V@PROJECT|context=Everywhere|nodeId=5|walaSynthetic=false|sentinelRole=NONE	Everywhere	false	NONE	com.acme.benchmark.DescriptorChangeUseCase#<init>()V@PROJECT	com.acme.benchmark.DescriptorChangeUseCase	<init>	()V	PROJECT	1	1	1											DECLARED_ENTRYPOINT	com.acme.benchmark.DescriptorChangeUseCase#<init>()V@PROJECT|context=Everywhere|nodeId=5|walaSynthetic=false|sentinelRole=NONE	com.acme.benchmark.DescriptorChangeUseCase#<init>()V@PROJECT|context=Everywhere|nodeId=5|walaSynthetic=false|sentinelRole=NONE	false	DECOMPILED	cde8081c8a2fda08e8db17005f786ae17d07b9291b56adbacbf6005a230adcbf	AVAILABLE	96d8a3578959ef82230f6b7c054c4c113932bf27e55da24caf250eff6e8b6f66
zero-cfa	ONE_FLOW_TO_CASTS_APPLICATION_GET_METHOD	com.acme.benchmark:impact-medium-app:jar@	CALLEE	REACHABILITY_PATH	6	5	com.acme.benchmark.DescriptorChangeUseCase#<init>()V@PROJECT|context=Everywhere|nodeId=5|walaSynthetic=false|sentinelRole=NONE	Everywhere	false	NONE	com.acme.benchmark.DescriptorChangeUseCase#<init>()V@PROJECT	com.acme.benchmark.DescriptorChangeUseCase	<init>	()V	PROJECT	1	1	1											FAKE_ROOT	com.ibm.wala.FakeRootClass#fakeRootMethod()V@SYNTHETIC|context=Everywhere|nodeId=0|walaSynthetic=true|sentinelRole=FAKE_ROOT	[FAKE_ROOT] com.ibm.wala.FakeRootClass#fakeRootMethod()V@SYNTHETIC|context=Everywhere|nodeId=0|walaSynthetic=true|sentinelRole=FAKE_ROOT -> com.acme.benchmark.DescriptorChangeUseCase#<init>()V@PROJECT|context=Everywhere|nodeId=5|walaSynthetic=false|sentinelRole=NONE	false	DECOMPILED	cde8081c8a2fda08e8db17005f786ae17d07b9291b56adbacbf6005a230adcbf	AVAILABLE	96d8a3578959ef82230f6b7c054c4c113932bf27e55da24caf250eff6e8b6f66
zero-cfa	ONE_FLOW_TO_CASTS_APPLICATION_GET_METHOD	com.acme.benchmark:impact-medium-app:jar@	CALLEE	RANKED_CGNODE	7	6	com.acme.benchmark.DescriptorChangeUseCase#executeOldDescriptor()Ljava/lang/String;@PROJECT|context=Everywhere|nodeId=6|walaSynthetic=false|sentinelRole=NONE	Everywhere	false	NONE	com.acme.benchmark.DescriptorChangeUseCase#executeOldDescriptor()Ljava/lang/String;@PROJECT	com.acme.benchmark.DescriptorChangeUseCase	executeOldDescriptor	()Ljava/lang/String;	PROJECT	1	1	1														false	DECOMPILED	8e060f6feb0b883c9f36b83d36a32fb7d72a4c761ce8bd5accdfb8524055a0c3	AVAILABLE	4938cc5b9ba2464c73c4f56ea6b2880d53fe2c49717d9e7e3653ddefc822fae2
zero-cfa	ONE_FLOW_TO_CASTS_APPLICATION_GET_METHOD	com.acme.benchmark:impact-medium-app:jar@	CALLEE	RELATED_IMETHOD	7	6	com.acme.benchmark.DescriptorChangeUseCase#executeOldDescriptor()Ljava/lang/String;@PROJECT|context=Everywhere|nodeId=6|walaSynthetic=false|sentinelRole=NONE	Everywhere	false	NONE	com.acme.benchmark.DescriptorChangeUseCase#executeOldDescriptor()Ljava/lang/String;@PROJECT	com.acme.benchmark.DescriptorChangeUseCase	executeOldDescriptor	()Ljava/lang/String;	PROJECT	1	1	1	1	com.ibm.wala.FakeRootClass#fakeRootMethod()V@SYNTHETIC	com.ibm.wala.FakeRootClass	fakeRootMethod	()V	SYNTHETIC	1	1	0	com.ibm.wala.FakeRootClass#fakeRootMethod()V@SYNTHETIC|context=Everywhere|nodeId=0|walaSynthetic=true|sentinelRole=FAKE_ROOT				false	DECOMPILED	8e060f6feb0b883c9f36b83d36a32fb7d72a4c761ce8bd5accdfb8524055a0c3	AVAILABLE	4938cc5b9ba2464c73c4f56ea6b2880d53fe2c49717d9e7e3653ddefc822fae2
zero-cfa	ONE_FLOW_TO_CASTS_APPLICATION_GET_METHOD	com.acme.benchmark:impact-medium-app:jar@	CALLEE	REACHABILITY_PATH	7	6	com.acme.benchmark.DescriptorChangeUseCase#executeOldDescriptor()Ljava/lang/String;@PROJECT|context=Everywhere|nodeId=6|walaSynthetic=false|sentinelRole=NONE	Everywhere	false	NONE	com.acme.benchmark.DescriptorChangeUseCase#executeOldDescriptor()Ljava/lang/String;@PROJECT	com.acme.benchmark.DescriptorChangeUseCase	executeOldDescriptor	()Ljava/lang/String;	PROJECT	1	1	1											DECLARED_ENTRYPOINT	com.acme.benchmark.DescriptorChangeUseCase#executeOldDescriptor()Ljava/lang/String;@PROJECT|context=Everywhere|nodeId=6|walaSynthetic=false|sentinelRole=NONE	com.acme.benchmark.DescriptorChangeUseCase#executeOldDescriptor()Ljava/lang/String;@PROJECT|context=Everywhere|nodeId=6|walaSynthetic=false|sentinelRole=NONE	false	DECOMPILED	8e060f6feb0b883c9f36b83d36a32fb7d72a4c761ce8bd5accdfb8524055a0c3	AVAILABLE	4938cc5b9ba2464c73c4f56ea6b2880d53fe2c49717d9e7e3653ddefc822fae2
zero-cfa	ONE_FLOW_TO_CASTS_APPLICATION_GET_METHOD	com.acme.benchmark:impact-medium-app:jar@	CALLEE	REACHABILITY_PATH	7	6	com.acme.benchmark.DescriptorChangeUseCase#executeOldDescriptor()Ljava/lang/String;@PROJECT|context=Everywhere|nodeId=6|walaSynthetic=false|sentinelRole=NONE	Everywhere	false	NONE	com.acme.benchmark.DescriptorChangeUseCase#executeOldDescriptor()Ljava/lang/String;@PROJECT	com.acme.benchmark.DescriptorChangeUseCase	executeOldDescriptor	()Ljava/lang/String;	PROJECT	1	1	1											FAKE_ROOT	com.ibm.wala.FakeRootClass#fakeRootMethod()V@SYNTHETIC|context=Everywhere|nodeId=0|walaSynthetic=true|sentinelRole=FAKE_ROOT	[FAKE_ROOT] com.ibm.wala.FakeRootClass#fakeRootMethod()V@SYNTHETIC|context=Everywhere|nodeId=0|walaSynthetic=true|sentinelRole=FAKE_ROOT -> com.acme.benchmark.DescriptorChangeUseCase#executeOldDescriptor()Ljava/lang/String;@PROJECT|context=Everywhere|nodeId=6|walaSynthetic=false|sentinelRole=NONE	false	DECOMPILED	8e060f6feb0b883c9f36b83d36a32fb7d72a4c761ce8bd5accdfb8524055a0c3	AVAILABLE	4938cc5b9ba2464c73c4f56ea6b2880d53fe2c49717d9e7e3653ddefc822fae2
zero-cfa	ONE_FLOW_TO_CASTS_APPLICATION_GET_METHOD	com.acme.benchmark:impact-medium-app:jar@	CALLEE	RANKED_CGNODE	8	7	com.acme.benchmark.FieldDescriptorUseCase#<init>()V@PROJECT|context=Everywhere|nodeId=7|walaSynthetic=false|sentinelRole=NONE	Everywhere	false	NONE	com.acme.benchmark.FieldDescriptorUseCase#<init>()V@PROJECT	com.acme.benchmark.FieldDescriptorUseCase	<init>	()V	PROJECT	1	1	1														false	DECOMPILED	c507f326b66d27324dd649f1144c70b2215a34ecdce33d4ebbed09cd2a3664e7	AVAILABLE	714da0d60e4c3296090531b8c8ede07871c917ea6f33c0dd7fe6eabb594652a8
zero-cfa	ONE_FLOW_TO_CASTS_APPLICATION_GET_METHOD	com.acme.benchmark:impact-medium-app:jar@	CALLEE	RELATED_IMETHOD	8	7	com.acme.benchmark.FieldDescriptorUseCase#<init>()V@PROJECT|context=Everywhere|nodeId=7|walaSynthetic=false|sentinelRole=NONE	Everywhere	false	NONE	com.acme.benchmark.FieldDescriptorUseCase#<init>()V@PROJECT	com.acme.benchmark.FieldDescriptorUseCase	<init>	()V	PROJECT	1	1	1	1	com.ibm.wala.FakeRootClass#fakeRootMethod()V@SYNTHETIC	com.ibm.wala.FakeRootClass	fakeRootMethod	()V	SYNTHETIC	1	1	0	com.ibm.wala.FakeRootClass#fakeRootMethod()V@SYNTHETIC|context=Everywhere|nodeId=0|walaSynthetic=true|sentinelRole=FAKE_ROOT				false	DECOMPILED	c507f326b66d27324dd649f1144c70b2215a34ecdce33d4ebbed09cd2a3664e7	AVAILABLE	714da0d60e4c3296090531b8c8ede07871c917ea6f33c0dd7fe6eabb594652a8
zero-cfa	ONE_FLOW_TO_CASTS_APPLICATION_GET_METHOD	com.acme.benchmark:impact-medium-app:jar@	CALLEE	REACHABILITY_PATH	8	7	com.acme.benchmark.FieldDescriptorUseCase#<init>()V@PROJECT|context=Everywhere|nodeId=7|walaSynthetic=false|sentinelRole=NONE	Everywhere	false	NONE	com.acme.benchmark.FieldDescriptorUseCase#<init>()V@PROJECT	com.acme.benchmark.FieldDescriptorUseCase	<init>	()V	PROJECT	1	1	1											DECLARED_ENTRYPOINT	com.acme.benchmark.FieldDescriptorUseCase#<init>()V@PROJECT|context=Everywhere|nodeId=7|walaSynthetic=false|sentinelRole=NONE	com.acme.benchmark.FieldDescriptorUseCase#<init>()V@PROJECT|context=Everywhere|nodeId=7|walaSynthetic=false|sentinelRole=NONE	false	DECOMPILED	c507f326b66d27324dd649f1144c70b2215a34ecdce33d4ebbed09cd2a3664e7	AVAILABLE	714da0d60e4c3296090531b8c8ede07871c917ea6f33c0dd7fe6eabb594652a8
zero-cfa	ONE_FLOW_TO_CASTS_APPLICATION_GET_METHOD	com.acme.benchmark:impact-medium-app:jar@	CALLEE	REACHABILITY_PATH	8	7	com.acme.benchmark.FieldDescriptorUseCase#<init>()V@PROJECT|context=Everywhere|nodeId=7|walaSynthetic=false|sentinelRole=NONE	Everywhere	false	NONE	com.acme.benchmark.FieldDescriptorUseCase#<init>()V@PROJECT	com.acme.benchmark.FieldDescriptorUseCase	<init>	()V	PROJECT	1	1	1											FAKE_ROOT	com.ibm.wala.FakeRootClass#fakeRootMethod()V@SYNTHETIC|context=Everywhere|nodeId=0|walaSynthetic=true|sentinelRole=FAKE_ROOT	[FAKE_ROOT] com.ibm.wala.FakeRootClass#fakeRootMethod()V@SYNTHETIC|context=Everywhere|nodeId=0|walaSynthetic=true|sentinelRole=FAKE_ROOT -> com.acme.benchmark.FieldDescriptorUseCase#<init>()V@PROJECT|context=Everywhere|nodeId=7|walaSynthetic=false|sentinelRole=NONE	false	DECOMPILED	c507f326b66d27324dd649f1144c70b2215a34ecdce33d4ebbed09cd2a3664e7	AVAILABLE	714da0d60e4c3296090531b8c8ede07871c917ea6f33c0dd7fe6eabb594652a8
zero-cfa	ONE_FLOW_TO_CASTS_APPLICATION_GET_METHOD	com.acme.benchmark:impact-medium-app:jar@	CALLEE	RANKED_CGNODE	9	8	com.acme.benchmark.FieldDescriptorUseCase#executeNewDescriptor()I@PROJECT|context=Everywhere|nodeId=8|walaSynthetic=false|sentinelRole=NONE	Everywhere	false	NONE	com.acme.benchmark.FieldDescriptorUseCase#executeNewDescriptor()I@PROJECT	com.acme.benchmark.FieldDescriptorUseCase	executeNewDescriptor	()I	PROJECT	1	1	1														false	DECOMPILED	4d27da96b37b06c82e833d4c34c91ec2852caf9688435beb6fab9d26f461c746	AVAILABLE	3b43556793ac78bbe0297696e79b7b1cea9f490f0c41a29c7fe2d83f73a0bfbc
zero-cfa	ONE_FLOW_TO_CASTS_APPLICATION_GET_METHOD	com.acme.benchmark:impact-medium-app:jar@	CALLEE	RELATED_IMETHOD	9	8	com.acme.benchmark.FieldDescriptorUseCase#executeNewDescriptor()I@PROJECT|context=Everywhere|nodeId=8|walaSynthetic=false|sentinelRole=NONE	Everywhere	false	NONE	com.acme.benchmark.FieldDescriptorUseCase#executeNewDescriptor()I@PROJECT	com.acme.benchmark.FieldDescriptorUseCase	executeNewDescriptor	()I	PROJECT	1	1	1	1	com.ibm.wala.FakeRootClass#fakeRootMethod()V@SYNTHETIC	com.ibm.wala.FakeRootClass	fakeRootMethod	()V	SYNTHETIC	1	1	0	com.ibm.wala.FakeRootClass#fakeRootMethod()V@SYNTHETIC|context=Everywhere|nodeId=0|walaSynthetic=true|sentinelRole=FAKE_ROOT				false	DECOMPILED	4d27da96b37b06c82e833d4c34c91ec2852caf9688435beb6fab9d26f461c746	AVAILABLE	3b43556793ac78bbe0297696e79b7b1cea9f490f0c41a29c7fe2d83f73a0bfbc
zero-cfa	ONE_FLOW_TO_CASTS_APPLICATION_GET_METHOD	com.acme.benchmark:impact-medium-app:jar@	CALLEE	REACHABILITY_PATH	9	8	com.acme.benchmark.FieldDescriptorUseCase#executeNewDescriptor()I@PROJECT|context=Everywhere|nodeId=8|walaSynthetic=false|sentinelRole=NONE	Everywhere	false	NONE	com.acme.benchmark.FieldDescriptorUseCase#executeNewDescriptor()I@PROJECT	com.acme.benchmark.FieldDescriptorUseCase	executeNewDescriptor	()I	PROJECT	1	1	1											DECLARED_ENTRYPOINT	com.acme.benchmark.FieldDescriptorUseCase#executeNewDescriptor()I@PROJECT|context=Everywhere|nodeId=8|walaSynthetic=false|sentinelRole=NONE	com.acme.benchmark.FieldDescriptorUseCase#executeNewDescriptor()I@PROJECT|context=Everywhere|nodeId=8|walaSynthetic=false|sentinelRole=NONE	false	DECOMPILED	4d27da96b37b06c82e833d4c34c91ec2852caf9688435beb6fab9d26f461c746	AVAILABLE	3b43556793ac78bbe0297696e79b7b1cea9f490f0c41a29c7fe2d83f73a0bfbc
zero-cfa	ONE_FLOW_TO_CASTS_APPLICATION_GET_METHOD	com.acme.benchmark:impact-medium-app:jar@	CALLEE	REACHABILITY_PATH	9	8	com.acme.benchmark.FieldDescriptorUseCase#executeNewDescriptor()I@PROJECT|context=Everywhere|nodeId=8|walaSynthetic=false|sentinelRole=NONE	Everywhere	false	NONE	com.acme.benchmark.FieldDescriptorUseCase#executeNewDescriptor()I@PROJECT	com.acme.benchmark.FieldDescriptorUseCase	executeNewDescriptor	()I	PROJECT	1	1	1											FAKE_ROOT	com.ibm.wala.FakeRootClass#fakeRootMethod()V@SYNTHETIC|context=Everywhere|nodeId=0|walaSynthetic=true|sentinelRole=FAKE_ROOT	[FAKE_ROOT] com.ibm.wala.FakeRootClass#fakeRootMethod()V@SYNTHETIC|context=Everywhere|nodeId=0|walaSynthetic=true|sentinelRole=FAKE_ROOT -> com.acme.benchmark.FieldDescriptorUseCase#executeNewDescriptor()I@PROJECT|context=Everywhere|nodeId=8|walaSynthetic=false|sentinelRole=NONE	false	DECOMPILED	4d27da96b37b06c82e833d4c34c91ec2852caf9688435beb6fab9d26f461c746	AVAILABLE	3b43556793ac78bbe0297696e79b7b1cea9f490f0c41a29c7fe2d83f73a0bfbc
zero-cfa	ONE_FLOW_TO_CASTS_APPLICATION_GET_METHOD	com.acme.benchmark:impact-medium-app:jar@	CALLEE	RANKED_CGNODE	10	9	com.acme.benchmark.FieldDescriptorUseCase#executeOldDescriptor()Ljava/lang/Object;@PROJECT|context=Everywhere|nodeId=9|walaSynthetic=false|sentinelRole=NONE	Everywhere	false	NONE	com.acme.benchmark.FieldDescriptorUseCase#executeOldDescriptor()Ljava/lang/Object;@PROJECT	com.acme.benchmark.FieldDescriptorUseCase	executeOldDescriptor	()Ljava/lang/Object;	PROJECT	1	1	1														false	DECOMPILED	d7c2f64cb9a685350fb19c0ba2e1fa3f0fc5c59c3d84543e1c72672583fda36d	AVAILABLE	d5689107c4902c27ab60489190fda9d547298754ffcd847a3d7a247927806956
zero-cfa	ONE_FLOW_TO_CASTS_APPLICATION_GET_METHOD	com.acme.benchmark:impact-medium-app:jar@	CALLEE	RELATED_IMETHOD	10	9	com.acme.benchmark.FieldDescriptorUseCase#executeOldDescriptor()Ljava/lang/Object;@PROJECT|context=Everywhere|nodeId=9|walaSynthetic=false|sentinelRole=NONE	Everywhere	false	NONE	com.acme.benchmark.FieldDescriptorUseCase#executeOldDescriptor()Ljava/lang/Object;@PROJECT	com.acme.benchmark.FieldDescriptorUseCase	executeOldDescriptor	()Ljava/lang/Object;	PROJECT	1	1	1	1	com.ibm.wala.FakeRootClass#fakeRootMethod()V@SYNTHETIC	com.ibm.wala.FakeRootClass	fakeRootMethod	()V	SYNTHETIC	1	1	0	com.ibm.wala.FakeRootClass#fakeRootMethod()V@SYNTHETIC|context=Everywhere|nodeId=0|walaSynthetic=true|sentinelRole=FAKE_ROOT				false	DECOMPILED	d7c2f64cb9a685350fb19c0ba2e1fa3f0fc5c59c3d84543e1c72672583fda36d	AVAILABLE	d5689107c4902c27ab60489190fda9d547298754ffcd847a3d7a247927806956
zero-cfa	ONE_FLOW_TO_CASTS_APPLICATION_GET_METHOD	com.acme.benchmark:impact-medium-app:jar@	CALLEE	REACHABILITY_PATH	10	9	com.acme.benchmark.FieldDescriptorUseCase#executeOldDescriptor()Ljava/lang/Object;@PROJECT|context=Everywhere|nodeId=9|walaSynthetic=false|sentinelRole=NONE	Everywhere	false	NONE	com.acme.benchmark.FieldDescriptorUseCase#executeOldDescriptor()Ljava/lang/Object;@PROJECT	com.acme.benchmark.FieldDescriptorUseCase	executeOldDescriptor	()Ljava/lang/Object;	PROJECT	1	1	1											DECLARED_ENTRYPOINT	com.acme.benchmark.FieldDescriptorUseCase#executeOldDescriptor()Ljava/lang/Object;@PROJECT|context=Everywhere|nodeId=9|walaSynthetic=false|sentinelRole=NONE	com.acme.benchmark.FieldDescriptorUseCase#executeOldDescriptor()Ljava/lang/Object;@PROJECT|context=Everywhere|nodeId=9|walaSynthetic=false|sentinelRole=NONE	false	DECOMPILED	d7c2f64cb9a685350fb19c0ba2e1fa3f0fc5c59c3d84543e1c72672583fda36d	AVAILABLE	d5689107c4902c27ab60489190fda9d547298754ffcd847a3d7a247927806956
zero-cfa	ONE_FLOW_TO_CASTS_APPLICATION_GET_METHOD	com.acme.benchmark:impact-medium-app:jar@	CALLEE	REACHABILITY_PATH	10	9	com.acme.benchmark.FieldDescriptorUseCase#executeOldDescriptor()Ljava/lang/Object;@PROJECT|context=Everywhere|nodeId=9|walaSynthetic=false|sentinelRole=NONE	Everywhere	false	NONE	com.acme.benchmark.FieldDescriptorUseCase#executeOldDescriptor()Ljava/lang/Object;@PROJECT	com.acme.benchmark.FieldDescriptorUseCase	executeOldDescriptor	()Ljava/lang/Object;	PROJECT	1	1	1											FAKE_ROOT	com.ibm.wala.FakeRootClass#fakeRootMethod()V@SYNTHETIC|context=Everywhere|nodeId=0|walaSynthetic=true|sentinelRole=FAKE_ROOT	[FAKE_ROOT] com.ibm.wala.FakeRootClass#fakeRootMethod()V@SYNTHETIC|context=Everywhere|nodeId=0|walaSynthetic=true|sentinelRole=FAKE_ROOT -> com.acme.benchmark.FieldDescriptorUseCase#executeOldDescriptor()Ljava/lang/Object;@PROJECT|context=Everywhere|nodeId=9|walaSynthetic=false|sentinelRole=NONE	false	DECOMPILED	d7c2f64cb9a685350fb19c0ba2e1fa3f0fc5c59c3d84543e1c72672583fda36d	AVAILABLE	d5689107c4902c27ab60489190fda9d547298754ffcd847a3d7a247927806956
optimized-0-1-cfa	ONE_FLOW_TO_CASTS_APPLICATION_GET_METHOD	com.acme.benchmark:impact-medium-app:jar@	CALLER	RANKED_CGNODE	1	0	com.ibm.wala.FakeRootClass#fakeRootMethod()V@SYNTHETIC|context=Everywhere|nodeId=0|walaSynthetic=true|sentinelRole=FAKE_ROOT	Everywhere	true	FAKE_ROOT	com.ibm.wala.FakeRootClass#fakeRootMethod()V@SYNTHETIC	com.ibm.wala.FakeRootClass	fakeRootMethod	()V	SYNTHETIC	14	14	14														false	UNAVAILABLE		AVAILABLE	af37a30437632dca7b256fd0a4edeac72b2657ed1d322a0f50ec55de3afd1e9e
optimized-0-1-cfa	ONE_FLOW_TO_CASTS_APPLICATION_GET_METHOD	com.acme.benchmark:impact-medium-app:jar@	CALLER	RELATED_IMETHOD	1	0	com.ibm.wala.FakeRootClass#fakeRootMethod()V@SYNTHETIC|context=Everywhere|nodeId=0|walaSynthetic=true|sentinelRole=FAKE_ROOT	Everywhere	true	FAKE_ROOT	com.ibm.wala.FakeRootClass#fakeRootMethod()V@SYNTHETIC	com.ibm.wala.FakeRootClass	fakeRootMethod	()V	SYNTHETIC	14	14	14	1	com.acme.benchmark.BodyChangeUseCase#<init>()V@PROJECT	com.acme.benchmark.BodyChangeUseCase	<init>	()V	PROJECT	1	1	0	com.acme.benchmark.BodyChangeUseCase#<init>()V@PROJECT|context=Everywhere|nodeId=3|walaSynthetic=false|sentinelRole=NONE				false	UNAVAILABLE		AVAILABLE	af37a30437632dca7b256fd0a4edeac72b2657ed1d322a0f50ec55de3afd1e9e
optimized-0-1-cfa	ONE_FLOW_TO_CASTS_APPLICATION_GET_METHOD	com.acme.benchmark:impact-medium-app:jar@	CALLER	RELATED_IMETHOD	1	0	com.ibm.wala.FakeRootClass#fakeRootMethod()V@SYNTHETIC|context=Everywhere|nodeId=0|walaSynthetic=true|sentinelRole=FAKE_ROOT	Everywhere	true	FAKE_ROOT	com.ibm.wala.FakeRootClass#fakeRootMethod()V@SYNTHETIC	com.ibm.wala.FakeRootClass	fakeRootMethod	()V	SYNTHETIC	14	14	14	2	com.acme.benchmark.BodyChangeUseCase#execute()I@PROJECT	com.acme.benchmark.BodyChangeUseCase	execute	()I	PROJECT	1	1	0	com.acme.benchmark.BodyChangeUseCase#execute()I@PROJECT|context=Everywhere|nodeId=4|walaSynthetic=false|sentinelRole=NONE				false	UNAVAILABLE		AVAILABLE	af37a30437632dca7b256fd0a4edeac72b2657ed1d322a0f50ec55de3afd1e9e
optimized-0-1-cfa	ONE_FLOW_TO_CASTS_APPLICATION_GET_METHOD	com.acme.benchmark:impact-medium-app:jar@	CALLER	RELATED_IMETHOD	1	0	com.ibm.wala.FakeRootClass#fakeRootMethod()V@SYNTHETIC|context=Everywhere|nodeId=0|walaSynthetic=true|sentinelRole=FAKE_ROOT	Everywhere	true	FAKE_ROOT	com.ibm.wala.FakeRootClass#fakeRootMethod()V@SYNTHETIC	com.ibm.wala.FakeRootClass	fakeRootMethod	()V	SYNTHETIC	14	14	14	3	com.acme.benchmark.DescriptorChangeUseCase#<init>()V@PROJECT	com.acme.benchmark.DescriptorChangeUseCase	<init>	()V	PROJECT	1	1	0	com.acme.benchmark.DescriptorChangeUseCase#<init>()V@PROJECT|context=Everywhere|nodeId=5|walaSynthetic=false|sentinelRole=NONE				false	UNAVAILABLE		AVAILABLE	af37a30437632dca7b256fd0a4edeac72b2657ed1d322a0f50ec55de3afd1e9e
optimized-0-1-cfa	ONE_FLOW_TO_CASTS_APPLICATION_GET_METHOD	com.acme.benchmark:impact-medium-app:jar@	CALLER	RELATED_IMETHOD	1	0	com.ibm.wala.FakeRootClass#fakeRootMethod()V@SYNTHETIC|context=Everywhere|nodeId=0|walaSynthetic=true|sentinelRole=FAKE_ROOT	Everywhere	true	FAKE_ROOT	com.ibm.wala.FakeRootClass#fakeRootMethod()V@SYNTHETIC	com.ibm.wala.FakeRootClass	fakeRootMethod	()V	SYNTHETIC	14	14	14	4	com.acme.benchmark.DescriptorChangeUseCase#executeOldDescriptor()Ljava/lang/String;@PROJECT	com.acme.benchmark.DescriptorChangeUseCase	executeOldDescriptor	()Ljava/lang/String;	PROJECT	1	1	0	com.acme.benchmark.DescriptorChangeUseCase#executeOldDescriptor()Ljava/lang/String;@PROJECT|context=Everywhere|nodeId=6|walaSynthetic=false|sentinelRole=NONE				false	UNAVAILABLE		AVAILABLE	af37a30437632dca7b256fd0a4edeac72b2657ed1d322a0f50ec55de3afd1e9e
optimized-0-1-cfa	ONE_FLOW_TO_CASTS_APPLICATION_GET_METHOD	com.acme.benchmark:impact-medium-app:jar@	CALLER	RELATED_IMETHOD	1	0	com.ibm.wala.FakeRootClass#fakeRootMethod()V@SYNTHETIC|context=Everywhere|nodeId=0|walaSynthetic=true|sentinelRole=FAKE_ROOT	Everywhere	true	FAKE_ROOT	com.ibm.wala.FakeRootClass#fakeRootMethod()V@SYNTHETIC	com.ibm.wala.FakeRootClass	fakeRootMethod	()V	SYNTHETIC	14	14	14	5	com.acme.benchmark.FieldDescriptorUseCase#<init>()V@PROJECT	com.acme.benchmark.FieldDescriptorUseCase	<init>	()V	PROJECT	1	1	0	com.acme.benchmark.FieldDescriptorUseCase#<init>()V@PROJECT|context=Everywhere|nodeId=7|walaSynthetic=false|sentinelRole=NONE				false	UNAVAILABLE		AVAILABLE	af37a30437632dca7b256fd0a4edeac72b2657ed1d322a0f50ec55de3afd1e9e
optimized-0-1-cfa	ONE_FLOW_TO_CASTS_APPLICATION_GET_METHOD	com.acme.benchmark:impact-medium-app:jar@	CALLER	RELATED_IMETHOD	1	0	com.ibm.wala.FakeRootClass#fakeRootMethod()V@SYNTHETIC|context=Everywhere|nodeId=0|walaSynthetic=true|sentinelRole=FAKE_ROOT	Everywhere	true	FAKE_ROOT	com.ibm.wala.FakeRootClass#fakeRootMethod()V@SYNTHETIC	com.ibm.wala.FakeRootClass	fakeRootMethod	()V	SYNTHETIC	14	14	14	6	com.acme.benchmark.FieldDescriptorUseCase#executeNewDescriptor()I@PROJECT	com.acme.benchmark.FieldDescriptorUseCase	executeNewDescriptor	()I	PROJECT	1	1	0	com.acme.benchmark.FieldDescriptorUseCase#executeNewDescriptor()I@PROJECT|context=Everywhere|nodeId=8|walaSynthetic=false|sentinelRole=NONE				false	UNAVAILABLE		AVAILABLE	af37a30437632dca7b256fd0a4edeac72b2657ed1d322a0f50ec55de3afd1e9e
optimized-0-1-cfa	ONE_FLOW_TO_CASTS_APPLICATION_GET_METHOD	com.acme.benchmark:impact-medium-app:jar@	CALLER	RELATED_IMETHOD	1	0	com.ibm.wala.FakeRootClass#fakeRootMethod()V@SYNTHETIC|context=Everywhere|nodeId=0|walaSynthetic=true|sentinelRole=FAKE_ROOT	Everywhere	true	FAKE_ROOT	com.ibm.wala.FakeRootClass#fakeRootMethod()V@SYNTHETIC	com.ibm.wala.FakeRootClass	fakeRootMethod	()V	SYNTHETIC	14	14	14	7	com.acme.benchmark.FieldDescriptorUseCase#executeOldDescriptor()Ljava/lang/Object;@PROJECT	com.acme.benchmark.FieldDescriptorUseCase	executeOldDescriptor	()Ljava/lang/Object;	PROJECT	1	1	0	com.acme.benchmark.FieldDescriptorUseCase#executeOldDescriptor()Ljava/lang/Object;@PROJECT|context=Everywhere|nodeId=9|walaSynthetic=false|sentinelRole=NONE				false	UNAVAILABLE		AVAILABLE	af37a30437632dca7b256fd0a4edeac72b2657ed1d322a0f50ec55de3afd1e9e
optimized-0-1-cfa	ONE_FLOW_TO_CASTS_APPLICATION_GET_METHOD	com.acme.benchmark:impact-medium-app:jar@	CALLER	RELATED_IMETHOD	1	0	com.ibm.wala.FakeRootClass#fakeRootMethod()V@SYNTHETIC|context=Everywhere|nodeId=0|walaSynthetic=true|sentinelRole=FAKE_ROOT	Everywhere	true	FAKE_ROOT	com.ibm.wala.FakeRootClass#fakeRootMethod()V@SYNTHETIC	com.ibm.wala.FakeRootClass	fakeRootMethod	()V	SYNTHETIC	14	14	14	8	com.acme.benchmark.RemovedClassUseCase#<init>()V@PROJECT	com.acme.benchmark.RemovedClassUseCase	<init>	()V	PROJECT	1	1	0	com.acme.benchmark.RemovedClassUseCase#<init>()V@PROJECT|context=Everywhere|nodeId=10|walaSynthetic=false|sentinelRole=NONE				false	UNAVAILABLE		AVAILABLE	af37a30437632dca7b256fd0a4edeac72b2657ed1d322a0f50ec55de3afd1e9e
optimized-0-1-cfa	ONE_FLOW_TO_CASTS_APPLICATION_GET_METHOD	com.acme.benchmark:impact-medium-app:jar@	CALLER	RELATED_IMETHOD	1	0	com.ibm.wala.FakeRootClass#fakeRootMethod()V@SYNTHETIC|context=Everywhere|nodeId=0|walaSynthetic=true|sentinelRole=FAKE_ROOT	Everywhere	true	FAKE_ROOT	com.ibm.wala.FakeRootClass#fakeRootMethod()V@SYNTHETIC	com.ibm.wala.FakeRootClass	fakeRootMethod	()V	SYNTHETIC	14	14	14	9	com.acme.benchmark.RemovedClassUseCase#execute()Ljava/lang/Object;@PROJECT	com.acme.benchmark.RemovedClassUseCase	execute	()Ljava/lang/Object;	PROJECT	1	1	0	com.acme.benchmark.RemovedClassUseCase#execute()Ljava/lang/Object;@PROJECT|context=Everywhere|nodeId=11|walaSynthetic=false|sentinelRole=NONE				false	UNAVAILABLE		AVAILABLE	af37a30437632dca7b256fd0a4edeac72b2657ed1d322a0f50ec55de3afd1e9e
optimized-0-1-cfa	ONE_FLOW_TO_CASTS_APPLICATION_GET_METHOD	com.acme.benchmark:impact-medium-app:jar@	CALLER	RELATED_IMETHOD	1	0	com.ibm.wala.FakeRootClass#fakeRootMethod()V@SYNTHETIC|context=Everywhere|nodeId=0|walaSynthetic=true|sentinelRole=FAKE_ROOT	Everywhere	true	FAKE_ROOT	com.ibm.wala.FakeRootClass#fakeRootMethod()V@SYNTHETIC	com.ibm.wala.FakeRootClass	fakeRootMethod	()V	SYNTHETIC	14	14	14	10	com.acme.benchmark.RemovedFieldUseCase#<init>()V@PROJECT	com.acme.benchmark.RemovedFieldUseCase	<init>	()V	PROJECT	1	1	0	com.acme.benchmark.RemovedFieldUseCase#<init>()V@PROJECT|context=Everywhere|nodeId=12|walaSynthetic=false|sentinelRole=NONE				false	UNAVAILABLE		AVAILABLE	af37a30437632dca7b256fd0a4edeac72b2657ed1d322a0f50ec55de3afd1e9e
optimized-0-1-cfa	ONE_FLOW_TO_CASTS_APPLICATION_GET_METHOD	com.acme.benchmark:impact-medium-app:jar@	CALLER	REACHABILITY_PATH	1	0	com.ibm.wala.FakeRootClass#fakeRootMethod()V@SYNTHETIC|context=Everywhere|nodeId=0|walaSynthetic=true|sentinelRole=FAKE_ROOT	Everywhere	true	FAKE_ROOT	com.ibm.wala.FakeRootClass#fakeRootMethod()V@SYNTHETIC	com.ibm.wala.FakeRootClass	fakeRootMethod	()V	SYNTHETIC	14	14	14											FAKE_ROOT	com.ibm.wala.FakeRootClass#fakeRootMethod()V@SYNTHETIC|context=Everywhere|nodeId=0|walaSynthetic=true|sentinelRole=FAKE_ROOT	[FAKE_ROOT] com.ibm.wala.FakeRootClass#fakeRootMethod()V@SYNTHETIC|context=Everywhere|nodeId=0|walaSynthetic=true|sentinelRole=FAKE_ROOT	false	UNAVAILABLE		AVAILABLE	af37a30437632dca7b256fd0a4edeac72b2657ed1d322a0f50ec55de3afd1e9e
optimized-0-1-cfa	ONE_FLOW_TO_CASTS_APPLICATION_GET_METHOD	com.acme.benchmark:impact-medium-app:jar@	CALLER	RANKED_CGNODE	2	4	com.acme.benchmark.BodyChangeUseCase#execute()I@PROJECT|context=Everywhere|nodeId=4|walaSynthetic=false|sentinelRole=NONE	Everywhere	false	NONE	com.acme.benchmark.BodyChangeUseCase#execute()I@PROJECT	com.acme.benchmark.BodyChangeUseCase	execute	()I	PROJECT	2	2	2														false	DECOMPILED	976fa70e0d77d42f5dde70aa50f884a4000c7eb42b31b8771111677b9e004b3f	AVAILABLE	eecfec8ef0625d74db2ace2d3ae19be08a00343c7b38bb026ab445c2fe638b81
optimized-0-1-cfa	ONE_FLOW_TO_CASTS_APPLICATION_GET_METHOD	com.acme.benchmark:impact-medium-app:jar@	CALLER	RELATED_IMETHOD	2	4	com.acme.benchmark.BodyChangeUseCase#execute()I@PROJECT|context=Everywhere|nodeId=4|walaSynthetic=false|sentinelRole=NONE	Everywhere	false	NONE	com.acme.benchmark.BodyChangeUseCase#execute()I@PROJECT	com.acme.benchmark.BodyChangeUseCase	execute	()I	PROJECT	2	2	2	1	com.acme.impact.api.ScenarioApi#<init>()V@DEPENDENCY	com.acme.impact.api.ScenarioApi	<init>	()V	DEPENDENCY	1	1	0	com.acme.impact.api.ScenarioApi#<init>()V@DEPENDENCY|context=Everywhere|nodeId=18|walaSynthetic=false|sentinelRole=NONE				false	DECOMPILED	976fa70e0d77d42f5dde70aa50f884a4000c7eb42b31b8771111677b9e004b3f	AVAILABLE	eecfec8ef0625d74db2ace2d3ae19be08a00343c7b38bb026ab445c2fe638b81
optimized-0-1-cfa	ONE_FLOW_TO_CASTS_APPLICATION_GET_METHOD	com.acme.benchmark:impact-medium-app:jar@	CALLER	RELATED_IMETHOD	2	4	com.acme.benchmark.BodyChangeUseCase#execute()I@PROJECT|context=Everywhere|nodeId=4|walaSynthetic=false|sentinelRole=NONE	Everywhere	false	NONE	com.acme.benchmark.BodyChangeUseCase#execute()I@PROJECT	com.acme.benchmark.BodyChangeUseCase	execute	()I	PROJECT	2	2	2	2	com.acme.impact.api.ScenarioApi#bodyChanged(I)I@DEPENDENCY	com.acme.impact.api.ScenarioApi	bodyChanged	(I)I	DEPENDENCY	1	1	0	com.acme.impact.api.ScenarioApi#bodyChanged(I)I@DEPENDENCY|context=Everywhere|nodeId=19|walaSynthetic=false|sentinelRole=NONE				false	DECOMPILED	976fa70e0d77d42f5dde70aa50f884a4000c7eb42b31b8771111677b9e004b3f	AVAILABLE	eecfec8ef0625d74db2ace2d3ae19be08a00343c7b38bb026ab445c2fe638b81
optimized-0-1-cfa	ONE_FLOW_TO_CASTS_APPLICATION_GET_METHOD	com.acme.benchmark:impact-medium-app:jar@	CALLER	REACHABILITY_PATH	2	4	com.acme.benchmark.BodyChangeUseCase#execute()I@PROJECT|context=Everywhere|nodeId=4|walaSynthetic=false|sentinelRole=NONE	Everywhere	false	NONE	com.acme.benchmark.BodyChangeUseCase#execute()I@PROJECT	com.acme.benchmark.BodyChangeUseCase	execute	()I	PROJECT	2	2	2											DECLARED_ENTRYPOINT	com.acme.benchmark.BodyChangeUseCase#execute()I@PROJECT|context=Everywhere|nodeId=4|walaSynthetic=false|sentinelRole=NONE	com.acme.benchmark.BodyChangeUseCase#execute()I@PROJECT|context=Everywhere|nodeId=4|walaSynthetic=false|sentinelRole=NONE	false	DECOMPILED	976fa70e0d77d42f5dde70aa50f884a4000c7eb42b31b8771111677b9e004b3f	AVAILABLE	eecfec8ef0625d74db2ace2d3ae19be08a00343c7b38bb026ab445c2fe638b81
optimized-0-1-cfa	ONE_FLOW_TO_CASTS_APPLICATION_GET_METHOD	com.acme.benchmark:impact-medium-app:jar@	CALLER	REACHABILITY_PATH	2	4	com.acme.benchmark.BodyChangeUseCase#execute()I@PROJECT|context=Everywhere|nodeId=4|walaSynthetic=false|sentinelRole=NONE	Everywhere	false	NONE	com.acme.benchmark.BodyChangeUseCase#execute()I@PROJECT	com.acme.benchmark.BodyChangeUseCase	execute	()I	PROJECT	2	2	2											FAKE_ROOT	com.ibm.wala.FakeRootClass#fakeRootMethod()V@SYNTHETIC|context=Everywhere|nodeId=0|walaSynthetic=true|sentinelRole=FAKE_ROOT	[FAKE_ROOT] com.ibm.wala.FakeRootClass#fakeRootMethod()V@SYNTHETIC|context=Everywhere|nodeId=0|walaSynthetic=true|sentinelRole=FAKE_ROOT -> com.acme.benchmark.BodyChangeUseCase#execute()I@PROJECT|context=Everywhere|nodeId=4|walaSynthetic=false|sentinelRole=NONE	false	DECOMPILED	976fa70e0d77d42f5dde70aa50f884a4000c7eb42b31b8771111677b9e004b3f	AVAILABLE	eecfec8ef0625d74db2ace2d3ae19be08a00343c7b38bb026ab445c2fe638b81
optimized-0-1-cfa	ONE_FLOW_TO_CASTS_APPLICATION_GET_METHOD	com.acme.benchmark:impact-medium-app:jar@	CALLER	RANKED_CGNODE	3	6	com.acme.benchmark.DescriptorChangeUseCase#executeOldDescriptor()Ljava/lang/String;@PROJECT|context=Everywhere|nodeId=6|walaSynthetic=false|sentinelRole=NONE	Everywhere	false	NONE	com.acme.benchmark.DescriptorChangeUseCase#executeOldDescriptor()Ljava/lang/String;@PROJECT	com.acme.benchmark.DescriptorChangeUseCase	executeOldDescriptor	()Ljava/lang/String;	PROJECT	2	2	2														false	DECOMPILED	8e060f6feb0b883c9f36b83d36a32fb7d72a4c761ce8bd5accdfb8524055a0c3	AVAILABLE	4938cc5b9ba2464c73c4f56ea6b2880d53fe2c49717d9e7e3653ddefc822fae2
optimized-0-1-cfa	ONE_FLOW_TO_CASTS_APPLICATION_GET_METHOD	com.acme.benchmark:impact-medium-app:jar@	CALLER	RELATED_IMETHOD	3	6	com.acme.benchmark.DescriptorChangeUseCase#executeOldDescriptor()Ljava/lang/String;@PROJECT|context=Everywhere|nodeId=6|walaSynthetic=false|sentinelRole=NONE	Everywhere	false	NONE	com.acme.benchmark.DescriptorChangeUseCase#executeOldDescriptor()Ljava/lang/String;@PROJECT	com.acme.benchmark.DescriptorChangeUseCase	executeOldDescriptor	()Ljava/lang/String;	PROJECT	2	2	2	1	com.acme.impact.bridge.LegacyImpactBridge#<init>()V@DEPENDENCY	com.acme.impact.bridge.LegacyImpactBridge	<init>	()V	DEPENDENCY	1	1	0	com.acme.impact.bridge.LegacyImpactBridge#<init>()V@DEPENDENCY|context=Everywhere|nodeId=20|walaSynthetic=false|sentinelRole=NONE				false	DECOMPILED	8e060f6feb0b883c9f36b83d36a32fb7d72a4c761ce8bd5accdfb8524055a0c3	AVAILABLE	4938cc5b9ba2464c73c4f56ea6b2880d53fe2c49717d9e7e3653ddefc822fae2
optimized-0-1-cfa	ONE_FLOW_TO_CASTS_APPLICATION_GET_METHOD	com.acme.benchmark:impact-medium-app:jar@	CALLER	RELATED_IMETHOD	3	6	com.acme.benchmark.DescriptorChangeUseCase#executeOldDescriptor()Ljava/lang/String;@PROJECT|context=Everywhere|nodeId=6|walaSynthetic=false|sentinelRole=NONE	Everywhere	false	NONE	com.acme.benchmark.DescriptorChangeUseCase#executeOldDescriptor()Ljava/lang/String;@PROJECT	com.acme.benchmark.DescriptorChangeUseCase	executeOldDescriptor	()Ljava/lang/String;	PROJECT	2	2	2	2	com.acme.impact.bridge.LegacyImpactBridge#callOldDescriptor(Ljava/lang/String;)Ljava/lang/String;@DEPENDENCY	com.acme.impact.bridge.LegacyImpactBridge	callOldDescriptor	(Ljava/lang/String;)Ljava/lang/String;	DEPENDENCY	1	1	0	com.acme.impact.bridge.LegacyImpactBridge#callOldDescriptor(Ljava/lang/String;)Ljava/lang/String;@DEPENDENCY|context=Everywhere|nodeId=21|walaSynthetic=false|sentinelRole=NONE				false	DECOMPILED	8e060f6feb0b883c9f36b83d36a32fb7d72a4c761ce8bd5accdfb8524055a0c3	AVAILABLE	4938cc5b9ba2464c73c4f56ea6b2880d53fe2c49717d9e7e3653ddefc822fae2
optimized-0-1-cfa	ONE_FLOW_TO_CASTS_APPLICATION_GET_METHOD	com.acme.benchmark:impact-medium-app:jar@	CALLER	REACHABILITY_PATH	3	6	com.acme.benchmark.DescriptorChangeUseCase#executeOldDescriptor()Ljava/lang/String;@PROJECT|context=Everywhere|nodeId=6|walaSynthetic=false|sentinelRole=NONE	Everywhere	false	NONE	com.acme.benchmark.DescriptorChangeUseCase#executeOldDescriptor()Ljava/lang/String;@PROJECT	com.acme.benchmark.DescriptorChangeUseCase	executeOldDescriptor	()Ljava/lang/String;	PROJECT	2	2	2											DECLARED_ENTRYPOINT	com.acme.benchmark.DescriptorChangeUseCase#executeOldDescriptor()Ljava/lang/String;@PROJECT|context=Everywhere|nodeId=6|walaSynthetic=false|sentinelRole=NONE	com.acme.benchmark.DescriptorChangeUseCase#executeOldDescriptor()Ljava/lang/String;@PROJECT|context=Everywhere|nodeId=6|walaSynthetic=false|sentinelRole=NONE	false	DECOMPILED	8e060f6feb0b883c9f36b83d36a32fb7d72a4c761ce8bd5accdfb8524055a0c3	AVAILABLE	4938cc5b9ba2464c73c4f56ea6b2880d53fe2c49717d9e7e3653ddefc822fae2
optimized-0-1-cfa	ONE_FLOW_TO_CASTS_APPLICATION_GET_METHOD	com.acme.benchmark:impact-medium-app:jar@	CALLER	REACHABILITY_PATH	3	6	com.acme.benchmark.DescriptorChangeUseCase#executeOldDescriptor()Ljava/lang/String;@PROJECT|context=Everywhere|nodeId=6|walaSynthetic=false|sentinelRole=NONE	Everywhere	false	NONE	com.acme.benchmark.DescriptorChangeUseCase#executeOldDescriptor()Ljava/lang/String;@PROJECT	com.acme.benchmark.DescriptorChangeUseCase	executeOldDescriptor	()Ljava/lang/String;	PROJECT	2	2	2											FAKE_ROOT	com.ibm.wala.FakeRootClass#fakeRootMethod()V@SYNTHETIC|context=Everywhere|nodeId=0|walaSynthetic=true|sentinelRole=FAKE_ROOT	[FAKE_ROOT] com.ibm.wala.FakeRootClass#fakeRootMethod()V@SYNTHETIC|context=Everywhere|nodeId=0|walaSynthetic=true|sentinelRole=FAKE_ROOT -> com.acme.benchmark.DescriptorChangeUseCase#executeOldDescriptor()Ljava/lang/String;@PROJECT|context=Everywhere|nodeId=6|walaSynthetic=false|sentinelRole=NONE	false	DECOMPILED	8e060f6feb0b883c9f36b83d36a32fb7d72a4c761ce8bd5accdfb8524055a0c3	AVAILABLE	4938cc5b9ba2464c73c4f56ea6b2880d53fe2c49717d9e7e3653ddefc822fae2
optimized-0-1-cfa	ONE_FLOW_TO_CASTS_APPLICATION_GET_METHOD	com.acme.benchmark:impact-medium-app:jar@	CALLER	RANKED_CGNODE	4	9	com.acme.benchmark.FieldDescriptorUseCase#executeOldDescriptor()Ljava/lang/Object;@PROJECT|context=Everywhere|nodeId=9|walaSynthetic=false|sentinelRole=NONE	Everywhere	false	NONE	com.acme.benchmark.FieldDescriptorUseCase#executeOldDescriptor()Ljava/lang/Object;@PROJECT	com.acme.benchmark.FieldDescriptorUseCase	executeOldDescriptor	()Ljava/lang/Object;	PROJECT	2	2	2														false	DECOMPILED	d7c2f64cb9a685350fb19c0ba2e1fa3f0fc5c59c3d84543e1c72672583fda36d	AVAILABLE	d5689107c4902c27ab60489190fda9d547298754ffcd847a3d7a247927806956
optimized-0-1-cfa	ONE_FLOW_TO_CASTS_APPLICATION_GET_METHOD	com.acme.benchmark:impact-medium-app:jar@	CALLER	RELATED_IMETHOD	4	9	com.acme.benchmark.FieldDescriptorUseCase#executeOldDescriptor()Ljava/lang/Object;@PROJECT|context=Everywhere|nodeId=9|walaSynthetic=false|sentinelRole=NONE	Everywhere	false	NONE	com.acme.benchmark.FieldDescriptorUseCase#executeOldDescriptor()Ljava/lang/Object;@PROJECT	com.acme.benchmark.FieldDescriptorUseCase	executeOldDescriptor	()Ljava/lang/Object;	PROJECT	2	2	2	1	com.acme.impact.bridge.LegacyImpactBridge#<init>()V@DEPENDENCY	com.acme.impact.bridge.LegacyImpactBridge	<init>	()V	DEPENDENCY	1	1	0	com.acme.impact.bridge.LegacyImpactBridge#<init>()V@DEPENDENCY|context=Everywhere|nodeId=20|walaSynthetic=false|sentinelRole=NONE				false	DECOMPILED	d7c2f64cb9a685350fb19c0ba2e1fa3f0fc5c59c3d84543e1c72672583fda36d	AVAILABLE	d5689107c4902c27ab60489190fda9d547298754ffcd847a3d7a247927806956
optimized-0-1-cfa	ONE_FLOW_TO_CASTS_APPLICATION_GET_METHOD	com.acme.benchmark:impact-medium-app:jar@	CALLER	RELATED_IMETHOD	4	9	com.acme.benchmark.FieldDescriptorUseCase#executeOldDescriptor()Ljava/lang/Object;@PROJECT|context=Everywhere|nodeId=9|walaSynthetic=false|sentinelRole=NONE	Everywhere	false	NONE	com.acme.benchmark.FieldDescriptorUseCase#executeOldDescriptor()Ljava/lang/Object;@PROJECT	com.acme.benchmark.FieldDescriptorUseCase	executeOldDescriptor	()Ljava/lang/Object;	PROJECT	2	2	2	2	com.acme.impact.bridge.LegacyImpactBridge#readOldDescriptorField()Ljava/lang/Object;@DEPENDENCY	com.acme.impact.bridge.LegacyImpactBridge	readOldDescriptorField	()Ljava/lang/Object;	DEPENDENCY	1	1	0	com.acme.impact.bridge.LegacyImpactBridge#readOldDescriptorField()Ljava/lang/Object;@DEPENDENCY|context=Everywhere|nodeId=22|walaSynthetic=false|sentinelRole=NONE				false	DECOMPILED	d7c2f64cb9a685350fb19c0ba2e1fa3f0fc5c59c3d84543e1c72672583fda36d	AVAILABLE	d5689107c4902c27ab60489190fda9d547298754ffcd847a3d7a247927806956
optimized-0-1-cfa	ONE_FLOW_TO_CASTS_APPLICATION_GET_METHOD	com.acme.benchmark:impact-medium-app:jar@	CALLER	REACHABILITY_PATH	4	9	com.acme.benchmark.FieldDescriptorUseCase#executeOldDescriptor()Ljava/lang/Object;@PROJECT|context=Everywhere|nodeId=9|walaSynthetic=false|sentinelRole=NONE	Everywhere	false	NONE	com.acme.benchmark.FieldDescriptorUseCase#executeOldDescriptor()Ljava/lang/Object;@PROJECT	com.acme.benchmark.FieldDescriptorUseCase	executeOldDescriptor	()Ljava/lang/Object;	PROJECT	2	2	2											DECLARED_ENTRYPOINT	com.acme.benchmark.FieldDescriptorUseCase#executeOldDescriptor()Ljava/lang/Object;@PROJECT|context=Everywhere|nodeId=9|walaSynthetic=false|sentinelRole=NONE	com.acme.benchmark.FieldDescriptorUseCase#executeOldDescriptor()Ljava/lang/Object;@PROJECT|context=Everywhere|nodeId=9|walaSynthetic=false|sentinelRole=NONE	false	DECOMPILED	d7c2f64cb9a685350fb19c0ba2e1fa3f0fc5c59c3d84543e1c72672583fda36d	AVAILABLE	d5689107c4902c27ab60489190fda9d547298754ffcd847a3d7a247927806956
optimized-0-1-cfa	ONE_FLOW_TO_CASTS_APPLICATION_GET_METHOD	com.acme.benchmark:impact-medium-app:jar@	CALLER	REACHABILITY_PATH	4	9	com.acme.benchmark.FieldDescriptorUseCase#executeOldDescriptor()Ljava/lang/Object;@PROJECT|context=Everywhere|nodeId=9|walaSynthetic=false|sentinelRole=NONE	Everywhere	false	NONE	com.acme.benchmark.FieldDescriptorUseCase#executeOldDescriptor()Ljava/lang/Object;@PROJECT	com.acme.benchmark.FieldDescriptorUseCase	executeOldDescriptor	()Ljava/lang/Object;	PROJECT	2	2	2											FAKE_ROOT	com.ibm.wala.FakeRootClass#fakeRootMethod()V@SYNTHETIC|context=Everywhere|nodeId=0|walaSynthetic=true|sentinelRole=FAKE_ROOT	[FAKE_ROOT] com.ibm.wala.FakeRootClass#fakeRootMethod()V@SYNTHETIC|context=Everywhere|nodeId=0|walaSynthetic=true|sentinelRole=FAKE_ROOT -> com.acme.benchmark.FieldDescriptorUseCase#executeOldDescriptor()Ljava/lang/Object;@PROJECT|context=Everywhere|nodeId=9|walaSynthetic=false|sentinelRole=NONE	false	DECOMPILED	d7c2f64cb9a685350fb19c0ba2e1fa3f0fc5c59c3d84543e1c72672583fda36d	AVAILABLE	d5689107c4902c27ab60489190fda9d547298754ffcd847a3d7a247927806956
optimized-0-1-cfa	ONE_FLOW_TO_CASTS_APPLICATION_GET_METHOD	com.acme.benchmark:impact-medium-app:jar@	CALLER	RANKED_CGNODE	5	11	com.acme.benchmark.RemovedClassUseCase#execute()Ljava/lang/Object;@PROJECT|context=Everywhere|nodeId=11|walaSynthetic=false|sentinelRole=NONE	Everywhere	false	NONE	com.acme.benchmark.RemovedClassUseCase#execute()Ljava/lang/Object;@PROJECT	com.acme.benchmark.RemovedClassUseCase	execute	()Ljava/lang/Object;	PROJECT	2	2	2														false	DECOMPILED	4ecb9e2fbbadb22873106ad60cd4c8de5f2d5cf6b4e92fae6be7f497955ed6ba	AVAILABLE	8ce0c0889c1db27baf8c5a5c5419765d3a11cac78f191cf5c6b03e46f71c680e
optimized-0-1-cfa	ONE_FLOW_TO_CASTS_APPLICATION_GET_METHOD	com.acme.benchmark:impact-medium-app:jar@	CALLER	RELATED_IMETHOD	5	11	com.acme.benchmark.RemovedClassUseCase#execute()Ljava/lang/Object;@PROJECT|context=Everywhere|nodeId=11|walaSynthetic=false|sentinelRole=NONE	Everywhere	false	NONE	com.acme.benchmark.RemovedClassUseCase#execute()Ljava/lang/Object;@PROJECT	com.acme.benchmark.RemovedClassUseCase	execute	()Ljava/lang/Object;	PROJECT	2	2	2	1	com.acme.impact.bridge.LegacyImpactBridge#<init>()V@DEPENDENCY	com.acme.impact.bridge.LegacyImpactBridge	<init>	()V	DEPENDENCY	1	1	0	com.acme.impact.bridge.LegacyImpactBridge#<init>()V@DEPENDENCY|context=Everywhere|nodeId=20|walaSynthetic=false|sentinelRole=NONE				false	DECOMPILED	4ecb9e2fbbadb22873106ad60cd4c8de5f2d5cf6b4e92fae6be7f497955ed6ba	AVAILABLE	8ce0c0889c1db27baf8c5a5c5419765d3a11cac78f191cf5c6b03e46f71c680e
optimized-0-1-cfa	ONE_FLOW_TO_CASTS_APPLICATION_GET_METHOD	com.acme.benchmark:impact-medium-app:jar@	CALLER	RELATED_IMETHOD	5	11	com.acme.benchmark.RemovedClassUseCase#execute()Ljava/lang/Object;@PROJECT|context=Everywhere|nodeId=11|walaSynthetic=false|sentinelRole=NONE	Everywhere	false	NONE	com.acme.benchmark.RemovedClassUseCase#execute()Ljava/lang/Object;@PROJECT	com.acme.benchmark.RemovedClassUseCase	execute	()Ljava/lang/Object;	PROJECT	2	2	2	2	com.acme.impact.bridge.LegacyImpactBridge#instantiateRemovedType()Ljava/lang/Object;@DEPENDENCY	com.acme.impact.bridge.LegacyImpactBridge	instantiateRemovedType	()Ljava/lang/Object;	DEPENDENCY	1	1	0	com.acme.impact.bridge.LegacyImpactBridge#instantiateRemovedType()Ljava/lang/Object;@DEPENDENCY|context=Everywhere|nodeId=23|walaSynthetic=false|sentinelRole=NONE				false	DECOMPILED	4ecb9e2fbbadb22873106ad60cd4c8de5f2d5cf6b4e92fae6be7f497955ed6ba	AVAILABLE	8ce0c0889c1db27baf8c5a5c5419765d3a11cac78f191cf5c6b03e46f71c680e
optimized-0-1-cfa	ONE_FLOW_TO_CASTS_APPLICATION_GET_METHOD	com.acme.benchmark:impact-medium-app:jar@	CALLER	REACHABILITY_PATH	5	11	com.acme.benchmark.RemovedClassUseCase#execute()Ljava/lang/Object;@PROJECT|context=Everywhere|nodeId=11|walaSynthetic=false|sentinelRole=NONE	Everywhere	false	NONE	com.acme.benchmark.RemovedClassUseCase#execute()Ljava/lang/Object;@PROJECT	com.acme.benchmark.RemovedClassUseCase	execute	()Ljava/lang/Object;	PROJECT	2	2	2											DECLARED_ENTRYPOINT	com.acme.benchmark.RemovedClassUseCase#execute()Ljava/lang/Object;@PROJECT|context=Everywhere|nodeId=11|walaSynthetic=false|sentinelRole=NONE	com.acme.benchmark.RemovedClassUseCase#execute()Ljava/lang/Object;@PROJECT|context=Everywhere|nodeId=11|walaSynthetic=false|sentinelRole=NONE	false	DECOMPILED	4ecb9e2fbbadb22873106ad60cd4c8de5f2d5cf6b4e92fae6be7f497955ed6ba	AVAILABLE	8ce0c0889c1db27baf8c5a5c5419765d3a11cac78f191cf5c6b03e46f71c680e
optimized-0-1-cfa	ONE_FLOW_TO_CASTS_APPLICATION_GET_METHOD	com.acme.benchmark:impact-medium-app:jar@	CALLER	REACHABILITY_PATH	5	11	com.acme.benchmark.RemovedClassUseCase#execute()Ljava/lang/Object;@PROJECT|context=Everywhere|nodeId=11|walaSynthetic=false|sentinelRole=NONE	Everywhere	false	NONE	com.acme.benchmark.RemovedClassUseCase#execute()Ljava/lang/Object;@PROJECT	com.acme.benchmark.RemovedClassUseCase	execute	()Ljava/lang/Object;	PROJECT	2	2	2											FAKE_ROOT	com.ibm.wala.FakeRootClass#fakeRootMethod()V@SYNTHETIC|context=Everywhere|nodeId=0|walaSynthetic=true|sentinelRole=FAKE_ROOT	[FAKE_ROOT] com.ibm.wala.FakeRootClass#fakeRootMethod()V@SYNTHETIC|context=Everywhere|nodeId=0|walaSynthetic=true|sentinelRole=FAKE_ROOT -> com.acme.benchmark.RemovedClassUseCase#execute()Ljava/lang/Object;@PROJECT|context=Everywhere|nodeId=11|walaSynthetic=false|sentinelRole=NONE	false	DECOMPILED	4ecb9e2fbbadb22873106ad60cd4c8de5f2d5cf6b4e92fae6be7f497955ed6ba	AVAILABLE	8ce0c0889c1db27baf8c5a5c5419765d3a11cac78f191cf5c6b03e46f71c680e
optimized-0-1-cfa	ONE_FLOW_TO_CASTS_APPLICATION_GET_METHOD	com.acme.benchmark:impact-medium-app:jar@	CALLER	RANKED_CGNODE	6	13	com.acme.benchmark.RemovedFieldUseCase#execute()I@PROJECT|context=Everywhere|nodeId=13|walaSynthetic=false|sentinelRole=NONE	Everywhere	false	NONE	com.acme.benchmark.RemovedFieldUseCase#execute()I@PROJECT	com.acme.benchmark.RemovedFieldUseCase	execute	()I	PROJECT	2	2	2														false	DECOMPILED	b1c7ec49c82319ad4c32c8383c9e561085651ebac97ad55b0a58c03d81348848	AVAILABLE	a1e60a8d13fb6a45feef3076412aee10d207e0d122d99b256cd2bcbb912e312d
optimized-0-1-cfa	ONE_FLOW_TO_CASTS_APPLICATION_GET_METHOD	com.acme.benchmark:impact-medium-app:jar@	CALLER	RELATED_IMETHOD	6	13	com.acme.benchmark.RemovedFieldUseCase#execute()I@PROJECT|context=Everywhere|nodeId=13|walaSynthetic=false|sentinelRole=NONE	Everywhere	false	NONE	com.acme.benchmark.RemovedFieldUseCase#execute()I@PROJECT	com.acme.benchmark.RemovedFieldUseCase	execute	()I	PROJECT	2	2	2	1	com.acme.impact.bridge.LegacyImpactBridge#<init>()V@DEPENDENCY	com.acme.impact.bridge.LegacyImpactBridge	<init>	()V	DEPENDENCY	1	1	0	com.acme.impact.bridge.LegacyImpactBridge#<init>()V@DEPENDENCY|context=Everywhere|nodeId=20|walaSynthetic=false|sentinelRole=NONE				false	DECOMPILED	b1c7ec49c82319ad4c32c8383c9e561085651ebac97ad55b0a58c03d81348848	AVAILABLE	a1e60a8d13fb6a45feef3076412aee10d207e0d122d99b256cd2bcbb912e312d
optimized-0-1-cfa	ONE_FLOW_TO_CASTS_APPLICATION_GET_METHOD	com.acme.benchmark:impact-medium-app:jar@	CALLER	RELATED_IMETHOD	6	13	com.acme.benchmark.RemovedFieldUseCase#execute()I@PROJECT|context=Everywhere|nodeId=13|walaSynthetic=false|sentinelRole=NONE	Everywhere	false	NONE	com.acme.benchmark.RemovedFieldUseCase#execute()I@PROJECT	com.acme.benchmark.RemovedFieldUseCase	execute	()I	PROJECT	2	2	2	2	com.acme.impact.bridge.LegacyImpactBridge#readRemovedField()I@DEPENDENCY	com.acme.impact.bridge.LegacyImpactBridge	readRemovedField	()I	DEPENDENCY	1	1	0	com.acme.impact.bridge.LegacyImpactBridge#readRemovedField()I@DEPENDENCY|context=Everywhere|nodeId=24|walaSynthetic=false|sentinelRole=NONE				false	DECOMPILED	b1c7ec49c82319ad4c32c8383c9e561085651ebac97ad55b0a58c03d81348848	AVAILABLE	a1e60a8d13fb6a45feef3076412aee10d207e0d122d99b256cd2bcbb912e312d
optimized-0-1-cfa	ONE_FLOW_TO_CASTS_APPLICATION_GET_METHOD	com.acme.benchmark:impact-medium-app:jar@	CALLER	REACHABILITY_PATH	6	13	com.acme.benchmark.RemovedFieldUseCase#execute()I@PROJECT|context=Everywhere|nodeId=13|walaSynthetic=false|sentinelRole=NONE	Everywhere	false	NONE	com.acme.benchmark.RemovedFieldUseCase#execute()I@PROJECT	com.acme.benchmark.RemovedFieldUseCase	execute	()I	PROJECT	2	2	2											DECLARED_ENTRYPOINT	com.acme.benchmark.RemovedFieldUseCase#execute()I@PROJECT|context=Everywhere|nodeId=13|walaSynthetic=false|sentinelRole=NONE	com.acme.benchmark.RemovedFieldUseCase#execute()I@PROJECT|context=Everywhere|nodeId=13|walaSynthetic=false|sentinelRole=NONE	false	DECOMPILED	b1c7ec49c82319ad4c32c8383c9e561085651ebac97ad55b0a58c03d81348848	AVAILABLE	a1e60a8d13fb6a45feef3076412aee10d207e0d122d99b256cd2bcbb912e312d
optimized-0-1-cfa	ONE_FLOW_TO_CASTS_APPLICATION_GET_METHOD	com.acme.benchmark:impact-medium-app:jar@	CALLER	REACHABILITY_PATH	6	13	com.acme.benchmark.RemovedFieldUseCase#execute()I@PROJECT|context=Everywhere|nodeId=13|walaSynthetic=false|sentinelRole=NONE	Everywhere	false	NONE	com.acme.benchmark.RemovedFieldUseCase#execute()I@PROJECT	com.acme.benchmark.RemovedFieldUseCase	execute	()I	PROJECT	2	2	2											FAKE_ROOT	com.ibm.wala.FakeRootClass#fakeRootMethod()V@SYNTHETIC|context=Everywhere|nodeId=0|walaSynthetic=true|sentinelRole=FAKE_ROOT	[FAKE_ROOT] com.ibm.wala.FakeRootClass#fakeRootMethod()V@SYNTHETIC|context=Everywhere|nodeId=0|walaSynthetic=true|sentinelRole=FAKE_ROOT -> com.acme.benchmark.RemovedFieldUseCase#execute()I@PROJECT|context=Everywhere|nodeId=13|walaSynthetic=false|sentinelRole=NONE	false	DECOMPILED	b1c7ec49c82319ad4c32c8383c9e561085651ebac97ad55b0a58c03d81348848	AVAILABLE	a1e60a8d13fb6a45feef3076412aee10d207e0d122d99b256cd2bcbb912e312d
optimized-0-1-cfa	ONE_FLOW_TO_CASTS_APPLICATION_GET_METHOD	com.acme.benchmark:impact-medium-app:jar@	CALLER	RANKED_CGNODE	7	15	com.acme.benchmark.RemovedMethodUseCase#execute()Ljava/lang/String;@PROJECT|context=Everywhere|nodeId=15|walaSynthetic=false|sentinelRole=NONE	Everywhere	false	NONE	com.acme.benchmark.RemovedMethodUseCase#execute()Ljava/lang/String;@PROJECT	com.acme.benchmark.RemovedMethodUseCase	execute	()Ljava/lang/String;	PROJECT	2	2	2														false	DECOMPILED	6ce939df4e9e55e8ec4b75b61fc770f0c7b43a80a1f15047b57a0617efc900e1	AVAILABLE	6da5a0c3547c5cda51c3cb288a6655ea495fc3a8303bdc0417918ad8240cda38
optimized-0-1-cfa	ONE_FLOW_TO_CASTS_APPLICATION_GET_METHOD	com.acme.benchmark:impact-medium-app:jar@	CALLER	RELATED_IMETHOD	7	15	com.acme.benchmark.RemovedMethodUseCase#execute()Ljava/lang/String;@PROJECT|context=Everywhere|nodeId=15|walaSynthetic=false|sentinelRole=NONE	Everywhere	false	NONE	com.acme.benchmark.RemovedMethodUseCase#execute()Ljava/lang/String;@PROJECT	com.acme.benchmark.RemovedMethodUseCase	execute	()Ljava/lang/String;	PROJECT	2	2	2	1	com.acme.impact.bridge.LegacyImpactBridge#<init>()V@DEPENDENCY	com.acme.impact.bridge.LegacyImpactBridge	<init>	()V	DEPENDENCY	1	1	0	com.acme.impact.bridge.LegacyImpactBridge#<init>()V@DEPENDENCY|context=Everywhere|nodeId=20|walaSynthetic=false|sentinelRole=NONE				false	DECOMPILED	6ce939df4e9e55e8ec4b75b61fc770f0c7b43a80a1f15047b57a0617efc900e1	AVAILABLE	6da5a0c3547c5cda51c3cb288a6655ea495fc3a8303bdc0417918ad8240cda38
optimized-0-1-cfa	ONE_FLOW_TO_CASTS_APPLICATION_GET_METHOD	com.acme.benchmark:impact-medium-app:jar@	CALLER	RELATED_IMETHOD	7	15	com.acme.benchmark.RemovedMethodUseCase#execute()Ljava/lang/String;@PROJECT|context=Everywhere|nodeId=15|walaSynthetic=false|sentinelRole=NONE	Everywhere	false	NONE	com.acme.benchmark.RemovedMethodUseCase#execute()Ljava/lang/String;@PROJECT	com.acme.benchmark.RemovedMethodUseCase	execute	()Ljava/lang/String;	PROJECT	2	2	2	2	com.acme.impact.bridge.LegacyImpactBridge#callRemovedMethod(Ljava/lang/String;)Ljava/lang/String;@DEPENDENCY	com.acme.impact.bridge.LegacyImpactBridge	callRemovedMethod	(Ljava/lang/String;)Ljava/lang/String;	DEPENDENCY	1	1	0	com.acme.impact.bridge.LegacyImpactBridge#callRemovedMethod(Ljava/lang/String;)Ljava/lang/String;@DEPENDENCY|context=Everywhere|nodeId=25|walaSynthetic=false|sentinelRole=NONE				false	DECOMPILED	6ce939df4e9e55e8ec4b75b61fc770f0c7b43a80a1f15047b57a0617efc900e1	AVAILABLE	6da5a0c3547c5cda51c3cb288a6655ea495fc3a8303bdc0417918ad8240cda38
optimized-0-1-cfa	ONE_FLOW_TO_CASTS_APPLICATION_GET_METHOD	com.acme.benchmark:impact-medium-app:jar@	CALLER	REACHABILITY_PATH	7	15	com.acme.benchmark.RemovedMethodUseCase#execute()Ljava/lang/String;@PROJECT|context=Everywhere|nodeId=15|walaSynthetic=false|sentinelRole=NONE	Everywhere	false	NONE	com.acme.benchmark.RemovedMethodUseCase#execute()Ljava/lang/String;@PROJECT	com.acme.benchmark.RemovedMethodUseCase	execute	()Ljava/lang/String;	PROJECT	2	2	2											DECLARED_ENTRYPOINT	com.acme.benchmark.RemovedMethodUseCase#execute()Ljava/lang/String;@PROJECT|context=Everywhere|nodeId=15|walaSynthetic=false|sentinelRole=NONE	com.acme.benchmark.RemovedMethodUseCase#execute()Ljava/lang/String;@PROJECT|context=Everywhere|nodeId=15|walaSynthetic=false|sentinelRole=NONE	false	DECOMPILED	6ce939df4e9e55e8ec4b75b61fc770f0c7b43a80a1f15047b57a0617efc900e1	AVAILABLE	6da5a0c3547c5cda51c3cb288a6655ea495fc3a8303bdc0417918ad8240cda38
optimized-0-1-cfa	ONE_FLOW_TO_CASTS_APPLICATION_GET_METHOD	com.acme.benchmark:impact-medium-app:jar@	CALLER	REACHABILITY_PATH	7	15	com.acme.benchmark.RemovedMethodUseCase#execute()Ljava/lang/String;@PROJECT|context=Everywhere|nodeId=15|walaSynthetic=false|sentinelRole=NONE	Everywhere	false	NONE	com.acme.benchmark.RemovedMethodUseCase#execute()Ljava/lang/String;@PROJECT	com.acme.benchmark.RemovedMethodUseCase	execute	()Ljava/lang/String;	PROJECT	2	2	2											FAKE_ROOT	com.ibm.wala.FakeRootClass#fakeRootMethod()V@SYNTHETIC|context=Everywhere|nodeId=0|walaSynthetic=true|sentinelRole=FAKE_ROOT	[FAKE_ROOT] com.ibm.wala.FakeRootClass#fakeRootMethod()V@SYNTHETIC|context=Everywhere|nodeId=0|walaSynthetic=true|sentinelRole=FAKE_ROOT -> com.acme.benchmark.RemovedMethodUseCase#execute()Ljava/lang/String;@PROJECT|context=Everywhere|nodeId=15|walaSynthetic=false|sentinelRole=NONE	false	DECOMPILED	6ce939df4e9e55e8ec4b75b61fc770f0c7b43a80a1f15047b57a0617efc900e1	AVAILABLE	6da5a0c3547c5cda51c3cb288a6655ea495fc3a8303bdc0417918ad8240cda38
optimized-0-1-cfa	ONE_FLOW_TO_CASTS_APPLICATION_GET_METHOD	com.acme.benchmark:impact-medium-app:jar@	CALLER	RANKED_CGNODE	8	3	com.acme.benchmark.BodyChangeUseCase#<init>()V@PROJECT|context=Everywhere|nodeId=3|walaSynthetic=false|sentinelRole=NONE	Everywhere	false	NONE	com.acme.benchmark.BodyChangeUseCase#<init>()V@PROJECT	com.acme.benchmark.BodyChangeUseCase	<init>	()V	PROJECT	1	1	1														false	DECOMPILED	9255dd542918690704f519ec3862f391c5501cd9aa839b69b244fa7c2fbb1487	AVAILABLE	6b00ba0ead62a88c40bf78103c719815311b25a58e066e69a13c3d408f3d18e6
optimized-0-1-cfa	ONE_FLOW_TO_CASTS_APPLICATION_GET_METHOD	com.acme.benchmark:impact-medium-app:jar@	CALLER	RELATED_IMETHOD	8	3	com.acme.benchmark.BodyChangeUseCase#<init>()V@PROJECT|context=Everywhere|nodeId=3|walaSynthetic=false|sentinelRole=NONE	Everywhere	false	NONE	com.acme.benchmark.BodyChangeUseCase#<init>()V@PROJECT	com.acme.benchmark.BodyChangeUseCase	<init>	()V	PROJECT	1	1	1	1	java.lang.Object#<init>()V@JDK	java.lang.Object	<init>	()V	JDK	1	1	0	java.lang.Object#<init>()V@JDK|context=Everywhere|nodeId=17|walaSynthetic=false|sentinelRole=NONE				false	DECOMPILED	9255dd542918690704f519ec3862f391c5501cd9aa839b69b244fa7c2fbb1487	AVAILABLE	6b00ba0ead62a88c40bf78103c719815311b25a58e066e69a13c3d408f3d18e6
optimized-0-1-cfa	ONE_FLOW_TO_CASTS_APPLICATION_GET_METHOD	com.acme.benchmark:impact-medium-app:jar@	CALLER	REACHABILITY_PATH	8	3	com.acme.benchmark.BodyChangeUseCase#<init>()V@PROJECT|context=Everywhere|nodeId=3|walaSynthetic=false|sentinelRole=NONE	Everywhere	false	NONE	com.acme.benchmark.BodyChangeUseCase#<init>()V@PROJECT	com.acme.benchmark.BodyChangeUseCase	<init>	()V	PROJECT	1	1	1											DECLARED_ENTRYPOINT	com.acme.benchmark.BodyChangeUseCase#<init>()V@PROJECT|context=Everywhere|nodeId=3|walaSynthetic=false|sentinelRole=NONE	com.acme.benchmark.BodyChangeUseCase#<init>()V@PROJECT|context=Everywhere|nodeId=3|walaSynthetic=false|sentinelRole=NONE	false	DECOMPILED	9255dd542918690704f519ec3862f391c5501cd9aa839b69b244fa7c2fbb1487	AVAILABLE	6b00ba0ead62a88c40bf78103c719815311b25a58e066e69a13c3d408f3d18e6
optimized-0-1-cfa	ONE_FLOW_TO_CASTS_APPLICATION_GET_METHOD	com.acme.benchmark:impact-medium-app:jar@	CALLER	REACHABILITY_PATH	8	3	com.acme.benchmark.BodyChangeUseCase#<init>()V@PROJECT|context=Everywhere|nodeId=3|walaSynthetic=false|sentinelRole=NONE	Everywhere	false	NONE	com.acme.benchmark.BodyChangeUseCase#<init>()V@PROJECT	com.acme.benchmark.BodyChangeUseCase	<init>	()V	PROJECT	1	1	1											FAKE_ROOT	com.ibm.wala.FakeRootClass#fakeRootMethod()V@SYNTHETIC|context=Everywhere|nodeId=0|walaSynthetic=true|sentinelRole=FAKE_ROOT	[FAKE_ROOT] com.ibm.wala.FakeRootClass#fakeRootMethod()V@SYNTHETIC|context=Everywhere|nodeId=0|walaSynthetic=true|sentinelRole=FAKE_ROOT -> com.acme.benchmark.BodyChangeUseCase#<init>()V@PROJECT|context=Everywhere|nodeId=3|walaSynthetic=false|sentinelRole=NONE	false	DECOMPILED	9255dd542918690704f519ec3862f391c5501cd9aa839b69b244fa7c2fbb1487	AVAILABLE	6b00ba0ead62a88c40bf78103c719815311b25a58e066e69a13c3d408f3d18e6
optimized-0-1-cfa	ONE_FLOW_TO_CASTS_APPLICATION_GET_METHOD	com.acme.benchmark:impact-medium-app:jar@	CALLER	RANKED_CGNODE	9	5	com.acme.benchmark.DescriptorChangeUseCase#<init>()V@PROJECT|context=Everywhere|nodeId=5|walaSynthetic=false|sentinelRole=NONE	Everywhere	false	NONE	com.acme.benchmark.DescriptorChangeUseCase#<init>()V@PROJECT	com.acme.benchmark.DescriptorChangeUseCase	<init>	()V	PROJECT	1	1	1														false	DECOMPILED	cde8081c8a2fda08e8db17005f786ae17d07b9291b56adbacbf6005a230adcbf	AVAILABLE	96d8a3578959ef82230f6b7c054c4c113932bf27e55da24caf250eff6e8b6f66
optimized-0-1-cfa	ONE_FLOW_TO_CASTS_APPLICATION_GET_METHOD	com.acme.benchmark:impact-medium-app:jar@	CALLER	RELATED_IMETHOD	9	5	com.acme.benchmark.DescriptorChangeUseCase#<init>()V@PROJECT|context=Everywhere|nodeId=5|walaSynthetic=false|sentinelRole=NONE	Everywhere	false	NONE	com.acme.benchmark.DescriptorChangeUseCase#<init>()V@PROJECT	com.acme.benchmark.DescriptorChangeUseCase	<init>	()V	PROJECT	1	1	1	1	java.lang.Object#<init>()V@JDK	java.lang.Object	<init>	()V	JDK	1	1	0	java.lang.Object#<init>()V@JDK|context=Everywhere|nodeId=17|walaSynthetic=false|sentinelRole=NONE				false	DECOMPILED	cde8081c8a2fda08e8db17005f786ae17d07b9291b56adbacbf6005a230adcbf	AVAILABLE	96d8a3578959ef82230f6b7c054c4c113932bf27e55da24caf250eff6e8b6f66
optimized-0-1-cfa	ONE_FLOW_TO_CASTS_APPLICATION_GET_METHOD	com.acme.benchmark:impact-medium-app:jar@	CALLER	REACHABILITY_PATH	9	5	com.acme.benchmark.DescriptorChangeUseCase#<init>()V@PROJECT|context=Everywhere|nodeId=5|walaSynthetic=false|sentinelRole=NONE	Everywhere	false	NONE	com.acme.benchmark.DescriptorChangeUseCase#<init>()V@PROJECT	com.acme.benchmark.DescriptorChangeUseCase	<init>	()V	PROJECT	1	1	1											DECLARED_ENTRYPOINT	com.acme.benchmark.DescriptorChangeUseCase#<init>()V@PROJECT|context=Everywhere|nodeId=5|walaSynthetic=false|sentinelRole=NONE	com.acme.benchmark.DescriptorChangeUseCase#<init>()V@PROJECT|context=Everywhere|nodeId=5|walaSynthetic=false|sentinelRole=NONE	false	DECOMPILED	cde8081c8a2fda08e8db17005f786ae17d07b9291b56adbacbf6005a230adcbf	AVAILABLE	96d8a3578959ef82230f6b7c054c4c113932bf27e55da24caf250eff6e8b6f66
optimized-0-1-cfa	ONE_FLOW_TO_CASTS_APPLICATION_GET_METHOD	com.acme.benchmark:impact-medium-app:jar@	CALLER	REACHABILITY_PATH	9	5	com.acme.benchmark.DescriptorChangeUseCase#<init>()V@PROJECT|context=Everywhere|nodeId=5|walaSynthetic=false|sentinelRole=NONE	Everywhere	false	NONE	com.acme.benchmark.DescriptorChangeUseCase#<init>()V@PROJECT	com.acme.benchmark.DescriptorChangeUseCase	<init>	()V	PROJECT	1	1	1											FAKE_ROOT	com.ibm.wala.FakeRootClass#fakeRootMethod()V@SYNTHETIC|context=Everywhere|nodeId=0|walaSynthetic=true|sentinelRole=FAKE_ROOT	[FAKE_ROOT] com.ibm.wala.FakeRootClass#fakeRootMethod()V@SYNTHETIC|context=Everywhere|nodeId=0|walaSynthetic=true|sentinelRole=FAKE_ROOT -> com.acme.benchmark.DescriptorChangeUseCase#<init>()V@PROJECT|context=Everywhere|nodeId=5|walaSynthetic=false|sentinelRole=NONE	false	DECOMPILED	cde8081c8a2fda08e8db17005f786ae17d07b9291b56adbacbf6005a230adcbf	AVAILABLE	96d8a3578959ef82230f6b7c054c4c113932bf27e55da24caf250eff6e8b6f66
optimized-0-1-cfa	ONE_FLOW_TO_CASTS_APPLICATION_GET_METHOD	com.acme.benchmark:impact-medium-app:jar@	CALLER	RANKED_CGNODE	10	7	com.acme.benchmark.FieldDescriptorUseCase#<init>()V@PROJECT|context=Everywhere|nodeId=7|walaSynthetic=false|sentinelRole=NONE	Everywhere	false	NONE	com.acme.benchmark.FieldDescriptorUseCase#<init>()V@PROJECT	com.acme.benchmark.FieldDescriptorUseCase	<init>	()V	PROJECT	1	1	1														false	DECOMPILED	c507f326b66d27324dd649f1144c70b2215a34ecdce33d4ebbed09cd2a3664e7	AVAILABLE	714da0d60e4c3296090531b8c8ede07871c917ea6f33c0dd7fe6eabb594652a8
optimized-0-1-cfa	ONE_FLOW_TO_CASTS_APPLICATION_GET_METHOD	com.acme.benchmark:impact-medium-app:jar@	CALLER	RELATED_IMETHOD	10	7	com.acme.benchmark.FieldDescriptorUseCase#<init>()V@PROJECT|context=Everywhere|nodeId=7|walaSynthetic=false|sentinelRole=NONE	Everywhere	false	NONE	com.acme.benchmark.FieldDescriptorUseCase#<init>()V@PROJECT	com.acme.benchmark.FieldDescriptorUseCase	<init>	()V	PROJECT	1	1	1	1	java.lang.Object#<init>()V@JDK	java.lang.Object	<init>	()V	JDK	1	1	0	java.lang.Object#<init>()V@JDK|context=Everywhere|nodeId=17|walaSynthetic=false|sentinelRole=NONE				false	DECOMPILED	c507f326b66d27324dd649f1144c70b2215a34ecdce33d4ebbed09cd2a3664e7	AVAILABLE	714da0d60e4c3296090531b8c8ede07871c917ea6f33c0dd7fe6eabb594652a8
optimized-0-1-cfa	ONE_FLOW_TO_CASTS_APPLICATION_GET_METHOD	com.acme.benchmark:impact-medium-app:jar@	CALLER	REACHABILITY_PATH	10	7	com.acme.benchmark.FieldDescriptorUseCase#<init>()V@PROJECT|context=Everywhere|nodeId=7|walaSynthetic=false|sentinelRole=NONE	Everywhere	false	NONE	com.acme.benchmark.FieldDescriptorUseCase#<init>()V@PROJECT	com.acme.benchmark.FieldDescriptorUseCase	<init>	()V	PROJECT	1	1	1											DECLARED_ENTRYPOINT	com.acme.benchmark.FieldDescriptorUseCase#<init>()V@PROJECT|context=Everywhere|nodeId=7|walaSynthetic=false|sentinelRole=NONE	com.acme.benchmark.FieldDescriptorUseCase#<init>()V@PROJECT|context=Everywhere|nodeId=7|walaSynthetic=false|sentinelRole=NONE	false	DECOMPILED	c507f326b66d27324dd649f1144c70b2215a34ecdce33d4ebbed09cd2a3664e7	AVAILABLE	714da0d60e4c3296090531b8c8ede07871c917ea6f33c0dd7fe6eabb594652a8
optimized-0-1-cfa	ONE_FLOW_TO_CASTS_APPLICATION_GET_METHOD	com.acme.benchmark:impact-medium-app:jar@	CALLER	REACHABILITY_PATH	10	7	com.acme.benchmark.FieldDescriptorUseCase#<init>()V@PROJECT|context=Everywhere|nodeId=7|walaSynthetic=false|sentinelRole=NONE	Everywhere	false	NONE	com.acme.benchmark.FieldDescriptorUseCase#<init>()V@PROJECT	com.acme.benchmark.FieldDescriptorUseCase	<init>	()V	PROJECT	1	1	1											FAKE_ROOT	com.ibm.wala.FakeRootClass#fakeRootMethod()V@SYNTHETIC|context=Everywhere|nodeId=0|walaSynthetic=true|sentinelRole=FAKE_ROOT	[FAKE_ROOT] com.ibm.wala.FakeRootClass#fakeRootMethod()V@SYNTHETIC|context=Everywhere|nodeId=0|walaSynthetic=true|sentinelRole=FAKE_ROOT -> com.acme.benchmark.FieldDescriptorUseCase#<init>()V@PROJECT|context=Everywhere|nodeId=7|walaSynthetic=false|sentinelRole=NONE	false	DECOMPILED	c507f326b66d27324dd649f1144c70b2215a34ecdce33d4ebbed09cd2a3664e7	AVAILABLE	714da0d60e4c3296090531b8c8ede07871c917ea6f33c0dd7fe6eabb594652a8
optimized-0-1-cfa	ONE_FLOW_TO_CASTS_APPLICATION_GET_METHOD	com.acme.benchmark:impact-medium-app:jar@	CALLEE	RANKED_CGNODE	1	17	java.lang.Object#<init>()V@JDK|context=Everywhere|nodeId=17|walaSynthetic=false|sentinelRole=NONE	Everywhere	false	NONE	java.lang.Object#<init>()V@JDK	java.lang.Object	<init>	()V	JDK	8	8	8														false	DECOMPILED	7bba52985f2ab21a1318c6746875d79d0eb89ec487321971902c9e6b27ac4170	AVAILABLE	50f2ffa80a1eafa8c60e708ef31663bf8f2e1468a5604ee6f54f58d9bd468cd4
optimized-0-1-cfa	ONE_FLOW_TO_CASTS_APPLICATION_GET_METHOD	com.acme.benchmark:impact-medium-app:jar@	CALLEE	RELATED_IMETHOD	1	17	java.lang.Object#<init>()V@JDK|context=Everywhere|nodeId=17|walaSynthetic=false|sentinelRole=NONE	Everywhere	false	NONE	java.lang.Object#<init>()V@JDK	java.lang.Object	<init>	()V	JDK	8	8	8	1	com.acme.benchmark.BodyChangeUseCase#<init>()V@PROJECT	com.acme.benchmark.BodyChangeUseCase	<init>	()V	PROJECT	1	1	0	com.acme.benchmark.BodyChangeUseCase#<init>()V@PROJECT|context=Everywhere|nodeId=3|walaSynthetic=false|sentinelRole=NONE				false	DECOMPILED	7bba52985f2ab21a1318c6746875d79d0eb89ec487321971902c9e6b27ac4170	AVAILABLE	50f2ffa80a1eafa8c60e708ef31663bf8f2e1468a5604ee6f54f58d9bd468cd4
optimized-0-1-cfa	ONE_FLOW_TO_CASTS_APPLICATION_GET_METHOD	com.acme.benchmark:impact-medium-app:jar@	CALLEE	RELATED_IMETHOD	1	17	java.lang.Object#<init>()V@JDK|context=Everywhere|nodeId=17|walaSynthetic=false|sentinelRole=NONE	Everywhere	false	NONE	java.lang.Object#<init>()V@JDK	java.lang.Object	<init>	()V	JDK	8	8	8	2	com.acme.benchmark.DescriptorChangeUseCase#<init>()V@PROJECT	com.acme.benchmark.DescriptorChangeUseCase	<init>	()V	PROJECT	1	1	0	com.acme.benchmark.DescriptorChangeUseCase#<init>()V@PROJECT|context=Everywhere|nodeId=5|walaSynthetic=false|sentinelRole=NONE				false	DECOMPILED	7bba52985f2ab21a1318c6746875d79d0eb89ec487321971902c9e6b27ac4170	AVAILABLE	50f2ffa80a1eafa8c60e708ef31663bf8f2e1468a5604ee6f54f58d9bd468cd4
optimized-0-1-cfa	ONE_FLOW_TO_CASTS_APPLICATION_GET_METHOD	com.acme.benchmark:impact-medium-app:jar@	CALLEE	RELATED_IMETHOD	1	17	java.lang.Object#<init>()V@JDK|context=Everywhere|nodeId=17|walaSynthetic=false|sentinelRole=NONE	Everywhere	false	NONE	java.lang.Object#<init>()V@JDK	java.lang.Object	<init>	()V	JDK	8	8	8	3	com.acme.benchmark.FieldDescriptorUseCase#<init>()V@PROJECT	com.acme.benchmark.FieldDescriptorUseCase	<init>	()V	PROJECT	1	1	0	com.acme.benchmark.FieldDescriptorUseCase#<init>()V@PROJECT|context=Everywhere|nodeId=7|walaSynthetic=false|sentinelRole=NONE				false	DECOMPILED	7bba52985f2ab21a1318c6746875d79d0eb89ec487321971902c9e6b27ac4170	AVAILABLE	50f2ffa80a1eafa8c60e708ef31663bf8f2e1468a5604ee6f54f58d9bd468cd4
optimized-0-1-cfa	ONE_FLOW_TO_CASTS_APPLICATION_GET_METHOD	com.acme.benchmark:impact-medium-app:jar@	CALLEE	RELATED_IMETHOD	1	17	java.lang.Object#<init>()V@JDK|context=Everywhere|nodeId=17|walaSynthetic=false|sentinelRole=NONE	Everywhere	false	NONE	java.lang.Object#<init>()V@JDK	java.lang.Object	<init>	()V	JDK	8	8	8	4	com.acme.benchmark.RemovedClassUseCase#<init>()V@PROJECT	com.acme.benchmark.RemovedClassUseCase	<init>	()V	PROJECT	1	1	0	com.acme.benchmark.RemovedClassUseCase#<init>()V@PROJECT|context=Everywhere|nodeId=10|walaSynthetic=false|sentinelRole=NONE				false	DECOMPILED	7bba52985f2ab21a1318c6746875d79d0eb89ec487321971902c9e6b27ac4170	AVAILABLE	50f2ffa80a1eafa8c60e708ef31663bf8f2e1468a5604ee6f54f58d9bd468cd4
optimized-0-1-cfa	ONE_FLOW_TO_CASTS_APPLICATION_GET_METHOD	com.acme.benchmark:impact-medium-app:jar@	CALLEE	RELATED_IMETHOD	1	17	java.lang.Object#<init>()V@JDK|context=Everywhere|nodeId=17|walaSynthetic=false|sentinelRole=NONE	Everywhere	false	NONE	java.lang.Object#<init>()V@JDK	java.lang.Object	<init>	()V	JDK	8	8	8	5	com.acme.benchmark.RemovedFieldUseCase#<init>()V@PROJECT	com.acme.benchmark.RemovedFieldUseCase	<init>	()V	PROJECT	1	1	0	com.acme.benchmark.RemovedFieldUseCase#<init>()V@PROJECT|context=Everywhere|nodeId=12|walaSynthetic=false|sentinelRole=NONE				false	DECOMPILED	7bba52985f2ab21a1318c6746875d79d0eb89ec487321971902c9e6b27ac4170	AVAILABLE	50f2ffa80a1eafa8c60e708ef31663bf8f2e1468a5604ee6f54f58d9bd468cd4
optimized-0-1-cfa	ONE_FLOW_TO_CASTS_APPLICATION_GET_METHOD	com.acme.benchmark:impact-medium-app:jar@	CALLEE	RELATED_IMETHOD	1	17	java.lang.Object#<init>()V@JDK|context=Everywhere|nodeId=17|walaSynthetic=false|sentinelRole=NONE	Everywhere	false	NONE	java.lang.Object#<init>()V@JDK	java.lang.Object	<init>	()V	JDK	8	8	8	6	com.acme.benchmark.RemovedMethodUseCase#<init>()V@PROJECT	com.acme.benchmark.RemovedMethodUseCase	<init>	()V	PROJECT	1	1	0	com.acme.benchmark.RemovedMethodUseCase#<init>()V@PROJECT|context=Everywhere|nodeId=14|walaSynthetic=false|sentinelRole=NONE				false	DECOMPILED	7bba52985f2ab21a1318c6746875d79d0eb89ec487321971902c9e6b27ac4170	AVAILABLE	50f2ffa80a1eafa8c60e708ef31663bf8f2e1468a5604ee6f54f58d9bd468cd4
optimized-0-1-cfa	ONE_FLOW_TO_CASTS_APPLICATION_GET_METHOD	com.acme.benchmark:impact-medium-app:jar@	CALLEE	RELATED_IMETHOD	1	17	java.lang.Object#<init>()V@JDK|context=Everywhere|nodeId=17|walaSynthetic=false|sentinelRole=NONE	Everywhere	false	NONE	java.lang.Object#<init>()V@JDK	java.lang.Object	<init>	()V	JDK	8	8	8	7	com.acme.impact.api.ScenarioApi#<init>()V@DEPENDENCY	com.acme.impact.api.ScenarioApi	<init>	()V	DEPENDENCY	1	1	0	com.acme.impact.api.ScenarioApi#<init>()V@DEPENDENCY|context=Everywhere|nodeId=18|walaSynthetic=false|sentinelRole=NONE				false	DECOMPILED	7bba52985f2ab21a1318c6746875d79d0eb89ec487321971902c9e6b27ac4170	AVAILABLE	50f2ffa80a1eafa8c60e708ef31663bf8f2e1468a5604ee6f54f58d9bd468cd4
optimized-0-1-cfa	ONE_FLOW_TO_CASTS_APPLICATION_GET_METHOD	com.acme.benchmark:impact-medium-app:jar@	CALLEE	RELATED_IMETHOD	1	17	java.lang.Object#<init>()V@JDK|context=Everywhere|nodeId=17|walaSynthetic=false|sentinelRole=NONE	Everywhere	false	NONE	java.lang.Object#<init>()V@JDK	java.lang.Object	<init>	()V	JDK	8	8	8	8	com.acme.impact.bridge.LegacyImpactBridge#<init>()V@DEPENDENCY	com.acme.impact.bridge.LegacyImpactBridge	<init>	()V	DEPENDENCY	1	1	0	com.acme.impact.bridge.LegacyImpactBridge#<init>()V@DEPENDENCY|context=Everywhere|nodeId=20|walaSynthetic=false|sentinelRole=NONE				false	DECOMPILED	7bba52985f2ab21a1318c6746875d79d0eb89ec487321971902c9e6b27ac4170	AVAILABLE	50f2ffa80a1eafa8c60e708ef31663bf8f2e1468a5604ee6f54f58d9bd468cd4
optimized-0-1-cfa	ONE_FLOW_TO_CASTS_APPLICATION_GET_METHOD	com.acme.benchmark:impact-medium-app:jar@	CALLEE	REACHABILITY_PATH	1	17	java.lang.Object#<init>()V@JDK|context=Everywhere|nodeId=17|walaSynthetic=false|sentinelRole=NONE	Everywhere	false	NONE	java.lang.Object#<init>()V@JDK	java.lang.Object	<init>	()V	JDK	8	8	8											DECLARED_ENTRYPOINT	com.acme.benchmark.BodyChangeUseCase#<init>()V@PROJECT|context=Everywhere|nodeId=3|walaSynthetic=false|sentinelRole=NONE	com.acme.benchmark.BodyChangeUseCase#<init>()V@PROJECT|context=Everywhere|nodeId=3|walaSynthetic=false|sentinelRole=NONE -> java.lang.Object#<init>()V@JDK|context=Everywhere|nodeId=17|walaSynthetic=false|sentinelRole=NONE	false	DECOMPILED	7bba52985f2ab21a1318c6746875d79d0eb89ec487321971902c9e6b27ac4170	AVAILABLE	50f2ffa80a1eafa8c60e708ef31663bf8f2e1468a5604ee6f54f58d9bd468cd4
optimized-0-1-cfa	ONE_FLOW_TO_CASTS_APPLICATION_GET_METHOD	com.acme.benchmark:impact-medium-app:jar@	CALLEE	REACHABILITY_PATH	1	17	java.lang.Object#<init>()V@JDK|context=Everywhere|nodeId=17|walaSynthetic=false|sentinelRole=NONE	Everywhere	false	NONE	java.lang.Object#<init>()V@JDK	java.lang.Object	<init>	()V	JDK	8	8	8											DECLARED_ENTRYPOINT	com.acme.benchmark.BodyChangeUseCase#execute()I@PROJECT|context=Everywhere|nodeId=4|walaSynthetic=false|sentinelRole=NONE	com.acme.benchmark.BodyChangeUseCase#execute()I@PROJECT|context=Everywhere|nodeId=4|walaSynthetic=false|sentinelRole=NONE -> com.acme.impact.api.ScenarioApi#<init>()V@DEPENDENCY|context=Everywhere|nodeId=18|walaSynthetic=false|sentinelRole=NONE -> java.lang.Object#<init>()V@JDK|context=Everywhere|nodeId=17|walaSynthetic=false|sentinelRole=NONE	false	DECOMPILED	7bba52985f2ab21a1318c6746875d79d0eb89ec487321971902c9e6b27ac4170	AVAILABLE	50f2ffa80a1eafa8c60e708ef31663bf8f2e1468a5604ee6f54f58d9bd468cd4
optimized-0-1-cfa	ONE_FLOW_TO_CASTS_APPLICATION_GET_METHOD	com.acme.benchmark:impact-medium-app:jar@	CALLEE	REACHABILITY_PATH	1	17	java.lang.Object#<init>()V@JDK|context=Everywhere|nodeId=17|walaSynthetic=false|sentinelRole=NONE	Everywhere	false	NONE	java.lang.Object#<init>()V@JDK	java.lang.Object	<init>	()V	JDK	8	8	8											DECLARED_ENTRYPOINT	com.acme.benchmark.DescriptorChangeUseCase#<init>()V@PROJECT|context=Everywhere|nodeId=5|walaSynthetic=false|sentinelRole=NONE	com.acme.benchmark.DescriptorChangeUseCase#<init>()V@PROJECT|context=Everywhere|nodeId=5|walaSynthetic=false|sentinelRole=NONE -> java.lang.Object#<init>()V@JDK|context=Everywhere|nodeId=17|walaSynthetic=false|sentinelRole=NONE	false	DECOMPILED	7bba52985f2ab21a1318c6746875d79d0eb89ec487321971902c9e6b27ac4170	AVAILABLE	50f2ffa80a1eafa8c60e708ef31663bf8f2e1468a5604ee6f54f58d9bd468cd4
optimized-0-1-cfa	ONE_FLOW_TO_CASTS_APPLICATION_GET_METHOD	com.acme.benchmark:impact-medium-app:jar@	CALLEE	REACHABILITY_PATH	1	17	java.lang.Object#<init>()V@JDK|context=Everywhere|nodeId=17|walaSynthetic=false|sentinelRole=NONE	Everywhere	false	NONE	java.lang.Object#<init>()V@JDK	java.lang.Object	<init>	()V	JDK	8	8	8											DECLARED_ENTRYPOINT	com.acme.benchmark.DescriptorChangeUseCase#executeOldDescriptor()Ljava/lang/String;@PROJECT|context=Everywhere|nodeId=6|walaSynthetic=false|sentinelRole=NONE	com.acme.benchmark.DescriptorChangeUseCase#executeOldDescriptor()Ljava/lang/String;@PROJECT|context=Everywhere|nodeId=6|walaSynthetic=false|sentinelRole=NONE -> com.acme.impact.bridge.LegacyImpactBridge#<init>()V@DEPENDENCY|context=Everywhere|nodeId=20|walaSynthetic=false|sentinelRole=NONE -> java.lang.Object#<init>()V@JDK|context=Everywhere|nodeId=17|walaSynthetic=false|sentinelRole=NONE	false	DECOMPILED	7bba52985f2ab21a1318c6746875d79d0eb89ec487321971902c9e6b27ac4170	AVAILABLE	50f2ffa80a1eafa8c60e708ef31663bf8f2e1468a5604ee6f54f58d9bd468cd4
optimized-0-1-cfa	ONE_FLOW_TO_CASTS_APPLICATION_GET_METHOD	com.acme.benchmark:impact-medium-app:jar@	CALLEE	REACHABILITY_PATH	1	17	java.lang.Object#<init>()V@JDK|context=Everywhere|nodeId=17|walaSynthetic=false|sentinelRole=NONE	Everywhere	false	NONE	java.lang.Object#<init>()V@JDK	java.lang.Object	<init>	()V	JDK	8	8	8											DECLARED_ENTRYPOINT	com.acme.benchmark.FieldDescriptorUseCase#<init>()V@PROJECT|context=Everywhere|nodeId=7|walaSynthetic=false|sentinelRole=NONE	com.acme.benchmark.FieldDescriptorUseCase#<init>()V@PROJECT|context=Everywhere|nodeId=7|walaSynthetic=false|sentinelRole=NONE -> java.lang.Object#<init>()V@JDK|context=Everywhere|nodeId=17|walaSynthetic=false|sentinelRole=NONE	false	DECOMPILED	7bba52985f2ab21a1318c6746875d79d0eb89ec487321971902c9e6b27ac4170	AVAILABLE	50f2ffa80a1eafa8c60e708ef31663bf8f2e1468a5604ee6f54f58d9bd468cd4
optimized-0-1-cfa	ONE_FLOW_TO_CASTS_APPLICATION_GET_METHOD	com.acme.benchmark:impact-medium-app:jar@	CALLEE	REACHABILITY_PATH	1	17	java.lang.Object#<init>()V@JDK|context=Everywhere|nodeId=17|walaSynthetic=false|sentinelRole=NONE	Everywhere	false	NONE	java.lang.Object#<init>()V@JDK	java.lang.Object	<init>	()V	JDK	8	8	8											DECLARED_ENTRYPOINT	com.acme.benchmark.FieldDescriptorUseCase#executeNewDescriptor()I@PROJECT|context=Everywhere|nodeId=8|walaSynthetic=false|sentinelRole=NONE	com.acme.benchmark.FieldDescriptorUseCase#executeNewDescriptor()I@PROJECT|context=Everywhere|nodeId=8|walaSynthetic=false|sentinelRole=NONE -> com.acme.impact.api.ScenarioApi#<init>()V@DEPENDENCY|context=Everywhere|nodeId=18|walaSynthetic=false|sentinelRole=NONE -> java.lang.Object#<init>()V@JDK|context=Everywhere|nodeId=17|walaSynthetic=false|sentinelRole=NONE	false	DECOMPILED	7bba52985f2ab21a1318c6746875d79d0eb89ec487321971902c9e6b27ac4170	AVAILABLE	50f2ffa80a1eafa8c60e708ef31663bf8f2e1468a5604ee6f54f58d9bd468cd4
optimized-0-1-cfa	ONE_FLOW_TO_CASTS_APPLICATION_GET_METHOD	com.acme.benchmark:impact-medium-app:jar@	CALLEE	REACHABILITY_PATH	1	17	java.lang.Object#<init>()V@JDK|context=Everywhere|nodeId=17|walaSynthetic=false|sentinelRole=NONE	Everywhere	false	NONE	java.lang.Object#<init>()V@JDK	java.lang.Object	<init>	()V	JDK	8	8	8											DECLARED_ENTRYPOINT	com.acme.benchmark.FieldDescriptorUseCase#executeOldDescriptor()Ljava/lang/Object;@PROJECT|context=Everywhere|nodeId=9|walaSynthetic=false|sentinelRole=NONE	com.acme.benchmark.FieldDescriptorUseCase#executeOldDescriptor()Ljava/lang/Object;@PROJECT|context=Everywhere|nodeId=9|walaSynthetic=false|sentinelRole=NONE -> com.acme.impact.bridge.LegacyImpactBridge#<init>()V@DEPENDENCY|context=Everywhere|nodeId=20|walaSynthetic=false|sentinelRole=NONE -> java.lang.Object#<init>()V@JDK|context=Everywhere|nodeId=17|walaSynthetic=false|sentinelRole=NONE	false	DECOMPILED	7bba52985f2ab21a1318c6746875d79d0eb89ec487321971902c9e6b27ac4170	AVAILABLE	50f2ffa80a1eafa8c60e708ef31663bf8f2e1468a5604ee6f54f58d9bd468cd4
optimized-0-1-cfa	ONE_FLOW_TO_CASTS_APPLICATION_GET_METHOD	com.acme.benchmark:impact-medium-app:jar@	CALLEE	REACHABILITY_PATH	1	17	java.lang.Object#<init>()V@JDK|context=Everywhere|nodeId=17|walaSynthetic=false|sentinelRole=NONE	Everywhere	false	NONE	java.lang.Object#<init>()V@JDK	java.lang.Object	<init>	()V	JDK	8	8	8											DECLARED_ENTRYPOINT	com.acme.benchmark.RemovedClassUseCase#<init>()V@PROJECT|context=Everywhere|nodeId=10|walaSynthetic=false|sentinelRole=NONE	com.acme.benchmark.RemovedClassUseCase#<init>()V@PROJECT|context=Everywhere|nodeId=10|walaSynthetic=false|sentinelRole=NONE -> java.lang.Object#<init>()V@JDK|context=Everywhere|nodeId=17|walaSynthetic=false|sentinelRole=NONE	false	DECOMPILED	7bba52985f2ab21a1318c6746875d79d0eb89ec487321971902c9e6b27ac4170	AVAILABLE	50f2ffa80a1eafa8c60e708ef31663bf8f2e1468a5604ee6f54f58d9bd468cd4
optimized-0-1-cfa	ONE_FLOW_TO_CASTS_APPLICATION_GET_METHOD	com.acme.benchmark:impact-medium-app:jar@	CALLEE	REACHABILITY_PATH	1	17	java.lang.Object#<init>()V@JDK|context=Everywhere|nodeId=17|walaSynthetic=false|sentinelRole=NONE	Everywhere	false	NONE	java.lang.Object#<init>()V@JDK	java.lang.Object	<init>	()V	JDK	8	8	8											DECLARED_ENTRYPOINT	com.acme.benchmark.RemovedClassUseCase#execute()Ljava/lang/Object;@PROJECT|context=Everywhere|nodeId=11|walaSynthetic=false|sentinelRole=NONE	com.acme.benchmark.RemovedClassUseCase#execute()Ljava/lang/Object;@PROJECT|context=Everywhere|nodeId=11|walaSynthetic=false|sentinelRole=NONE -> com.acme.impact.bridge.LegacyImpactBridge#<init>()V@DEPENDENCY|context=Everywhere|nodeId=20|walaSynthetic=false|sentinelRole=NONE -> java.lang.Object#<init>()V@JDK|context=Everywhere|nodeId=17|walaSynthetic=false|sentinelRole=NONE	false	DECOMPILED	7bba52985f2ab21a1318c6746875d79d0eb89ec487321971902c9e6b27ac4170	AVAILABLE	50f2ffa80a1eafa8c60e708ef31663bf8f2e1468a5604ee6f54f58d9bd468cd4
optimized-0-1-cfa	ONE_FLOW_TO_CASTS_APPLICATION_GET_METHOD	com.acme.benchmark:impact-medium-app:jar@	CALLEE	REACHABILITY_PATH	1	17	java.lang.Object#<init>()V@JDK|context=Everywhere|nodeId=17|walaSynthetic=false|sentinelRole=NONE	Everywhere	false	NONE	java.lang.Object#<init>()V@JDK	java.lang.Object	<init>	()V	JDK	8	8	8											DECLARED_ENTRYPOINT	com.acme.benchmark.RemovedFieldUseCase#<init>()V@PROJECT|context=Everywhere|nodeId=12|walaSynthetic=false|sentinelRole=NONE	com.acme.benchmark.RemovedFieldUseCase#<init>()V@PROJECT|context=Everywhere|nodeId=12|walaSynthetic=false|sentinelRole=NONE -> java.lang.Object#<init>()V@JDK|context=Everywhere|nodeId=17|walaSynthetic=false|sentinelRole=NONE	false	DECOMPILED	7bba52985f2ab21a1318c6746875d79d0eb89ec487321971902c9e6b27ac4170	AVAILABLE	50f2ffa80a1eafa8c60e708ef31663bf8f2e1468a5604ee6f54f58d9bd468cd4
optimized-0-1-cfa	ONE_FLOW_TO_CASTS_APPLICATION_GET_METHOD	com.acme.benchmark:impact-medium-app:jar@	CALLEE	REACHABILITY_PATH	1	17	java.lang.Object#<init>()V@JDK|context=Everywhere|nodeId=17|walaSynthetic=false|sentinelRole=NONE	Everywhere	false	NONE	java.lang.Object#<init>()V@JDK	java.lang.Object	<init>	()V	JDK	8	8	8											DECLARED_ENTRYPOINT	com.acme.benchmark.RemovedFieldUseCase#execute()I@PROJECT|context=Everywhere|nodeId=13|walaSynthetic=false|sentinelRole=NONE	com.acme.benchmark.RemovedFieldUseCase#execute()I@PROJECT|context=Everywhere|nodeId=13|walaSynthetic=false|sentinelRole=NONE -> com.acme.impact.bridge.LegacyImpactBridge#<init>()V@DEPENDENCY|context=Everywhere|nodeId=20|walaSynthetic=false|sentinelRole=NONE -> java.lang.Object#<init>()V@JDK|context=Everywhere|nodeId=17|walaSynthetic=false|sentinelRole=NONE	false	DECOMPILED	7bba52985f2ab21a1318c6746875d79d0eb89ec487321971902c9e6b27ac4170	AVAILABLE	50f2ffa80a1eafa8c60e708ef31663bf8f2e1468a5604ee6f54f58d9bd468cd4
optimized-0-1-cfa	ONE_FLOW_TO_CASTS_APPLICATION_GET_METHOD	com.acme.benchmark:impact-medium-app:jar@	CALLEE	REACHABILITY_PATH	1	17	java.lang.Object#<init>()V@JDK|context=Everywhere|nodeId=17|walaSynthetic=false|sentinelRole=NONE	Everywhere	false	NONE	java.lang.Object#<init>()V@JDK	java.lang.Object	<init>	()V	JDK	8	8	8											DECLARED_ENTRYPOINT	com.acme.benchmark.RemovedMethodUseCase#<init>()V@PROJECT|context=Everywhere|nodeId=14|walaSynthetic=false|sentinelRole=NONE	com.acme.benchmark.RemovedMethodUseCase#<init>()V@PROJECT|context=Everywhere|nodeId=14|walaSynthetic=false|sentinelRole=NONE -> java.lang.Object#<init>()V@JDK|context=Everywhere|nodeId=17|walaSynthetic=false|sentinelRole=NONE	false	DECOMPILED	7bba52985f2ab21a1318c6746875d79d0eb89ec487321971902c9e6b27ac4170	AVAILABLE	50f2ffa80a1eafa8c60e708ef31663bf8f2e1468a5604ee6f54f58d9bd468cd4
optimized-0-1-cfa	ONE_FLOW_TO_CASTS_APPLICATION_GET_METHOD	com.acme.benchmark:impact-medium-app:jar@	CALLEE	REACHABILITY_PATH	1	17	java.lang.Object#<init>()V@JDK|context=Everywhere|nodeId=17|walaSynthetic=false|sentinelRole=NONE	Everywhere	false	NONE	java.lang.Object#<init>()V@JDK	java.lang.Object	<init>	()V	JDK	8	8	8											DECLARED_ENTRYPOINT	com.acme.benchmark.RemovedMethodUseCase#execute()Ljava/lang/String;@PROJECT|context=Everywhere|nodeId=15|walaSynthetic=false|sentinelRole=NONE	com.acme.benchmark.RemovedMethodUseCase#execute()Ljava/lang/String;@PROJECT|context=Everywhere|nodeId=15|walaSynthetic=false|sentinelRole=NONE -> com.acme.impact.bridge.LegacyImpactBridge#<init>()V@DEPENDENCY|context=Everywhere|nodeId=20|walaSynthetic=false|sentinelRole=NONE -> java.lang.Object#<init>()V@JDK|context=Everywhere|nodeId=17|walaSynthetic=false|sentinelRole=NONE	false	DECOMPILED	7bba52985f2ab21a1318c6746875d79d0eb89ec487321971902c9e6b27ac4170	AVAILABLE	50f2ffa80a1eafa8c60e708ef31663bf8f2e1468a5604ee6f54f58d9bd468cd4
optimized-0-1-cfa	ONE_FLOW_TO_CASTS_APPLICATION_GET_METHOD	com.acme.benchmark:impact-medium-app:jar@	CALLEE	REACHABILITY_PATH	1	17	java.lang.Object#<init>()V@JDK|context=Everywhere|nodeId=17|walaSynthetic=false|sentinelRole=NONE	Everywhere	false	NONE	java.lang.Object#<init>()V@JDK	java.lang.Object	<init>	()V	JDK	8	8	8											FAKE_ROOT	com.ibm.wala.FakeRootClass#fakeRootMethod()V@SYNTHETIC|context=Everywhere|nodeId=0|walaSynthetic=true|sentinelRole=FAKE_ROOT	[FAKE_ROOT] com.ibm.wala.FakeRootClass#fakeRootMethod()V@SYNTHETIC|context=Everywhere|nodeId=0|walaSynthetic=true|sentinelRole=FAKE_ROOT -> com.acme.benchmark.BodyChangeUseCase#<init>()V@PROJECT|context=Everywhere|nodeId=3|walaSynthetic=false|sentinelRole=NONE -> java.lang.Object#<init>()V@JDK|context=Everywhere|nodeId=17|walaSynthetic=false|sentinelRole=NONE	false	DECOMPILED	7bba52985f2ab21a1318c6746875d79d0eb89ec487321971902c9e6b27ac4170	AVAILABLE	50f2ffa80a1eafa8c60e708ef31663bf8f2e1468a5604ee6f54f58d9bd468cd4
optimized-0-1-cfa	ONE_FLOW_TO_CASTS_APPLICATION_GET_METHOD	com.acme.benchmark:impact-medium-app:jar@	CALLEE	RANKED_CGNODE	2	18	com.acme.impact.api.ScenarioApi#<init>()V@DEPENDENCY|context=Everywhere|nodeId=18|walaSynthetic=false|sentinelRole=NONE	Everywhere	false	NONE	com.acme.impact.api.ScenarioApi#<init>()V@DEPENDENCY	com.acme.impact.api.ScenarioApi	<init>	()V	DEPENDENCY	6	6	6														false	DECOMPILED	8a339fb52b23d9458166c2f52fa757112d9dd336af788e31dfea13fb15397764	AVAILABLE	7aa3d1ea574486b0bccac06d1cfdc2a78af94bf5ea689a7cb530c365d8949cf5
optimized-0-1-cfa	ONE_FLOW_TO_CASTS_APPLICATION_GET_METHOD	com.acme.benchmark:impact-medium-app:jar@	CALLEE	RELATED_IMETHOD	2	18	com.acme.impact.api.ScenarioApi#<init>()V@DEPENDENCY|context=Everywhere|nodeId=18|walaSynthetic=false|sentinelRole=NONE	Everywhere	false	NONE	com.acme.impact.api.ScenarioApi#<init>()V@DEPENDENCY	com.acme.impact.api.ScenarioApi	<init>	()V	DEPENDENCY	6	6	6	1	com.acme.benchmark.BodyChangeUseCase#execute()I@PROJECT	com.acme.benchmark.BodyChangeUseCase	execute	()I	PROJECT	1	1	0	com.acme.benchmark.BodyChangeUseCase#execute()I@PROJECT|context=Everywhere|nodeId=4|walaSynthetic=false|sentinelRole=NONE				false	DECOMPILED	8a339fb52b23d9458166c2f52fa757112d9dd336af788e31dfea13fb15397764	AVAILABLE	7aa3d1ea574486b0bccac06d1cfdc2a78af94bf5ea689a7cb530c365d8949cf5
optimized-0-1-cfa	ONE_FLOW_TO_CASTS_APPLICATION_GET_METHOD	com.acme.benchmark:impact-medium-app:jar@	CALLEE	RELATED_IMETHOD	2	18	com.acme.impact.api.ScenarioApi#<init>()V@DEPENDENCY|context=Everywhere|nodeId=18|walaSynthetic=false|sentinelRole=NONE	Everywhere	false	NONE	com.acme.impact.api.ScenarioApi#<init>()V@DEPENDENCY	com.acme.impact.api.ScenarioApi	<init>	()V	DEPENDENCY	6	6	6	2	com.acme.benchmark.FieldDescriptorUseCase#executeNewDescriptor()I@PROJECT	com.acme.benchmark.FieldDescriptorUseCase	executeNewDescriptor	()I	PROJECT	1	1	0	com.acme.benchmark.FieldDescriptorUseCase#executeNewDescriptor()I@PROJECT|context=Everywhere|nodeId=8|walaSynthetic=false|sentinelRole=NONE				false	DECOMPILED	8a339fb52b23d9458166c2f52fa757112d9dd336af788e31dfea13fb15397764	AVAILABLE	7aa3d1ea574486b0bccac06d1cfdc2a78af94bf5ea689a7cb530c365d8949cf5
optimized-0-1-cfa	ONE_FLOW_TO_CASTS_APPLICATION_GET_METHOD	com.acme.benchmark:impact-medium-app:jar@	CALLEE	RELATED_IMETHOD	2	18	com.acme.impact.api.ScenarioApi#<init>()V@DEPENDENCY|context=Everywhere|nodeId=18|walaSynthetic=false|sentinelRole=NONE	Everywhere	false	NONE	com.acme.impact.api.ScenarioApi#<init>()V@DEPENDENCY	com.acme.impact.api.ScenarioApi	<init>	()V	DEPENDENCY	6	6	6	3	com.acme.impact.bridge.LegacyImpactBridge#callOldDescriptor(Ljava/lang/String;)Ljava/lang/String;@DEPENDENCY	com.acme.impact.bridge.LegacyImpactBridge	callOldDescriptor	(Ljava/lang/String;)Ljava/lang/String;	DEPENDENCY	1	1	0	com.acme.impact.bridge.LegacyImpactBridge#callOldDescriptor(Ljava/lang/String;)Ljava/lang/String;@DEPENDENCY|context=Everywhere|nodeId=21|walaSynthetic=false|sentinelRole=NONE				false	DECOMPILED	8a339fb52b23d9458166c2f52fa757112d9dd336af788e31dfea13fb15397764	AVAILABLE	7aa3d1ea574486b0bccac06d1cfdc2a78af94bf5ea689a7cb530c365d8949cf5
optimized-0-1-cfa	ONE_FLOW_TO_CASTS_APPLICATION_GET_METHOD	com.acme.benchmark:impact-medium-app:jar@	CALLEE	RELATED_IMETHOD	2	18	com.acme.impact.api.ScenarioApi#<init>()V@DEPENDENCY|context=Everywhere|nodeId=18|walaSynthetic=false|sentinelRole=NONE	Everywhere	false	NONE	com.acme.impact.api.ScenarioApi#<init>()V@DEPENDENCY	com.acme.impact.api.ScenarioApi	<init>	()V	DEPENDENCY	6	6	6	4	com.acme.impact.bridge.LegacyImpactBridge#callRemovedMethod(Ljava/lang/String;)Ljava/lang/String;@DEPENDENCY	com.acme.impact.bridge.LegacyImpactBridge	callRemovedMethod	(Ljava/lang/String;)Ljava/lang/String;	DEPENDENCY	1	1	0	com.acme.impact.bridge.LegacyImpactBridge#callRemovedMethod(Ljava/lang/String;)Ljava/lang/String;@DEPENDENCY|context=Everywhere|nodeId=25|walaSynthetic=false|sentinelRole=NONE				false	DECOMPILED	8a339fb52b23d9458166c2f52fa757112d9dd336af788e31dfea13fb15397764	AVAILABLE	7aa3d1ea574486b0bccac06d1cfdc2a78af94bf5ea689a7cb530c365d8949cf5
optimized-0-1-cfa	ONE_FLOW_TO_CASTS_APPLICATION_GET_METHOD	com.acme.benchmark:impact-medium-app:jar@	CALLEE	RELATED_IMETHOD	2	18	com.acme.impact.api.ScenarioApi#<init>()V@DEPENDENCY|context=Everywhere|nodeId=18|walaSynthetic=false|sentinelRole=NONE	Everywhere	false	NONE	com.acme.impact.api.ScenarioApi#<init>()V@DEPENDENCY	com.acme.impact.api.ScenarioApi	<init>	()V	DEPENDENCY	6	6	6	5	com.acme.impact.bridge.LegacyImpactBridge#readOldDescriptorField()Ljava/lang/Object;@DEPENDENCY	com.acme.impact.bridge.LegacyImpactBridge	readOldDescriptorField	()Ljava/lang/Object;	DEPENDENCY	1	1	0	com.acme.impact.bridge.LegacyImpactBridge#readOldDescriptorField()Ljava/lang/Object;@DEPENDENCY|context=Everywhere|nodeId=22|walaSynthetic=false|sentinelRole=NONE				false	DECOMPILED	8a339fb52b23d9458166c2f52fa757112d9dd336af788e31dfea13fb15397764	AVAILABLE	7aa3d1ea574486b0bccac06d1cfdc2a78af94bf5ea689a7cb530c365d8949cf5
optimized-0-1-cfa	ONE_FLOW_TO_CASTS_APPLICATION_GET_METHOD	com.acme.benchmark:impact-medium-app:jar@	CALLEE	RELATED_IMETHOD	2	18	com.acme.impact.api.ScenarioApi#<init>()V@DEPENDENCY|context=Everywhere|nodeId=18|walaSynthetic=false|sentinelRole=NONE	Everywhere	false	NONE	com.acme.impact.api.ScenarioApi#<init>()V@DEPENDENCY	com.acme.impact.api.ScenarioApi	<init>	()V	DEPENDENCY	6	6	6	6	com.acme.impact.bridge.LegacyImpactBridge#readRemovedField()I@DEPENDENCY	com.acme.impact.bridge.LegacyImpactBridge	readRemovedField	()I	DEPENDENCY	1	1	0	com.acme.impact.bridge.LegacyImpactBridge#readRemovedField()I@DEPENDENCY|context=Everywhere|nodeId=24|walaSynthetic=false|sentinelRole=NONE				false	DECOMPILED	8a339fb52b23d9458166c2f52fa757112d9dd336af788e31dfea13fb15397764	AVAILABLE	7aa3d1ea574486b0bccac06d1cfdc2a78af94bf5ea689a7cb530c365d8949cf5
optimized-0-1-cfa	ONE_FLOW_TO_CASTS_APPLICATION_GET_METHOD	com.acme.benchmark:impact-medium-app:jar@	CALLEE	REACHABILITY_PATH	2	18	com.acme.impact.api.ScenarioApi#<init>()V@DEPENDENCY|context=Everywhere|nodeId=18|walaSynthetic=false|sentinelRole=NONE	Everywhere	false	NONE	com.acme.impact.api.ScenarioApi#<init>()V@DEPENDENCY	com.acme.impact.api.ScenarioApi	<init>	()V	DEPENDENCY	6	6	6											DECLARED_ENTRYPOINT	com.acme.benchmark.BodyChangeUseCase#execute()I@PROJECT|context=Everywhere|nodeId=4|walaSynthetic=false|sentinelRole=NONE	com.acme.benchmark.BodyChangeUseCase#execute()I@PROJECT|context=Everywhere|nodeId=4|walaSynthetic=false|sentinelRole=NONE -> com.acme.impact.api.ScenarioApi#<init>()V@DEPENDENCY|context=Everywhere|nodeId=18|walaSynthetic=false|sentinelRole=NONE	false	DECOMPILED	8a339fb52b23d9458166c2f52fa757112d9dd336af788e31dfea13fb15397764	AVAILABLE	7aa3d1ea574486b0bccac06d1cfdc2a78af94bf5ea689a7cb530c365d8949cf5
optimized-0-1-cfa	ONE_FLOW_TO_CASTS_APPLICATION_GET_METHOD	com.acme.benchmark:impact-medium-app:jar@	CALLEE	REACHABILITY_PATH	2	18	com.acme.impact.api.ScenarioApi#<init>()V@DEPENDENCY|context=Everywhere|nodeId=18|walaSynthetic=false|sentinelRole=NONE	Everywhere	false	NONE	com.acme.impact.api.ScenarioApi#<init>()V@DEPENDENCY	com.acme.impact.api.ScenarioApi	<init>	()V	DEPENDENCY	6	6	6											DECLARED_ENTRYPOINT	com.acme.benchmark.DescriptorChangeUseCase#executeOldDescriptor()Ljava/lang/String;@PROJECT|context=Everywhere|nodeId=6|walaSynthetic=false|sentinelRole=NONE	com.acme.benchmark.DescriptorChangeUseCase#executeOldDescriptor()Ljava/lang/String;@PROJECT|context=Everywhere|nodeId=6|walaSynthetic=false|sentinelRole=NONE -> com.acme.impact.bridge.LegacyImpactBridge#callOldDescriptor(Ljava/lang/String;)Ljava/lang/String;@DEPENDENCY|context=Everywhere|nodeId=21|walaSynthetic=false|sentinelRole=NONE -> com.acme.impact.api.ScenarioApi#<init>()V@DEPENDENCY|context=Everywhere|nodeId=18|walaSynthetic=false|sentinelRole=NONE	false	DECOMPILED	8a339fb52b23d9458166c2f52fa757112d9dd336af788e31dfea13fb15397764	AVAILABLE	7aa3d1ea574486b0bccac06d1cfdc2a78af94bf5ea689a7cb530c365d8949cf5
optimized-0-1-cfa	ONE_FLOW_TO_CASTS_APPLICATION_GET_METHOD	com.acme.benchmark:impact-medium-app:jar@	CALLEE	REACHABILITY_PATH	2	18	com.acme.impact.api.ScenarioApi#<init>()V@DEPENDENCY|context=Everywhere|nodeId=18|walaSynthetic=false|sentinelRole=NONE	Everywhere	false	NONE	com.acme.impact.api.ScenarioApi#<init>()V@DEPENDENCY	com.acme.impact.api.ScenarioApi	<init>	()V	DEPENDENCY	6	6	6											DECLARED_ENTRYPOINT	com.acme.benchmark.FieldDescriptorUseCase#executeNewDescriptor()I@PROJECT|context=Everywhere|nodeId=8|walaSynthetic=false|sentinelRole=NONE	com.acme.benchmark.FieldDescriptorUseCase#executeNewDescriptor()I@PROJECT|context=Everywhere|nodeId=8|walaSynthetic=false|sentinelRole=NONE -> com.acme.impact.api.ScenarioApi#<init>()V@DEPENDENCY|context=Everywhere|nodeId=18|walaSynthetic=false|sentinelRole=NONE	false	DECOMPILED	8a339fb52b23d9458166c2f52fa757112d9dd336af788e31dfea13fb15397764	AVAILABLE	7aa3d1ea574486b0bccac06d1cfdc2a78af94bf5ea689a7cb530c365d8949cf5
optimized-0-1-cfa	ONE_FLOW_TO_CASTS_APPLICATION_GET_METHOD	com.acme.benchmark:impact-medium-app:jar@	CALLEE	REACHABILITY_PATH	2	18	com.acme.impact.api.ScenarioApi#<init>()V@DEPENDENCY|context=Everywhere|nodeId=18|walaSynthetic=false|sentinelRole=NONE	Everywhere	false	NONE	com.acme.impact.api.ScenarioApi#<init>()V@DEPENDENCY	com.acme.impact.api.ScenarioApi	<init>	()V	DEPENDENCY	6	6	6											DECLARED_ENTRYPOINT	com.acme.benchmark.FieldDescriptorUseCase#executeOldDescriptor()Ljava/lang/Object;@PROJECT|context=Everywhere|nodeId=9|walaSynthetic=false|sentinelRole=NONE	com.acme.benchmark.FieldDescriptorUseCase#executeOldDescriptor()Ljava/lang/Object;@PROJECT|context=Everywhere|nodeId=9|walaSynthetic=false|sentinelRole=NONE -> com.acme.impact.bridge.LegacyImpactBridge#readOldDescriptorField()Ljava/lang/Object;@DEPENDENCY|context=Everywhere|nodeId=22|walaSynthetic=false|sentinelRole=NONE -> com.acme.impact.api.ScenarioApi#<init>()V@DEPENDENCY|context=Everywhere|nodeId=18|walaSynthetic=false|sentinelRole=NONE	false	DECOMPILED	8a339fb52b23d9458166c2f52fa757112d9dd336af788e31dfea13fb15397764	AVAILABLE	7aa3d1ea574486b0bccac06d1cfdc2a78af94bf5ea689a7cb530c365d8949cf5
optimized-0-1-cfa	ONE_FLOW_TO_CASTS_APPLICATION_GET_METHOD	com.acme.benchmark:impact-medium-app:jar@	CALLEE	REACHABILITY_PATH	2	18	com.acme.impact.api.ScenarioApi#<init>()V@DEPENDENCY|context=Everywhere|nodeId=18|walaSynthetic=false|sentinelRole=NONE	Everywhere	false	NONE	com.acme.impact.api.ScenarioApi#<init>()V@DEPENDENCY	com.acme.impact.api.ScenarioApi	<init>	()V	DEPENDENCY	6	6	6											DECLARED_ENTRYPOINT	com.acme.benchmark.RemovedFieldUseCase#execute()I@PROJECT|context=Everywhere|nodeId=13|walaSynthetic=false|sentinelRole=NONE	com.acme.benchmark.RemovedFieldUseCase#execute()I@PROJECT|context=Everywhere|nodeId=13|walaSynthetic=false|sentinelRole=NONE -> com.acme.impact.bridge.LegacyImpactBridge#readRemovedField()I@DEPENDENCY|context=Everywhere|nodeId=24|walaSynthetic=false|sentinelRole=NONE -> com.acme.impact.api.ScenarioApi#<init>()V@DEPENDENCY|context=Everywhere|nodeId=18|walaSynthetic=false|sentinelRole=NONE	false	DECOMPILED	8a339fb52b23d9458166c2f52fa757112d9dd336af788e31dfea13fb15397764	AVAILABLE	7aa3d1ea574486b0bccac06d1cfdc2a78af94bf5ea689a7cb530c365d8949cf5
optimized-0-1-cfa	ONE_FLOW_TO_CASTS_APPLICATION_GET_METHOD	com.acme.benchmark:impact-medium-app:jar@	CALLEE	REACHABILITY_PATH	2	18	com.acme.impact.api.ScenarioApi#<init>()V@DEPENDENCY|context=Everywhere|nodeId=18|walaSynthetic=false|sentinelRole=NONE	Everywhere	false	NONE	com.acme.impact.api.ScenarioApi#<init>()V@DEPENDENCY	com.acme.impact.api.ScenarioApi	<init>	()V	DEPENDENCY	6	6	6											DECLARED_ENTRYPOINT	com.acme.benchmark.RemovedMethodUseCase#execute()Ljava/lang/String;@PROJECT|context=Everywhere|nodeId=15|walaSynthetic=false|sentinelRole=NONE	com.acme.benchmark.RemovedMethodUseCase#execute()Ljava/lang/String;@PROJECT|context=Everywhere|nodeId=15|walaSynthetic=false|sentinelRole=NONE -> com.acme.impact.bridge.LegacyImpactBridge#callRemovedMethod(Ljava/lang/String;)Ljava/lang/String;@DEPENDENCY|context=Everywhere|nodeId=25|walaSynthetic=false|sentinelRole=NONE -> com.acme.impact.api.ScenarioApi#<init>()V@DEPENDENCY|context=Everywhere|nodeId=18|walaSynthetic=false|sentinelRole=NONE	false	DECOMPILED	8a339fb52b23d9458166c2f52fa757112d9dd336af788e31dfea13fb15397764	AVAILABLE	7aa3d1ea574486b0bccac06d1cfdc2a78af94bf5ea689a7cb530c365d8949cf5
optimized-0-1-cfa	ONE_FLOW_TO_CASTS_APPLICATION_GET_METHOD	com.acme.benchmark:impact-medium-app:jar@	CALLEE	REACHABILITY_PATH	2	18	com.acme.impact.api.ScenarioApi#<init>()V@DEPENDENCY|context=Everywhere|nodeId=18|walaSynthetic=false|sentinelRole=NONE	Everywhere	false	NONE	com.acme.impact.api.ScenarioApi#<init>()V@DEPENDENCY	com.acme.impact.api.ScenarioApi	<init>	()V	DEPENDENCY	6	6	6											FAKE_ROOT	com.ibm.wala.FakeRootClass#fakeRootMethod()V@SYNTHETIC|context=Everywhere|nodeId=0|walaSynthetic=true|sentinelRole=FAKE_ROOT	[FAKE_ROOT] com.ibm.wala.FakeRootClass#fakeRootMethod()V@SYNTHETIC|context=Everywhere|nodeId=0|walaSynthetic=true|sentinelRole=FAKE_ROOT -> com.acme.benchmark.BodyChangeUseCase#execute()I@PROJECT|context=Everywhere|nodeId=4|walaSynthetic=false|sentinelRole=NONE -> com.acme.impact.api.ScenarioApi#<init>()V@DEPENDENCY|context=Everywhere|nodeId=18|walaSynthetic=false|sentinelRole=NONE	false	DECOMPILED	8a339fb52b23d9458166c2f52fa757112d9dd336af788e31dfea13fb15397764	AVAILABLE	7aa3d1ea574486b0bccac06d1cfdc2a78af94bf5ea689a7cb530c365d8949cf5
optimized-0-1-cfa	ONE_FLOW_TO_CASTS_APPLICATION_GET_METHOD	com.acme.benchmark:impact-medium-app:jar@	CALLEE	RANKED_CGNODE	3	20	com.acme.impact.bridge.LegacyImpactBridge#<init>()V@DEPENDENCY|context=Everywhere|nodeId=20|walaSynthetic=false|sentinelRole=NONE	Everywhere	false	NONE	com.acme.impact.bridge.LegacyImpactBridge#<init>()V@DEPENDENCY	com.acme.impact.bridge.LegacyImpactBridge	<init>	()V	DEPENDENCY	5	5	5														false	DECOMPILED	3b84288e202851198181d04826960c53ce12754611769a4afd25bc96a98a87ca	AVAILABLE	90bddd38b0586069b51a02a7b7a67febbb078fdd789ede9780c6f2a48da4448c
optimized-0-1-cfa	ONE_FLOW_TO_CASTS_APPLICATION_GET_METHOD	com.acme.benchmark:impact-medium-app:jar@	CALLEE	RELATED_IMETHOD	3	20	com.acme.impact.bridge.LegacyImpactBridge#<init>()V@DEPENDENCY|context=Everywhere|nodeId=20|walaSynthetic=false|sentinelRole=NONE	Everywhere	false	NONE	com.acme.impact.bridge.LegacyImpactBridge#<init>()V@DEPENDENCY	com.acme.impact.bridge.LegacyImpactBridge	<init>	()V	DEPENDENCY	5	5	5	1	com.acme.benchmark.DescriptorChangeUseCase#executeOldDescriptor()Ljava/lang/String;@PROJECT	com.acme.benchmark.DescriptorChangeUseCase	executeOldDescriptor	()Ljava/lang/String;	PROJECT	1	1	0	com.acme.benchmark.DescriptorChangeUseCase#executeOldDescriptor()Ljava/lang/String;@PROJECT|context=Everywhere|nodeId=6|walaSynthetic=false|sentinelRole=NONE				false	DECOMPILED	3b84288e202851198181d04826960c53ce12754611769a4afd25bc96a98a87ca	AVAILABLE	90bddd38b0586069b51a02a7b7a67febbb078fdd789ede9780c6f2a48da4448c
optimized-0-1-cfa	ONE_FLOW_TO_CASTS_APPLICATION_GET_METHOD	com.acme.benchmark:impact-medium-app:jar@	CALLEE	RELATED_IMETHOD	3	20	com.acme.impact.bridge.LegacyImpactBridge#<init>()V@DEPENDENCY|context=Everywhere|nodeId=20|walaSynthetic=false|sentinelRole=NONE	Everywhere	false	NONE	com.acme.impact.bridge.LegacyImpactBridge#<init>()V@DEPENDENCY	com.acme.impact.bridge.LegacyImpactBridge	<init>	()V	DEPENDENCY	5	5	5	2	com.acme.benchmark.FieldDescriptorUseCase#executeOldDescriptor()Ljava/lang/Object;@PROJECT	com.acme.benchmark.FieldDescriptorUseCase	executeOldDescriptor	()Ljava/lang/Object;	PROJECT	1	1	0	com.acme.benchmark.FieldDescriptorUseCase#executeOldDescriptor()Ljava/lang/Object;@PROJECT|context=Everywhere|nodeId=9|walaSynthetic=false|sentinelRole=NONE				false	DECOMPILED	3b84288e202851198181d04826960c53ce12754611769a4afd25bc96a98a87ca	AVAILABLE	90bddd38b0586069b51a02a7b7a67febbb078fdd789ede9780c6f2a48da4448c
optimized-0-1-cfa	ONE_FLOW_TO_CASTS_APPLICATION_GET_METHOD	com.acme.benchmark:impact-medium-app:jar@	CALLEE	RELATED_IMETHOD	3	20	com.acme.impact.bridge.LegacyImpactBridge#<init>()V@DEPENDENCY|context=Everywhere|nodeId=20|walaSynthetic=false|sentinelRole=NONE	Everywhere	false	NONE	com.acme.impact.bridge.LegacyImpactBridge#<init>()V@DEPENDENCY	com.acme.impact.bridge.LegacyImpactBridge	<init>	()V	DEPENDENCY	5	5	5	3	com.acme.benchmark.RemovedClassUseCase#execute()Ljava/lang/Object;@PROJECT	com.acme.benchmark.RemovedClassUseCase	execute	()Ljava/lang/Object;	PROJECT	1	1	0	com.acme.benchmark.RemovedClassUseCase#execute()Ljava/lang/Object;@PROJECT|context=Everywhere|nodeId=11|walaSynthetic=false|sentinelRole=NONE				false	DECOMPILED	3b84288e202851198181d04826960c53ce12754611769a4afd25bc96a98a87ca	AVAILABLE	90bddd38b0586069b51a02a7b7a67febbb078fdd789ede9780c6f2a48da4448c
optimized-0-1-cfa	ONE_FLOW_TO_CASTS_APPLICATION_GET_METHOD	com.acme.benchmark:impact-medium-app:jar@	CALLEE	RELATED_IMETHOD	3	20	com.acme.impact.bridge.LegacyImpactBridge#<init>()V@DEPENDENCY|context=Everywhere|nodeId=20|walaSynthetic=false|sentinelRole=NONE	Everywhere	false	NONE	com.acme.impact.bridge.LegacyImpactBridge#<init>()V@DEPENDENCY	com.acme.impact.bridge.LegacyImpactBridge	<init>	()V	DEPENDENCY	5	5	5	4	com.acme.benchmark.RemovedFieldUseCase#execute()I@PROJECT	com.acme.benchmark.RemovedFieldUseCase	execute	()I	PROJECT	1	1	0	com.acme.benchmark.RemovedFieldUseCase#execute()I@PROJECT|context=Everywhere|nodeId=13|walaSynthetic=false|sentinelRole=NONE				false	DECOMPILED	3b84288e202851198181d04826960c53ce12754611769a4afd25bc96a98a87ca	AVAILABLE	90bddd38b0586069b51a02a7b7a67febbb078fdd789ede9780c6f2a48da4448c
optimized-0-1-cfa	ONE_FLOW_TO_CASTS_APPLICATION_GET_METHOD	com.acme.benchmark:impact-medium-app:jar@	CALLEE	RELATED_IMETHOD	3	20	com.acme.impact.bridge.LegacyImpactBridge#<init>()V@DEPENDENCY|context=Everywhere|nodeId=20|walaSynthetic=false|sentinelRole=NONE	Everywhere	false	NONE	com.acme.impact.bridge.LegacyImpactBridge#<init>()V@DEPENDENCY	com.acme.impact.bridge.LegacyImpactBridge	<init>	()V	DEPENDENCY	5	5	5	5	com.acme.benchmark.RemovedMethodUseCase#execute()Ljava/lang/String;@PROJECT	com.acme.benchmark.RemovedMethodUseCase	execute	()Ljava/lang/String;	PROJECT	1	1	0	com.acme.benchmark.RemovedMethodUseCase#execute()Ljava/lang/String;@PROJECT|context=Everywhere|nodeId=15|walaSynthetic=false|sentinelRole=NONE				false	DECOMPILED	3b84288e202851198181d04826960c53ce12754611769a4afd25bc96a98a87ca	AVAILABLE	90bddd38b0586069b51a02a7b7a67febbb078fdd789ede9780c6f2a48da4448c
optimized-0-1-cfa	ONE_FLOW_TO_CASTS_APPLICATION_GET_METHOD	com.acme.benchmark:impact-medium-app:jar@	CALLEE	REACHABILITY_PATH	3	20	com.acme.impact.bridge.LegacyImpactBridge#<init>()V@DEPENDENCY|context=Everywhere|nodeId=20|walaSynthetic=false|sentinelRole=NONE	Everywhere	false	NONE	com.acme.impact.bridge.LegacyImpactBridge#<init>()V@DEPENDENCY	com.acme.impact.bridge.LegacyImpactBridge	<init>	()V	DEPENDENCY	5	5	5											DECLARED_ENTRYPOINT	com.acme.benchmark.DescriptorChangeUseCase#executeOldDescriptor()Ljava/lang/String;@PROJECT|context=Everywhere|nodeId=6|walaSynthetic=false|sentinelRole=NONE	com.acme.benchmark.DescriptorChangeUseCase#executeOldDescriptor()Ljava/lang/String;@PROJECT|context=Everywhere|nodeId=6|walaSynthetic=false|sentinelRole=NONE -> com.acme.impact.bridge.LegacyImpactBridge#<init>()V@DEPENDENCY|context=Everywhere|nodeId=20|walaSynthetic=false|sentinelRole=NONE	false	DECOMPILED	3b84288e202851198181d04826960c53ce12754611769a4afd25bc96a98a87ca	AVAILABLE	90bddd38b0586069b51a02a7b7a67febbb078fdd789ede9780c6f2a48da4448c
optimized-0-1-cfa	ONE_FLOW_TO_CASTS_APPLICATION_GET_METHOD	com.acme.benchmark:impact-medium-app:jar@	CALLEE	REACHABILITY_PATH	3	20	com.acme.impact.bridge.LegacyImpactBridge#<init>()V@DEPENDENCY|context=Everywhere|nodeId=20|walaSynthetic=false|sentinelRole=NONE	Everywhere	false	NONE	com.acme.impact.bridge.LegacyImpactBridge#<init>()V@DEPENDENCY	com.acme.impact.bridge.LegacyImpactBridge	<init>	()V	DEPENDENCY	5	5	5											DECLARED_ENTRYPOINT	com.acme.benchmark.FieldDescriptorUseCase#executeOldDescriptor()Ljava/lang/Object;@PROJECT|context=Everywhere|nodeId=9|walaSynthetic=false|sentinelRole=NONE	com.acme.benchmark.FieldDescriptorUseCase#executeOldDescriptor()Ljava/lang/Object;@PROJECT|context=Everywhere|nodeId=9|walaSynthetic=false|sentinelRole=NONE -> com.acme.impact.bridge.LegacyImpactBridge#<init>()V@DEPENDENCY|context=Everywhere|nodeId=20|walaSynthetic=false|sentinelRole=NONE	false	DECOMPILED	3b84288e202851198181d04826960c53ce12754611769a4afd25bc96a98a87ca	AVAILABLE	90bddd38b0586069b51a02a7b7a67febbb078fdd789ede9780c6f2a48da4448c
optimized-0-1-cfa	ONE_FLOW_TO_CASTS_APPLICATION_GET_METHOD	com.acme.benchmark:impact-medium-app:jar@	CALLEE	REACHABILITY_PATH	3	20	com.acme.impact.bridge.LegacyImpactBridge#<init>()V@DEPENDENCY|context=Everywhere|nodeId=20|walaSynthetic=false|sentinelRole=NONE	Everywhere	false	NONE	com.acme.impact.bridge.LegacyImpactBridge#<init>()V@DEPENDENCY	com.acme.impact.bridge.LegacyImpactBridge	<init>	()V	DEPENDENCY	5	5	5											DECLARED_ENTRYPOINT	com.acme.benchmark.RemovedClassUseCase#execute()Ljava/lang/Object;@PROJECT|context=Everywhere|nodeId=11|walaSynthetic=false|sentinelRole=NONE	com.acme.benchmark.RemovedClassUseCase#execute()Ljava/lang/Object;@PROJECT|context=Everywhere|nodeId=11|walaSynthetic=false|sentinelRole=NONE -> com.acme.impact.bridge.LegacyImpactBridge#<init>()V@DEPENDENCY|context=Everywhere|nodeId=20|walaSynthetic=false|sentinelRole=NONE	false	DECOMPILED	3b84288e202851198181d04826960c53ce12754611769a4afd25bc96a98a87ca	AVAILABLE	90bddd38b0586069b51a02a7b7a67febbb078fdd789ede9780c6f2a48da4448c
optimized-0-1-cfa	ONE_FLOW_TO_CASTS_APPLICATION_GET_METHOD	com.acme.benchmark:impact-medium-app:jar@	CALLEE	REACHABILITY_PATH	3	20	com.acme.impact.bridge.LegacyImpactBridge#<init>()V@DEPENDENCY|context=Everywhere|nodeId=20|walaSynthetic=false|sentinelRole=NONE	Everywhere	false	NONE	com.acme.impact.bridge.LegacyImpactBridge#<init>()V@DEPENDENCY	com.acme.impact.bridge.LegacyImpactBridge	<init>	()V	DEPENDENCY	5	5	5											DECLARED_ENTRYPOINT	com.acme.benchmark.RemovedFieldUseCase#execute()I@PROJECT|context=Everywhere|nodeId=13|walaSynthetic=false|sentinelRole=NONE	com.acme.benchmark.RemovedFieldUseCase#execute()I@PROJECT|context=Everywhere|nodeId=13|walaSynthetic=false|sentinelRole=NONE -> com.acme.impact.bridge.LegacyImpactBridge#<init>()V@DEPENDENCY|context=Everywhere|nodeId=20|walaSynthetic=false|sentinelRole=NONE	false	DECOMPILED	3b84288e202851198181d04826960c53ce12754611769a4afd25bc96a98a87ca	AVAILABLE	90bddd38b0586069b51a02a7b7a67febbb078fdd789ede9780c6f2a48da4448c
optimized-0-1-cfa	ONE_FLOW_TO_CASTS_APPLICATION_GET_METHOD	com.acme.benchmark:impact-medium-app:jar@	CALLEE	REACHABILITY_PATH	3	20	com.acme.impact.bridge.LegacyImpactBridge#<init>()V@DEPENDENCY|context=Everywhere|nodeId=20|walaSynthetic=false|sentinelRole=NONE	Everywhere	false	NONE	com.acme.impact.bridge.LegacyImpactBridge#<init>()V@DEPENDENCY	com.acme.impact.bridge.LegacyImpactBridge	<init>	()V	DEPENDENCY	5	5	5											DECLARED_ENTRYPOINT	com.acme.benchmark.RemovedMethodUseCase#execute()Ljava/lang/String;@PROJECT|context=Everywhere|nodeId=15|walaSynthetic=false|sentinelRole=NONE	com.acme.benchmark.RemovedMethodUseCase#execute()Ljava/lang/String;@PROJECT|context=Everywhere|nodeId=15|walaSynthetic=false|sentinelRole=NONE -> com.acme.impact.bridge.LegacyImpactBridge#<init>()V@DEPENDENCY|context=Everywhere|nodeId=20|walaSynthetic=false|sentinelRole=NONE	false	DECOMPILED	3b84288e202851198181d04826960c53ce12754611769a4afd25bc96a98a87ca	AVAILABLE	90bddd38b0586069b51a02a7b7a67febbb078fdd789ede9780c6f2a48da4448c
optimized-0-1-cfa	ONE_FLOW_TO_CASTS_APPLICATION_GET_METHOD	com.acme.benchmark:impact-medium-app:jar@	CALLEE	REACHABILITY_PATH	3	20	com.acme.impact.bridge.LegacyImpactBridge#<init>()V@DEPENDENCY|context=Everywhere|nodeId=20|walaSynthetic=false|sentinelRole=NONE	Everywhere	false	NONE	com.acme.impact.bridge.LegacyImpactBridge#<init>()V@DEPENDENCY	com.acme.impact.bridge.LegacyImpactBridge	<init>	()V	DEPENDENCY	5	5	5											FAKE_ROOT	com.ibm.wala.FakeRootClass#fakeRootMethod()V@SYNTHETIC|context=Everywhere|nodeId=0|walaSynthetic=true|sentinelRole=FAKE_ROOT	[FAKE_ROOT] com.ibm.wala.FakeRootClass#fakeRootMethod()V@SYNTHETIC|context=Everywhere|nodeId=0|walaSynthetic=true|sentinelRole=FAKE_ROOT -> com.acme.benchmark.DescriptorChangeUseCase#executeOldDescriptor()Ljava/lang/String;@PROJECT|context=Everywhere|nodeId=6|walaSynthetic=false|sentinelRole=NONE -> com.acme.impact.bridge.LegacyImpactBridge#<init>()V@DEPENDENCY|context=Everywhere|nodeId=20|walaSynthetic=false|sentinelRole=NONE	false	DECOMPILED	3b84288e202851198181d04826960c53ce12754611769a4afd25bc96a98a87ca	AVAILABLE	90bddd38b0586069b51a02a7b7a67febbb078fdd789ede9780c6f2a48da4448c
optimized-0-1-cfa	ONE_FLOW_TO_CASTS_APPLICATION_GET_METHOD	com.acme.benchmark:impact-medium-app:jar@	CALLEE	RANKED_CGNODE	4	3	com.acme.benchmark.BodyChangeUseCase#<init>()V@PROJECT|context=Everywhere|nodeId=3|walaSynthetic=false|sentinelRole=NONE	Everywhere	false	NONE	com.acme.benchmark.BodyChangeUseCase#<init>()V@PROJECT	com.acme.benchmark.BodyChangeUseCase	<init>	()V	PROJECT	1	1	1														false	DECOMPILED	9255dd542918690704f519ec3862f391c5501cd9aa839b69b244fa7c2fbb1487	AVAILABLE	6b00ba0ead62a88c40bf78103c719815311b25a58e066e69a13c3d408f3d18e6
optimized-0-1-cfa	ONE_FLOW_TO_CASTS_APPLICATION_GET_METHOD	com.acme.benchmark:impact-medium-app:jar@	CALLEE	RELATED_IMETHOD	4	3	com.acme.benchmark.BodyChangeUseCase#<init>()V@PROJECT|context=Everywhere|nodeId=3|walaSynthetic=false|sentinelRole=NONE	Everywhere	false	NONE	com.acme.benchmark.BodyChangeUseCase#<init>()V@PROJECT	com.acme.benchmark.BodyChangeUseCase	<init>	()V	PROJECT	1	1	1	1	com.ibm.wala.FakeRootClass#fakeRootMethod()V@SYNTHETIC	com.ibm.wala.FakeRootClass	fakeRootMethod	()V	SYNTHETIC	1	1	0	com.ibm.wala.FakeRootClass#fakeRootMethod()V@SYNTHETIC|context=Everywhere|nodeId=0|walaSynthetic=true|sentinelRole=FAKE_ROOT				false	DECOMPILED	9255dd542918690704f519ec3862f391c5501cd9aa839b69b244fa7c2fbb1487	AVAILABLE	6b00ba0ead62a88c40bf78103c719815311b25a58e066e69a13c3d408f3d18e6
optimized-0-1-cfa	ONE_FLOW_TO_CASTS_APPLICATION_GET_METHOD	com.acme.benchmark:impact-medium-app:jar@	CALLEE	REACHABILITY_PATH	4	3	com.acme.benchmark.BodyChangeUseCase#<init>()V@PROJECT|context=Everywhere|nodeId=3|walaSynthetic=false|sentinelRole=NONE	Everywhere	false	NONE	com.acme.benchmark.BodyChangeUseCase#<init>()V@PROJECT	com.acme.benchmark.BodyChangeUseCase	<init>	()V	PROJECT	1	1	1											DECLARED_ENTRYPOINT	com.acme.benchmark.BodyChangeUseCase#<init>()V@PROJECT|context=Everywhere|nodeId=3|walaSynthetic=false|sentinelRole=NONE	com.acme.benchmark.BodyChangeUseCase#<init>()V@PROJECT|context=Everywhere|nodeId=3|walaSynthetic=false|sentinelRole=NONE	false	DECOMPILED	9255dd542918690704f519ec3862f391c5501cd9aa839b69b244fa7c2fbb1487	AVAILABLE	6b00ba0ead62a88c40bf78103c719815311b25a58e066e69a13c3d408f3d18e6
optimized-0-1-cfa	ONE_FLOW_TO_CASTS_APPLICATION_GET_METHOD	com.acme.benchmark:impact-medium-app:jar@	CALLEE	REACHABILITY_PATH	4	3	com.acme.benchmark.BodyChangeUseCase#<init>()V@PROJECT|context=Everywhere|nodeId=3|walaSynthetic=false|sentinelRole=NONE	Everywhere	false	NONE	com.acme.benchmark.BodyChangeUseCase#<init>()V@PROJECT	com.acme.benchmark.BodyChangeUseCase	<init>	()V	PROJECT	1	1	1											FAKE_ROOT	com.ibm.wala.FakeRootClass#fakeRootMethod()V@SYNTHETIC|context=Everywhere|nodeId=0|walaSynthetic=true|sentinelRole=FAKE_ROOT	[FAKE_ROOT] com.ibm.wala.FakeRootClass#fakeRootMethod()V@SYNTHETIC|context=Everywhere|nodeId=0|walaSynthetic=true|sentinelRole=FAKE_ROOT -> com.acme.benchmark.BodyChangeUseCase#<init>()V@PROJECT|context=Everywhere|nodeId=3|walaSynthetic=false|sentinelRole=NONE	false	DECOMPILED	9255dd542918690704f519ec3862f391c5501cd9aa839b69b244fa7c2fbb1487	AVAILABLE	6b00ba0ead62a88c40bf78103c719815311b25a58e066e69a13c3d408f3d18e6
optimized-0-1-cfa	ONE_FLOW_TO_CASTS_APPLICATION_GET_METHOD	com.acme.benchmark:impact-medium-app:jar@	CALLEE	RANKED_CGNODE	5	4	com.acme.benchmark.BodyChangeUseCase#execute()I@PROJECT|context=Everywhere|nodeId=4|walaSynthetic=false|sentinelRole=NONE	Everywhere	false	NONE	com.acme.benchmark.BodyChangeUseCase#execute()I@PROJECT	com.acme.benchmark.BodyChangeUseCase	execute	()I	PROJECT	1	1	1														false	DECOMPILED	976fa70e0d77d42f5dde70aa50f884a4000c7eb42b31b8771111677b9e004b3f	AVAILABLE	eecfec8ef0625d74db2ace2d3ae19be08a00343c7b38bb026ab445c2fe638b81
optimized-0-1-cfa	ONE_FLOW_TO_CASTS_APPLICATION_GET_METHOD	com.acme.benchmark:impact-medium-app:jar@	CALLEE	RELATED_IMETHOD	5	4	com.acme.benchmark.BodyChangeUseCase#execute()I@PROJECT|context=Everywhere|nodeId=4|walaSynthetic=false|sentinelRole=NONE	Everywhere	false	NONE	com.acme.benchmark.BodyChangeUseCase#execute()I@PROJECT	com.acme.benchmark.BodyChangeUseCase	execute	()I	PROJECT	1	1	1	1	com.ibm.wala.FakeRootClass#fakeRootMethod()V@SYNTHETIC	com.ibm.wala.FakeRootClass	fakeRootMethod	()V	SYNTHETIC	1	1	0	com.ibm.wala.FakeRootClass#fakeRootMethod()V@SYNTHETIC|context=Everywhere|nodeId=0|walaSynthetic=true|sentinelRole=FAKE_ROOT				false	DECOMPILED	976fa70e0d77d42f5dde70aa50f884a4000c7eb42b31b8771111677b9e004b3f	AVAILABLE	eecfec8ef0625d74db2ace2d3ae19be08a00343c7b38bb026ab445c2fe638b81
optimized-0-1-cfa	ONE_FLOW_TO_CASTS_APPLICATION_GET_METHOD	com.acme.benchmark:impact-medium-app:jar@	CALLEE	REACHABILITY_PATH	5	4	com.acme.benchmark.BodyChangeUseCase#execute()I@PROJECT|context=Everywhere|nodeId=4|walaSynthetic=false|sentinelRole=NONE	Everywhere	false	NONE	com.acme.benchmark.BodyChangeUseCase#execute()I@PROJECT	com.acme.benchmark.BodyChangeUseCase	execute	()I	PROJECT	1	1	1											DECLARED_ENTRYPOINT	com.acme.benchmark.BodyChangeUseCase#execute()I@PROJECT|context=Everywhere|nodeId=4|walaSynthetic=false|sentinelRole=NONE	com.acme.benchmark.BodyChangeUseCase#execute()I@PROJECT|context=Everywhere|nodeId=4|walaSynthetic=false|sentinelRole=NONE	false	DECOMPILED	976fa70e0d77d42f5dde70aa50f884a4000c7eb42b31b8771111677b9e004b3f	AVAILABLE	eecfec8ef0625d74db2ace2d3ae19be08a00343c7b38bb026ab445c2fe638b81
optimized-0-1-cfa	ONE_FLOW_TO_CASTS_APPLICATION_GET_METHOD	com.acme.benchmark:impact-medium-app:jar@	CALLEE	REACHABILITY_PATH	5	4	com.acme.benchmark.BodyChangeUseCase#execute()I@PROJECT|context=Everywhere|nodeId=4|walaSynthetic=false|sentinelRole=NONE	Everywhere	false	NONE	com.acme.benchmark.BodyChangeUseCase#execute()I@PROJECT	com.acme.benchmark.BodyChangeUseCase	execute	()I	PROJECT	1	1	1											FAKE_ROOT	com.ibm.wala.FakeRootClass#fakeRootMethod()V@SYNTHETIC|context=Everywhere|nodeId=0|walaSynthetic=true|sentinelRole=FAKE_ROOT	[FAKE_ROOT] com.ibm.wala.FakeRootClass#fakeRootMethod()V@SYNTHETIC|context=Everywhere|nodeId=0|walaSynthetic=true|sentinelRole=FAKE_ROOT -> com.acme.benchmark.BodyChangeUseCase#execute()I@PROJECT|context=Everywhere|nodeId=4|walaSynthetic=false|sentinelRole=NONE	false	DECOMPILED	976fa70e0d77d42f5dde70aa50f884a4000c7eb42b31b8771111677b9e004b3f	AVAILABLE	eecfec8ef0625d74db2ace2d3ae19be08a00343c7b38bb026ab445c2fe638b81
optimized-0-1-cfa	ONE_FLOW_TO_CASTS_APPLICATION_GET_METHOD	com.acme.benchmark:impact-medium-app:jar@	CALLEE	RANKED_CGNODE	6	5	com.acme.benchmark.DescriptorChangeUseCase#<init>()V@PROJECT|context=Everywhere|nodeId=5|walaSynthetic=false|sentinelRole=NONE	Everywhere	false	NONE	com.acme.benchmark.DescriptorChangeUseCase#<init>()V@PROJECT	com.acme.benchmark.DescriptorChangeUseCase	<init>	()V	PROJECT	1	1	1														false	DECOMPILED	cde8081c8a2fda08e8db17005f786ae17d07b9291b56adbacbf6005a230adcbf	AVAILABLE	96d8a3578959ef82230f6b7c054c4c113932bf27e55da24caf250eff6e8b6f66
optimized-0-1-cfa	ONE_FLOW_TO_CASTS_APPLICATION_GET_METHOD	com.acme.benchmark:impact-medium-app:jar@	CALLEE	RELATED_IMETHOD	6	5	com.acme.benchmark.DescriptorChangeUseCase#<init>()V@PROJECT|context=Everywhere|nodeId=5|walaSynthetic=false|sentinelRole=NONE	Everywhere	false	NONE	com.acme.benchmark.DescriptorChangeUseCase#<init>()V@PROJECT	com.acme.benchmark.DescriptorChangeUseCase	<init>	()V	PROJECT	1	1	1	1	com.ibm.wala.FakeRootClass#fakeRootMethod()V@SYNTHETIC	com.ibm.wala.FakeRootClass	fakeRootMethod	()V	SYNTHETIC	1	1	0	com.ibm.wala.FakeRootClass#fakeRootMethod()V@SYNTHETIC|context=Everywhere|nodeId=0|walaSynthetic=true|sentinelRole=FAKE_ROOT				false	DECOMPILED	cde8081c8a2fda08e8db17005f786ae17d07b9291b56adbacbf6005a230adcbf	AVAILABLE	96d8a3578959ef82230f6b7c054c4c113932bf27e55da24caf250eff6e8b6f66
optimized-0-1-cfa	ONE_FLOW_TO_CASTS_APPLICATION_GET_METHOD	com.acme.benchmark:impact-medium-app:jar@	CALLEE	REACHABILITY_PATH	6	5	com.acme.benchmark.DescriptorChangeUseCase#<init>()V@PROJECT|context=Everywhere|nodeId=5|walaSynthetic=false|sentinelRole=NONE	Everywhere	false	NONE	com.acme.benchmark.DescriptorChangeUseCase#<init>()V@PROJECT	com.acme.benchmark.DescriptorChangeUseCase	<init>	()V	PROJECT	1	1	1											DECLARED_ENTRYPOINT	com.acme.benchmark.DescriptorChangeUseCase#<init>()V@PROJECT|context=Everywhere|nodeId=5|walaSynthetic=false|sentinelRole=NONE	com.acme.benchmark.DescriptorChangeUseCase#<init>()V@PROJECT|context=Everywhere|nodeId=5|walaSynthetic=false|sentinelRole=NONE	false	DECOMPILED	cde8081c8a2fda08e8db17005f786ae17d07b9291b56adbacbf6005a230adcbf	AVAILABLE	96d8a3578959ef82230f6b7c054c4c113932bf27e55da24caf250eff6e8b6f66
optimized-0-1-cfa	ONE_FLOW_TO_CASTS_APPLICATION_GET_METHOD	com.acme.benchmark:impact-medium-app:jar@	CALLEE	REACHABILITY_PATH	6	5	com.acme.benchmark.DescriptorChangeUseCase#<init>()V@PROJECT|context=Everywhere|nodeId=5|walaSynthetic=false|sentinelRole=NONE	Everywhere	false	NONE	com.acme.benchmark.DescriptorChangeUseCase#<init>()V@PROJECT	com.acme.benchmark.DescriptorChangeUseCase	<init>	()V	PROJECT	1	1	1											FAKE_ROOT	com.ibm.wala.FakeRootClass#fakeRootMethod()V@SYNTHETIC|context=Everywhere|nodeId=0|walaSynthetic=true|sentinelRole=FAKE_ROOT	[FAKE_ROOT] com.ibm.wala.FakeRootClass#fakeRootMethod()V@SYNTHETIC|context=Everywhere|nodeId=0|walaSynthetic=true|sentinelRole=FAKE_ROOT -> com.acme.benchmark.DescriptorChangeUseCase#<init>()V@PROJECT|context=Everywhere|nodeId=5|walaSynthetic=false|sentinelRole=NONE	false	DECOMPILED	cde8081c8a2fda08e8db17005f786ae17d07b9291b56adbacbf6005a230adcbf	AVAILABLE	96d8a3578959ef82230f6b7c054c4c113932bf27e55da24caf250eff6e8b6f66
optimized-0-1-cfa	ONE_FLOW_TO_CASTS_APPLICATION_GET_METHOD	com.acme.benchmark:impact-medium-app:jar@	CALLEE	RANKED_CGNODE	7	6	com.acme.benchmark.DescriptorChangeUseCase#executeOldDescriptor()Ljava/lang/String;@PROJECT|context=Everywhere|nodeId=6|walaSynthetic=false|sentinelRole=NONE	Everywhere	false	NONE	com.acme.benchmark.DescriptorChangeUseCase#executeOldDescriptor()Ljava/lang/String;@PROJECT	com.acme.benchmark.DescriptorChangeUseCase	executeOldDescriptor	()Ljava/lang/String;	PROJECT	1	1	1														false	DECOMPILED	8e060f6feb0b883c9f36b83d36a32fb7d72a4c761ce8bd5accdfb8524055a0c3	AVAILABLE	4938cc5b9ba2464c73c4f56ea6b2880d53fe2c49717d9e7e3653ddefc822fae2
optimized-0-1-cfa	ONE_FLOW_TO_CASTS_APPLICATION_GET_METHOD	com.acme.benchmark:impact-medium-app:jar@	CALLEE	RELATED_IMETHOD	7	6	com.acme.benchmark.DescriptorChangeUseCase#executeOldDescriptor()Ljava/lang/String;@PROJECT|context=Everywhere|nodeId=6|walaSynthetic=false|sentinelRole=NONE	Everywhere	false	NONE	com.acme.benchmark.DescriptorChangeUseCase#executeOldDescriptor()Ljava/lang/String;@PROJECT	com.acme.benchmark.DescriptorChangeUseCase	executeOldDescriptor	()Ljava/lang/String;	PROJECT	1	1	1	1	com.ibm.wala.FakeRootClass#fakeRootMethod()V@SYNTHETIC	com.ibm.wala.FakeRootClass	fakeRootMethod	()V	SYNTHETIC	1	1	0	com.ibm.wala.FakeRootClass#fakeRootMethod()V@SYNTHETIC|context=Everywhere|nodeId=0|walaSynthetic=true|sentinelRole=FAKE_ROOT				false	DECOMPILED	8e060f6feb0b883c9f36b83d36a32fb7d72a4c761ce8bd5accdfb8524055a0c3	AVAILABLE	4938cc5b9ba2464c73c4f56ea6b2880d53fe2c49717d9e7e3653ddefc822fae2
optimized-0-1-cfa	ONE_FLOW_TO_CASTS_APPLICATION_GET_METHOD	com.acme.benchmark:impact-medium-app:jar@	CALLEE	REACHABILITY_PATH	7	6	com.acme.benchmark.DescriptorChangeUseCase#executeOldDescriptor()Ljava/lang/String;@PROJECT|context=Everywhere|nodeId=6|walaSynthetic=false|sentinelRole=NONE	Everywhere	false	NONE	com.acme.benchmark.DescriptorChangeUseCase#executeOldDescriptor()Ljava/lang/String;@PROJECT	com.acme.benchmark.DescriptorChangeUseCase	executeOldDescriptor	()Ljava/lang/String;	PROJECT	1	1	1											DECLARED_ENTRYPOINT	com.acme.benchmark.DescriptorChangeUseCase#executeOldDescriptor()Ljava/lang/String;@PROJECT|context=Everywhere|nodeId=6|walaSynthetic=false|sentinelRole=NONE	com.acme.benchmark.DescriptorChangeUseCase#executeOldDescriptor()Ljava/lang/String;@PROJECT|context=Everywhere|nodeId=6|walaSynthetic=false|sentinelRole=NONE	false	DECOMPILED	8e060f6feb0b883c9f36b83d36a32fb7d72a4c761ce8bd5accdfb8524055a0c3	AVAILABLE	4938cc5b9ba2464c73c4f56ea6b2880d53fe2c49717d9e7e3653ddefc822fae2
optimized-0-1-cfa	ONE_FLOW_TO_CASTS_APPLICATION_GET_METHOD	com.acme.benchmark:impact-medium-app:jar@	CALLEE	REACHABILITY_PATH	7	6	com.acme.benchmark.DescriptorChangeUseCase#executeOldDescriptor()Ljava/lang/String;@PROJECT|context=Everywhere|nodeId=6|walaSynthetic=false|sentinelRole=NONE	Everywhere	false	NONE	com.acme.benchmark.DescriptorChangeUseCase#executeOldDescriptor()Ljava/lang/String;@PROJECT	com.acme.benchmark.DescriptorChangeUseCase	executeOldDescriptor	()Ljava/lang/String;	PROJECT	1	1	1											FAKE_ROOT	com.ibm.wala.FakeRootClass#fakeRootMethod()V@SYNTHETIC|context=Everywhere|nodeId=0|walaSynthetic=true|sentinelRole=FAKE_ROOT	[FAKE_ROOT] com.ibm.wala.FakeRootClass#fakeRootMethod()V@SYNTHETIC|context=Everywhere|nodeId=0|walaSynthetic=true|sentinelRole=FAKE_ROOT -> com.acme.benchmark.DescriptorChangeUseCase#executeOldDescriptor()Ljava/lang/String;@PROJECT|context=Everywhere|nodeId=6|walaSynthetic=false|sentinelRole=NONE	false	DECOMPILED	8e060f6feb0b883c9f36b83d36a32fb7d72a4c761ce8bd5accdfb8524055a0c3	AVAILABLE	4938cc5b9ba2464c73c4f56ea6b2880d53fe2c49717d9e7e3653ddefc822fae2
optimized-0-1-cfa	ONE_FLOW_TO_CASTS_APPLICATION_GET_METHOD	com.acme.benchmark:impact-medium-app:jar@	CALLEE	RANKED_CGNODE	8	7	com.acme.benchmark.FieldDescriptorUseCase#<init>()V@PROJECT|context=Everywhere|nodeId=7|walaSynthetic=false|sentinelRole=NONE	Everywhere	false	NONE	com.acme.benchmark.FieldDescriptorUseCase#<init>()V@PROJECT	com.acme.benchmark.FieldDescriptorUseCase	<init>	()V	PROJECT	1	1	1														false	DECOMPILED	c507f326b66d27324dd649f1144c70b2215a34ecdce33d4ebbed09cd2a3664e7	AVAILABLE	714da0d60e4c3296090531b8c8ede07871c917ea6f33c0dd7fe6eabb594652a8
optimized-0-1-cfa	ONE_FLOW_TO_CASTS_APPLICATION_GET_METHOD	com.acme.benchmark:impact-medium-app:jar@	CALLEE	RELATED_IMETHOD	8	7	com.acme.benchmark.FieldDescriptorUseCase#<init>()V@PROJECT|context=Everywhere|nodeId=7|walaSynthetic=false|sentinelRole=NONE	Everywhere	false	NONE	com.acme.benchmark.FieldDescriptorUseCase#<init>()V@PROJECT	com.acme.benchmark.FieldDescriptorUseCase	<init>	()V	PROJECT	1	1	1	1	com.ibm.wala.FakeRootClass#fakeRootMethod()V@SYNTHETIC	com.ibm.wala.FakeRootClass	fakeRootMethod	()V	SYNTHETIC	1	1	0	com.ibm.wala.FakeRootClass#fakeRootMethod()V@SYNTHETIC|context=Everywhere|nodeId=0|walaSynthetic=true|sentinelRole=FAKE_ROOT				false	DECOMPILED	c507f326b66d27324dd649f1144c70b2215a34ecdce33d4ebbed09cd2a3664e7	AVAILABLE	714da0d60e4c3296090531b8c8ede07871c917ea6f33c0dd7fe6eabb594652a8
optimized-0-1-cfa	ONE_FLOW_TO_CASTS_APPLICATION_GET_METHOD	com.acme.benchmark:impact-medium-app:jar@	CALLEE	REACHABILITY_PATH	8	7	com.acme.benchmark.FieldDescriptorUseCase#<init>()V@PROJECT|context=Everywhere|nodeId=7|walaSynthetic=false|sentinelRole=NONE	Everywhere	false	NONE	com.acme.benchmark.FieldDescriptorUseCase#<init>()V@PROJECT	com.acme.benchmark.FieldDescriptorUseCase	<init>	()V	PROJECT	1	1	1											DECLARED_ENTRYPOINT	com.acme.benchmark.FieldDescriptorUseCase#<init>()V@PROJECT|context=Everywhere|nodeId=7|walaSynthetic=false|sentinelRole=NONE	com.acme.benchmark.FieldDescriptorUseCase#<init>()V@PROJECT|context=Everywhere|nodeId=7|walaSynthetic=false|sentinelRole=NONE	false	DECOMPILED	c507f326b66d27324dd649f1144c70b2215a34ecdce33d4ebbed09cd2a3664e7	AVAILABLE	714da0d60e4c3296090531b8c8ede07871c917ea6f33c0dd7fe6eabb594652a8
optimized-0-1-cfa	ONE_FLOW_TO_CASTS_APPLICATION_GET_METHOD	com.acme.benchmark:impact-medium-app:jar@	CALLEE	REACHABILITY_PATH	8	7	com.acme.benchmark.FieldDescriptorUseCase#<init>()V@PROJECT|context=Everywhere|nodeId=7|walaSynthetic=false|sentinelRole=NONE	Everywhere	false	NONE	com.acme.benchmark.FieldDescriptorUseCase#<init>()V@PROJECT	com.acme.benchmark.FieldDescriptorUseCase	<init>	()V	PROJECT	1	1	1											FAKE_ROOT	com.ibm.wala.FakeRootClass#fakeRootMethod()V@SYNTHETIC|context=Everywhere|nodeId=0|walaSynthetic=true|sentinelRole=FAKE_ROOT	[FAKE_ROOT] com.ibm.wala.FakeRootClass#fakeRootMethod()V@SYNTHETIC|context=Everywhere|nodeId=0|walaSynthetic=true|sentinelRole=FAKE_ROOT -> com.acme.benchmark.FieldDescriptorUseCase#<init>()V@PROJECT|context=Everywhere|nodeId=7|walaSynthetic=false|sentinelRole=NONE	false	DECOMPILED	c507f326b66d27324dd649f1144c70b2215a34ecdce33d4ebbed09cd2a3664e7	AVAILABLE	714da0d60e4c3296090531b8c8ede07871c917ea6f33c0dd7fe6eabb594652a8
optimized-0-1-cfa	ONE_FLOW_TO_CASTS_APPLICATION_GET_METHOD	com.acme.benchmark:impact-medium-app:jar@	CALLEE	RANKED_CGNODE	9	8	com.acme.benchmark.FieldDescriptorUseCase#executeNewDescriptor()I@PROJECT|context=Everywhere|nodeId=8|walaSynthetic=false|sentinelRole=NONE	Everywhere	false	NONE	com.acme.benchmark.FieldDescriptorUseCase#executeNewDescriptor()I@PROJECT	com.acme.benchmark.FieldDescriptorUseCase	executeNewDescriptor	()I	PROJECT	1	1	1														false	DECOMPILED	4d27da96b37b06c82e833d4c34c91ec2852caf9688435beb6fab9d26f461c746	AVAILABLE	3b43556793ac78bbe0297696e79b7b1cea9f490f0c41a29c7fe2d83f73a0bfbc
optimized-0-1-cfa	ONE_FLOW_TO_CASTS_APPLICATION_GET_METHOD	com.acme.benchmark:impact-medium-app:jar@	CALLEE	RELATED_IMETHOD	9	8	com.acme.benchmark.FieldDescriptorUseCase#executeNewDescriptor()I@PROJECT|context=Everywhere|nodeId=8|walaSynthetic=false|sentinelRole=NONE	Everywhere	false	NONE	com.acme.benchmark.FieldDescriptorUseCase#executeNewDescriptor()I@PROJECT	com.acme.benchmark.FieldDescriptorUseCase	executeNewDescriptor	()I	PROJECT	1	1	1	1	com.ibm.wala.FakeRootClass#fakeRootMethod()V@SYNTHETIC	com.ibm.wala.FakeRootClass	fakeRootMethod	()V	SYNTHETIC	1	1	0	com.ibm.wala.FakeRootClass#fakeRootMethod()V@SYNTHETIC|context=Everywhere|nodeId=0|walaSynthetic=true|sentinelRole=FAKE_ROOT				false	DECOMPILED	4d27da96b37b06c82e833d4c34c91ec2852caf9688435beb6fab9d26f461c746	AVAILABLE	3b43556793ac78bbe0297696e79b7b1cea9f490f0c41a29c7fe2d83f73a0bfbc
optimized-0-1-cfa	ONE_FLOW_TO_CASTS_APPLICATION_GET_METHOD	com.acme.benchmark:impact-medium-app:jar@	CALLEE	REACHABILITY_PATH	9	8	com.acme.benchmark.FieldDescriptorUseCase#executeNewDescriptor()I@PROJECT|context=Everywhere|nodeId=8|walaSynthetic=false|sentinelRole=NONE	Everywhere	false	NONE	com.acme.benchmark.FieldDescriptorUseCase#executeNewDescriptor()I@PROJECT	com.acme.benchmark.FieldDescriptorUseCase	executeNewDescriptor	()I	PROJECT	1	1	1											DECLARED_ENTRYPOINT	com.acme.benchmark.FieldDescriptorUseCase#executeNewDescriptor()I@PROJECT|context=Everywhere|nodeId=8|walaSynthetic=false|sentinelRole=NONE	com.acme.benchmark.FieldDescriptorUseCase#executeNewDescriptor()I@PROJECT|context=Everywhere|nodeId=8|walaSynthetic=false|sentinelRole=NONE	false	DECOMPILED	4d27da96b37b06c82e833d4c34c91ec2852caf9688435beb6fab9d26f461c746	AVAILABLE	3b43556793ac78bbe0297696e79b7b1cea9f490f0c41a29c7fe2d83f73a0bfbc
optimized-0-1-cfa	ONE_FLOW_TO_CASTS_APPLICATION_GET_METHOD	com.acme.benchmark:impact-medium-app:jar@	CALLEE	REACHABILITY_PATH	9	8	com.acme.benchmark.FieldDescriptorUseCase#executeNewDescriptor()I@PROJECT|context=Everywhere|nodeId=8|walaSynthetic=false|sentinelRole=NONE	Everywhere	false	NONE	com.acme.benchmark.FieldDescriptorUseCase#executeNewDescriptor()I@PROJECT	com.acme.benchmark.FieldDescriptorUseCase	executeNewDescriptor	()I	PROJECT	1	1	1											FAKE_ROOT	com.ibm.wala.FakeRootClass#fakeRootMethod()V@SYNTHETIC|context=Everywhere|nodeId=0|walaSynthetic=true|sentinelRole=FAKE_ROOT	[FAKE_ROOT] com.ibm.wala.FakeRootClass#fakeRootMethod()V@SYNTHETIC|context=Everywhere|nodeId=0|walaSynthetic=true|sentinelRole=FAKE_ROOT -> com.acme.benchmark.FieldDescriptorUseCase#executeNewDescriptor()I@PROJECT|context=Everywhere|nodeId=8|walaSynthetic=false|sentinelRole=NONE	false	DECOMPILED	4d27da96b37b06c82e833d4c34c91ec2852caf9688435beb6fab9d26f461c746	AVAILABLE	3b43556793ac78bbe0297696e79b7b1cea9f490f0c41a29c7fe2d83f73a0bfbc
optimized-0-1-cfa	ONE_FLOW_TO_CASTS_APPLICATION_GET_METHOD	com.acme.benchmark:impact-medium-app:jar@	CALLEE	RANKED_CGNODE	10	9	com.acme.benchmark.FieldDescriptorUseCase#executeOldDescriptor()Ljava/lang/Object;@PROJECT|context=Everywhere|nodeId=9|walaSynthetic=false|sentinelRole=NONE	Everywhere	false	NONE	com.acme.benchmark.FieldDescriptorUseCase#executeOldDescriptor()Ljava/lang/Object;@PROJECT	com.acme.benchmark.FieldDescriptorUseCase	executeOldDescriptor	()Ljava/lang/Object;	PROJECT	1	1	1														false	DECOMPILED	d7c2f64cb9a685350fb19c0ba2e1fa3f0fc5c59c3d84543e1c72672583fda36d	AVAILABLE	d5689107c4902c27ab60489190fda9d547298754ffcd847a3d7a247927806956
optimized-0-1-cfa	ONE_FLOW_TO_CASTS_APPLICATION_GET_METHOD	com.acme.benchmark:impact-medium-app:jar@	CALLEE	RELATED_IMETHOD	10	9	com.acme.benchmark.FieldDescriptorUseCase#executeOldDescriptor()Ljava/lang/Object;@PROJECT|context=Everywhere|nodeId=9|walaSynthetic=false|sentinelRole=NONE	Everywhere	false	NONE	com.acme.benchmark.FieldDescriptorUseCase#executeOldDescriptor()Ljava/lang/Object;@PROJECT	com.acme.benchmark.FieldDescriptorUseCase	executeOldDescriptor	()Ljava/lang/Object;	PROJECT	1	1	1	1	com.ibm.wala.FakeRootClass#fakeRootMethod()V@SYNTHETIC	com.ibm.wala.FakeRootClass	fakeRootMethod	()V	SYNTHETIC	1	1	0	com.ibm.wala.FakeRootClass#fakeRootMethod()V@SYNTHETIC|context=Everywhere|nodeId=0|walaSynthetic=true|sentinelRole=FAKE_ROOT				false	DECOMPILED	d7c2f64cb9a685350fb19c0ba2e1fa3f0fc5c59c3d84543e1c72672583fda36d	AVAILABLE	d5689107c4902c27ab60489190fda9d547298754ffcd847a3d7a247927806956
optimized-0-1-cfa	ONE_FLOW_TO_CASTS_APPLICATION_GET_METHOD	com.acme.benchmark:impact-medium-app:jar@	CALLEE	REACHABILITY_PATH	10	9	com.acme.benchmark.FieldDescriptorUseCase#executeOldDescriptor()Ljava/lang/Object;@PROJECT|context=Everywhere|nodeId=9|walaSynthetic=false|sentinelRole=NONE	Everywhere	false	NONE	com.acme.benchmark.FieldDescriptorUseCase#executeOldDescriptor()Ljava/lang/Object;@PROJECT	com.acme.benchmark.FieldDescriptorUseCase	executeOldDescriptor	()Ljava/lang/Object;	PROJECT	1	1	1											DECLARED_ENTRYPOINT	com.acme.benchmark.FieldDescriptorUseCase#executeOldDescriptor()Ljava/lang/Object;@PROJECT|context=Everywhere|nodeId=9|walaSynthetic=false|sentinelRole=NONE	com.acme.benchmark.FieldDescriptorUseCase#executeOldDescriptor()Ljava/lang/Object;@PROJECT|context=Everywhere|nodeId=9|walaSynthetic=false|sentinelRole=NONE	false	DECOMPILED	d7c2f64cb9a685350fb19c0ba2e1fa3f0fc5c59c3d84543e1c72672583fda36d	AVAILABLE	d5689107c4902c27ab60489190fda9d547298754ffcd847a3d7a247927806956
optimized-0-1-cfa	ONE_FLOW_TO_CASTS_APPLICATION_GET_METHOD	com.acme.benchmark:impact-medium-app:jar@	CALLEE	REACHABILITY_PATH	10	9	com.acme.benchmark.FieldDescriptorUseCase#executeOldDescriptor()Ljava/lang/Object;@PROJECT|context=Everywhere|nodeId=9|walaSynthetic=false|sentinelRole=NONE	Everywhere	false	NONE	com.acme.benchmark.FieldDescriptorUseCase#executeOldDescriptor()Ljava/lang/Object;@PROJECT	com.acme.benchmark.FieldDescriptorUseCase	executeOldDescriptor	()Ljava/lang/Object;	PROJECT	1	1	1											FAKE_ROOT	com.ibm.wala.FakeRootClass#fakeRootMethod()V@SYNTHETIC|context=Everywhere|nodeId=0|walaSynthetic=true|sentinelRole=FAKE_ROOT	[FAKE_ROOT] com.ibm.wala.FakeRootClass#fakeRootMethod()V@SYNTHETIC|context=Everywhere|nodeId=0|walaSynthetic=true|sentinelRole=FAKE_ROOT -> com.acme.benchmark.FieldDescriptorUseCase#executeOldDescriptor()Ljava/lang/Object;@PROJECT|context=Everywhere|nodeId=9|walaSynthetic=false|sentinelRole=NONE	false	DECOMPILED	d7c2f64cb9a685350fb19c0ba2e1fa3f0fc5c59c3d84543e1c72672583fda36d	AVAILABLE	d5689107c4902c27ab60489190fda9d547298754ffcd847a3d7a247927806956
1-object-1-call-site	ONE_FLOW_TO_CASTS_APPLICATION_GET_METHOD	com.acme.benchmark:impact-medium-app:jar@	CALLER	RANKED_CGNODE	1	0	com.ibm.wala.FakeRootClass#fakeRootMethod()V@SYNTHETIC|context=Everywhere|nodeId=0|walaSynthetic=true|sentinelRole=FAKE_ROOT	Everywhere	true	FAKE_ROOT	com.ibm.wala.FakeRootClass#fakeRootMethod()V@SYNTHETIC	com.ibm.wala.FakeRootClass	fakeRootMethod	()V	SYNTHETIC	20	14	20														false	UNAVAILABLE		AVAILABLE	af37a30437632dca7b256fd0a4edeac72b2657ed1d322a0f50ec55de3afd1e9e
1-object-1-call-site	ONE_FLOW_TO_CASTS_APPLICATION_GET_METHOD	com.acme.benchmark:impact-medium-app:jar@	CALLER	RELATED_IMETHOD	1	0	com.ibm.wala.FakeRootClass#fakeRootMethod()V@SYNTHETIC|context=Everywhere|nodeId=0|walaSynthetic=true|sentinelRole=FAKE_ROOT	Everywhere	true	FAKE_ROOT	com.ibm.wala.FakeRootClass#fakeRootMethod()V@SYNTHETIC	com.ibm.wala.FakeRootClass	fakeRootMethod	()V	SYNTHETIC	20	14	20	1	com.acme.benchmark.BodyChangeUseCase#<init>()V@PROJECT	com.acme.benchmark.BodyChangeUseCase	<init>	()V	PROJECT	2	2	0	com.acme.benchmark.BodyChangeUseCase#<init>()V@PROJECT|context=CallStringContextPair: [ com.ibm.wala.FakeRootClass.fakeRootMethod()V@2 ]:AllocationStringContext{allocationString=AllocationString{allocationSites=[SITE{synthetic < Primordial, Lcom/ibm/wala/FakeRootClass, fakeRootMethod()V >:NEW <Application,Lcom/acme/benchmark/BodyChangeUseCase>@1}]}}|nodeId=3|walaSynthetic=false|sentinelRole=NONE || com.acme.benchmark.BodyChangeUseCase#<init>()V@PROJECT|context=CallStringContextPair: [ com.ibm.wala.FakeRootClass.fakeRootMethod()V@3 ]:AllocationStringContext{allocationString=AllocationString{allocationSites=[SITE{synthetic < Primordial, Lcom/ibm/wala/FakeRootClass, fakeRootMethod()V >:NEW <Application,Lcom/acme/benchmark/BodyChangeUseCase>@1}]}}|nodeId=4|walaSynthetic=false|sentinelRole=NONE				false	UNAVAILABLE		AVAILABLE	af37a30437632dca7b256fd0a4edeac72b2657ed1d322a0f50ec55de3afd1e9e
1-object-1-call-site	ONE_FLOW_TO_CASTS_APPLICATION_GET_METHOD	com.acme.benchmark:impact-medium-app:jar@	CALLER	RELATED_IMETHOD	1	0	com.ibm.wala.FakeRootClass#fakeRootMethod()V@SYNTHETIC|context=Everywhere|nodeId=0|walaSynthetic=true|sentinelRole=FAKE_ROOT	Everywhere	true	FAKE_ROOT	com.ibm.wala.FakeRootClass#fakeRootMethod()V@SYNTHETIC	com.ibm.wala.FakeRootClass	fakeRootMethod	()V	SYNTHETIC	20	14	20	2	com.acme.benchmark.DescriptorChangeUseCase#<init>()V@PROJECT	com.acme.benchmark.DescriptorChangeUseCase	<init>	()V	PROJECT	2	2	0	com.acme.benchmark.DescriptorChangeUseCase#<init>()V@PROJECT|context=CallStringContextPair: [ com.ibm.wala.FakeRootClass.fakeRootMethod()V@6 ]:AllocationStringContext{allocationString=AllocationString{allocationSites=[SITE{synthetic < Primordial, Lcom/ibm/wala/FakeRootClass, fakeRootMethod()V >:NEW <Application,Lcom/acme/benchmark/DescriptorChangeUseCase>@5}]}}|nodeId=6|walaSynthetic=false|sentinelRole=NONE || com.acme.benchmark.DescriptorChangeUseCase#<init>()V@PROJECT|context=CallStringContextPair: [ com.ibm.wala.FakeRootClass.fakeRootMethod()V@7 ]:AllocationStringContext{allocationString=AllocationString{allocationSites=[SITE{synthetic < Primordial, Lcom/ibm/wala/FakeRootClass, fakeRootMethod()V >:NEW <Application,Lcom/acme/benchmark/DescriptorChangeUseCase>@5}]}}|nodeId=7|walaSynthetic=false|sentinelRole=NONE				false	UNAVAILABLE		AVAILABLE	af37a30437632dca7b256fd0a4edeac72b2657ed1d322a0f50ec55de3afd1e9e
1-object-1-call-site	ONE_FLOW_TO_CASTS_APPLICATION_GET_METHOD	com.acme.benchmark:impact-medium-app:jar@	CALLER	RELATED_IMETHOD	1	0	com.ibm.wala.FakeRootClass#fakeRootMethod()V@SYNTHETIC|context=Everywhere|nodeId=0|walaSynthetic=true|sentinelRole=FAKE_ROOT	Everywhere	true	FAKE_ROOT	com.ibm.wala.FakeRootClass#fakeRootMethod()V@SYNTHETIC	com.ibm.wala.FakeRootClass	fakeRootMethod	()V	SYNTHETIC	20	14	20	3	com.acme.benchmark.FieldDescriptorUseCase#<init>()V@PROJECT	com.acme.benchmark.FieldDescriptorUseCase	<init>	()V	PROJECT	2	2	0	com.acme.benchmark.FieldDescriptorUseCase#<init>()V@PROJECT|context=CallStringContextPair: [ com.ibm.wala.FakeRootClass.fakeRootMethod()V@10 ]:AllocationStringContext{allocationString=AllocationString{allocationSites=[SITE{synthetic < Primordial, Lcom/ibm/wala/FakeRootClass, fakeRootMethod()V >:NEW <Application,Lcom/acme/benchmark/FieldDescriptorUseCase>@9}]}}|nodeId=9|walaSynthetic=false|sentinelRole=NONE || com.acme.benchmark.FieldDescriptorUseCase#<init>()V@PROJECT|context=CallStringContextPair: [ com.ibm.wala.FakeRootClass.fakeRootMethod()V@11 ]:AllocationStringContext{allocationString=AllocationString{allocationSites=[SITE{synthetic < Primordial, Lcom/ibm/wala/FakeRootClass, fakeRootMethod()V >:NEW <Application,Lcom/acme/benchmark/FieldDescriptorUseCase>@9}]}}|nodeId=10|walaSynthetic=false|sentinelRole=NONE				false	UNAVAILABLE		AVAILABLE	af37a30437632dca7b256fd0a4edeac72b2657ed1d322a0f50ec55de3afd1e9e
1-object-1-call-site	ONE_FLOW_TO_CASTS_APPLICATION_GET_METHOD	com.acme.benchmark:impact-medium-app:jar@	CALLER	RELATED_IMETHOD	1	0	com.ibm.wala.FakeRootClass#fakeRootMethod()V@SYNTHETIC|context=Everywhere|nodeId=0|walaSynthetic=true|sentinelRole=FAKE_ROOT	Everywhere	true	FAKE_ROOT	com.ibm.wala.FakeRootClass#fakeRootMethod()V@SYNTHETIC	com.ibm.wala.FakeRootClass	fakeRootMethod	()V	SYNTHETIC	20	14	20	4	com.acme.benchmark.RemovedClassUseCase#<init>()V@PROJECT	com.acme.benchmark.RemovedClassUseCase	<init>	()V	PROJECT	2	2	0	com.acme.benchmark.RemovedClassUseCase#<init>()V@PROJECT|context=CallStringContextPair: [ com.ibm.wala.FakeRootClass.fakeRootMethod()V@15 ]:AllocationStringContext{allocationString=AllocationString{allocationSites=[SITE{synthetic < Primordial, Lcom/ibm/wala/FakeRootClass, fakeRootMethod()V >:NEW <Application,Lcom/acme/benchmark/RemovedClassUseCase>@14}]}}|nodeId=13|walaSynthetic=false|sentinelRole=NONE || com.acme.benchmark.RemovedClassUseCase#<init>()V@PROJECT|context=CallStringContextPair: [ com.ibm.wala.FakeRootClass.fakeRootMethod()V@16 ]:AllocationStringContext{allocationString=AllocationString{allocationSites=[SITE{synthetic < Primordial, Lcom/ibm/wala/FakeRootClass, fakeRootMethod()V >:NEW <Application,Lcom/acme/benchmark/RemovedClassUseCase>@14}]}}|nodeId=14|walaSynthetic=false|sentinelRole=NONE				false	UNAVAILABLE		AVAILABLE	af37a30437632dca7b256fd0a4edeac72b2657ed1d322a0f50ec55de3afd1e9e
1-object-1-call-site	ONE_FLOW_TO_CASTS_APPLICATION_GET_METHOD	com.acme.benchmark:impact-medium-app:jar@	CALLER	RELATED_IMETHOD	1	0	com.ibm.wala.FakeRootClass#fakeRootMethod()V@SYNTHETIC|context=Everywhere|nodeId=0|walaSynthetic=true|sentinelRole=FAKE_ROOT	Everywhere	true	FAKE_ROOT	com.ibm.wala.FakeRootClass#fakeRootMethod()V@SYNTHETIC	com.ibm.wala.FakeRootClass	fakeRootMethod	()V	SYNTHETIC	20	14	20	5	com.acme.benchmark.RemovedFieldUseCase#<init>()V@PROJECT	com.acme.benchmark.RemovedFieldUseCase	<init>	()V	PROJECT	2	2	0	com.acme.benchmark.RemovedFieldUseCase#<init>()V@PROJECT|context=CallStringContextPair: [ com.ibm.wala.FakeRootClass.fakeRootMethod()V@19 ]:AllocationStringContext{allocationString=AllocationString{allocationSites=[SITE{synthetic < Primordial, Lcom/ibm/wala/FakeRootClass, fakeRootMethod()V >:NEW <Application,Lcom/acme/benchmark/RemovedFieldUseCase>@18}]}}|nodeId=16|walaSynthetic=false|sentinelRole=NONE || com.acme.benchmark.RemovedFieldUseCase#<init>()V@PROJECT|context=CallStringContextPair: [ com.ibm.wala.FakeRootClass.fakeRootMethod()V@20 ]:AllocationStringContext{allocationString=AllocationString{allocationSites=[SITE{synthetic < Primordial, Lcom/ibm/wala/FakeRootClass, fakeRootMethod()V >:NEW <Application,Lcom/acme/benchmark/RemovedFieldUseCase>@18}]}}|nodeId=17|walaSynthetic=false|sentinelRole=NONE				false	UNAVAILABLE		AVAILABLE	af37a30437632dca7b256fd0a4edeac72b2657ed1d322a0f50ec55de3afd1e9e
1-object-1-call-site	ONE_FLOW_TO_CASTS_APPLICATION_GET_METHOD	com.acme.benchmark:impact-medium-app:jar@	CALLER	RELATED_IMETHOD	1	0	com.ibm.wala.FakeRootClass#fakeRootMethod()V@SYNTHETIC|context=Everywhere|nodeId=0|walaSynthetic=true|sentinelRole=FAKE_ROOT	Everywhere	true	FAKE_ROOT	com.ibm.wala.FakeRootClass#fakeRootMethod()V@SYNTHETIC	com.ibm.wala.FakeRootClass	fakeRootMethod	()V	SYNTHETIC	20	14	20	6	com.acme.benchmark.RemovedMethodUseCase#<init>()V@PROJECT	com.acme.benchmark.RemovedMethodUseCase	<init>	()V	PROJECT	2	2	0	com.acme.benchmark.RemovedMethodUseCase#<init>()V@PROJECT|context=CallStringContextPair: [ com.ibm.wala.FakeRootClass.fakeRootMethod()V@23 ]:AllocationStringContext{allocationString=AllocationString{allocationSites=[SITE{synthetic < Primordial, Lcom/ibm/wala/FakeRootClass, fakeRootMethod()V >:NEW <Application,Lcom/acme/benchmark/RemovedMethodUseCase>@22}]}}|nodeId=19|walaSynthetic=false|sentinelRole=NONE || com.acme.benchmark.RemovedMethodUseCase#<init>()V@PROJECT|context=CallStringContextPair: [ com.ibm.wala.FakeRootClass.fakeRootMethod()V@24 ]:AllocationStringContext{allocationString=AllocationString{allocationSites=[SITE{synthetic < Primordial, Lcom/ibm/wala/FakeRootClass, fakeRootMethod()V >:NEW <Application,Lcom/acme/benchmark/RemovedMethodUseCase>@22}]}}|nodeId=20|walaSynthetic=false|sentinelRole=NONE				false	UNAVAILABLE		AVAILABLE	af37a30437632dca7b256fd0a4edeac72b2657ed1d322a0f50ec55de3afd1e9e
1-object-1-call-site	ONE_FLOW_TO_CASTS_APPLICATION_GET_METHOD	com.acme.benchmark:impact-medium-app:jar@	CALLER	RELATED_IMETHOD	1	0	com.ibm.wala.FakeRootClass#fakeRootMethod()V@SYNTHETIC|context=Everywhere|nodeId=0|walaSynthetic=true|sentinelRole=FAKE_ROOT	Everywhere	true	FAKE_ROOT	com.ibm.wala.FakeRootClass#fakeRootMethod()V@SYNTHETIC	com.ibm.wala.FakeRootClass	fakeRootMethod	()V	SYNTHETIC	20	14	20	7	com.acme.benchmark.BodyChangeUseCase#execute()I@PROJECT	com.acme.benchmark.BodyChangeUseCase	execute	()I	PROJECT	1	1	0	com.acme.benchmark.BodyChangeUseCase#execute()I@PROJECT|context=CallStringContext: [ com.ibm.wala.FakeRootClass.fakeRootMethod()V@4 ]|nodeId=5|walaSynthetic=false|sentinelRole=NONE				false	UNAVAILABLE		AVAILABLE	af37a30437632dca7b256fd0a4edeac72b2657ed1d322a0f50ec55de3afd1e9e
1-object-1-call-site	ONE_FLOW_TO_CASTS_APPLICATION_GET_METHOD	com.acme.benchmark:impact-medium-app:jar@	CALLER	RELATED_IMETHOD	1	0	com.ibm.wala.FakeRootClass#fakeRootMethod()V@SYNTHETIC|context=Everywhere|nodeId=0|walaSynthetic=true|sentinelRole=FAKE_ROOT	Everywhere	true	FAKE_ROOT	com.ibm.wala.FakeRootClass#fakeRootMethod()V@SYNTHETIC	com.ibm.wala.FakeRootClass	fakeRootMethod	()V	SYNTHETIC	20	14	20	8	com.acme.benchmark.DescriptorChangeUseCase#executeOldDescriptor()Ljava/lang/String;@PROJECT	com.acme.benchmark.DescriptorChangeUseCase	executeOldDescriptor	()Ljava/lang/String;	PROJECT	1	1	0	com.acme.benchmark.DescriptorChangeUseCase#executeOldDescriptor()Ljava/lang/String;@PROJECT|context=CallStringContext: [ com.ibm.wala.FakeRootClass.fakeRootMethod()V@8 ]|nodeId=8|walaSynthetic=false|sentinelRole=NONE				false	UNAVAILABLE		AVAILABLE	af37a30437632dca7b256fd0a4edeac72b2657ed1d322a0f50ec55de3afd1e9e
1-object-1-call-site	ONE_FLOW_TO_CASTS_APPLICATION_GET_METHOD	com.acme.benchmark:impact-medium-app:jar@	CALLER	RELATED_IMETHOD	1	0	com.ibm.wala.FakeRootClass#fakeRootMethod()V@SYNTHETIC|context=Everywhere|nodeId=0|walaSynthetic=true|sentinelRole=FAKE_ROOT	Everywhere	true	FAKE_ROOT	com.ibm.wala.FakeRootClass#fakeRootMethod()V@SYNTHETIC	com.ibm.wala.FakeRootClass	fakeRootMethod	()V	SYNTHETIC	20	14	20	9	com.acme.benchmark.FieldDescriptorUseCase#executeNewDescriptor()I@PROJECT	com.acme.benchmark.FieldDescriptorUseCase	executeNewDescriptor	()I	PROJECT	1	1	0	com.acme.benchmark.FieldDescriptorUseCase#executeNewDescriptor()I@PROJECT|context=CallStringContext: [ com.ibm.wala.FakeRootClass.fakeRootMethod()V@12 ]|nodeId=11|walaSynthetic=false|sentinelRole=NONE				false	UNAVAILABLE		AVAILABLE	af37a30437632dca7b256fd0a4edeac72b2657ed1d322a0f50ec55de3afd1e9e
1-object-1-call-site	ONE_FLOW_TO_CASTS_APPLICATION_GET_METHOD	com.acme.benchmark:impact-medium-app:jar@	CALLER	RELATED_IMETHOD	1	0	com.ibm.wala.FakeRootClass#fakeRootMethod()V@SYNTHETIC|context=Everywhere|nodeId=0|walaSynthetic=true|sentinelRole=FAKE_ROOT	Everywhere	true	FAKE_ROOT	com.ibm.wala.FakeRootClass#fakeRootMethod()V@SYNTHETIC	com.ibm.wala.FakeRootClass	fakeRootMethod	()V	SYNTHETIC	20	14	20	10	com.acme.benchmark.FieldDescriptorUseCase#executeOldDescriptor()Ljava/lang/Object;@PROJECT	com.acme.benchmark.FieldDescriptorUseCase	executeOldDescriptor	()Ljava/lang/Object;	PROJECT	1	1	0	com.acme.benchmark.FieldDescriptorUseCase#executeOldDescriptor()Ljava/lang/Object;@PROJECT|context=CallStringContext: [ com.ibm.wala.FakeRootClass.fakeRootMethod()V@13 ]|nodeId=12|walaSynthetic=false|sentinelRole=NONE				false	UNAVAILABLE		AVAILABLE	af37a30437632dca7b256fd0a4edeac72b2657ed1d322a0f50ec55de3afd1e9e
1-object-1-call-site	ONE_FLOW_TO_CASTS_APPLICATION_GET_METHOD	com.acme.benchmark:impact-medium-app:jar@	CALLER	REACHABILITY_PATH	1	0	com.ibm.wala.FakeRootClass#fakeRootMethod()V@SYNTHETIC|context=Everywhere|nodeId=0|walaSynthetic=true|sentinelRole=FAKE_ROOT	Everywhere	true	FAKE_ROOT	com.ibm.wala.FakeRootClass#fakeRootMethod()V@SYNTHETIC	com.ibm.wala.FakeRootClass	fakeRootMethod	()V	SYNTHETIC	20	14	20											FAKE_ROOT	com.ibm.wala.FakeRootClass#fakeRootMethod()V@SYNTHETIC|context=Everywhere|nodeId=0|walaSynthetic=true|sentinelRole=FAKE_ROOT	[FAKE_ROOT] com.ibm.wala.FakeRootClass#fakeRootMethod()V@SYNTHETIC|context=Everywhere|nodeId=0|walaSynthetic=true|sentinelRole=FAKE_ROOT	false	UNAVAILABLE		AVAILABLE	af37a30437632dca7b256fd0a4edeac72b2657ed1d322a0f50ec55de3afd1e9e
1-object-1-call-site	ONE_FLOW_TO_CASTS_APPLICATION_GET_METHOD	com.acme.benchmark:impact-medium-app:jar@	CALLER	RANKED_CGNODE	2	5	com.acme.benchmark.BodyChangeUseCase#execute()I@PROJECT|context=CallStringContext: [ com.ibm.wala.FakeRootClass.fakeRootMethod()V@4 ]|nodeId=5|walaSynthetic=false|sentinelRole=NONE	CallStringContext: [ com.ibm.wala.FakeRootClass.fakeRootMethod()V@4 ]	false	NONE	com.acme.benchmark.BodyChangeUseCase#execute()I@PROJECT	com.acme.benchmark.BodyChangeUseCase	execute	()I	PROJECT	2	2	2														false	DECOMPILED	976fa70e0d77d42f5dde70aa50f884a4000c7eb42b31b8771111677b9e004b3f	AVAILABLE	eecfec8ef0625d74db2ace2d3ae19be08a00343c7b38bb026ab445c2fe638b81
1-object-1-call-site	ONE_FLOW_TO_CASTS_APPLICATION_GET_METHOD	com.acme.benchmark:impact-medium-app:jar@	CALLER	RELATED_IMETHOD	2	5	com.acme.benchmark.BodyChangeUseCase#execute()I@PROJECT|context=CallStringContext: [ com.ibm.wala.FakeRootClass.fakeRootMethod()V@4 ]|nodeId=5|walaSynthetic=false|sentinelRole=NONE	CallStringContext: [ com.ibm.wala.FakeRootClass.fakeRootMethod()V@4 ]	false	NONE	com.acme.benchmark.BodyChangeUseCase#execute()I@PROJECT	com.acme.benchmark.BodyChangeUseCase	execute	()I	PROJECT	2	2	2	1	com.acme.impact.api.ScenarioApi#<init>()V@DEPENDENCY	com.acme.impact.api.ScenarioApi	<init>	()V	DEPENDENCY	1	1	0	com.acme.impact.api.ScenarioApi#<init>()V@DEPENDENCY|context=CallStringContextPair: [ com.acme.benchmark.BodyChangeUseCase.execute()I@4 ]:AllocationStringContext{allocationString=AllocationString{allocationSites=[SITE{< Application, Lcom/acme/benchmark/BodyChangeUseCase, execute()I >:NEW <Application,Lcom/acme/impact/api/ScenarioApi>@0}]}}|nodeId=24|walaSynthetic=false|sentinelRole=NONE				false	DECOMPILED	976fa70e0d77d42f5dde70aa50f884a4000c7eb42b31b8771111677b9e004b3f	AVAILABLE	eecfec8ef0625d74db2ace2d3ae19be08a00343c7b38bb026ab445c2fe638b81
1-object-1-call-site	ONE_FLOW_TO_CASTS_APPLICATION_GET_METHOD	com.acme.benchmark:impact-medium-app:jar@	CALLER	RELATED_IMETHOD	2	5	com.acme.benchmark.BodyChangeUseCase#execute()I@PROJECT|context=CallStringContext: [ com.ibm.wala.FakeRootClass.fakeRootMethod()V@4 ]|nodeId=5|walaSynthetic=false|sentinelRole=NONE	CallStringContext: [ com.ibm.wala.FakeRootClass.fakeRootMethod()V@4 ]	false	NONE	com.acme.benchmark.BodyChangeUseCase#execute()I@PROJECT	com.acme.benchmark.BodyChangeUseCase	execute	()I	PROJECT	2	2	2	2	com.acme.impact.api.ScenarioApi#bodyChanged(I)I@DEPENDENCY	com.acme.impact.api.ScenarioApi	bodyChanged	(I)I	DEPENDENCY	1	1	0	com.acme.impact.api.ScenarioApi#bodyChanged(I)I@DEPENDENCY|context=CallStringContextPair: [ com.acme.benchmark.BodyChangeUseCase.execute()I@9 ]:AllocationStringContext{allocationString=AllocationString{allocationSites=[SITE{< Application, Lcom/acme/benchmark/BodyChangeUseCase, execute()I >:NEW <Application,Lcom/acme/impact/api/ScenarioApi>@0}]}}|nodeId=25|walaSynthetic=false|sentinelRole=NONE				false	DECOMPILED	976fa70e0d77d42f5dde70aa50f884a4000c7eb42b31b8771111677b9e004b3f	AVAILABLE	eecfec8ef0625d74db2ace2d3ae19be08a00343c7b38bb026ab445c2fe638b81
1-object-1-call-site	ONE_FLOW_TO_CASTS_APPLICATION_GET_METHOD	com.acme.benchmark:impact-medium-app:jar@	CALLER	REACHABILITY_PATH	2	5	com.acme.benchmark.BodyChangeUseCase#execute()I@PROJECT|context=CallStringContext: [ com.ibm.wala.FakeRootClass.fakeRootMethod()V@4 ]|nodeId=5|walaSynthetic=false|sentinelRole=NONE	CallStringContext: [ com.ibm.wala.FakeRootClass.fakeRootMethod()V@4 ]	false	NONE	com.acme.benchmark.BodyChangeUseCase#execute()I@PROJECT	com.acme.benchmark.BodyChangeUseCase	execute	()I	PROJECT	2	2	2											DECLARED_ENTRYPOINT	com.acme.benchmark.BodyChangeUseCase#execute()I@PROJECT|context=CallStringContext: [ com.ibm.wala.FakeRootClass.fakeRootMethod()V@4 ]|nodeId=5|walaSynthetic=false|sentinelRole=NONE	com.acme.benchmark.BodyChangeUseCase#execute()I@PROJECT|context=CallStringContext: [ com.ibm.wala.FakeRootClass.fakeRootMethod()V@4 ]|nodeId=5|walaSynthetic=false|sentinelRole=NONE	false	DECOMPILED	976fa70e0d77d42f5dde70aa50f884a4000c7eb42b31b8771111677b9e004b3f	AVAILABLE	eecfec8ef0625d74db2ace2d3ae19be08a00343c7b38bb026ab445c2fe638b81
1-object-1-call-site	ONE_FLOW_TO_CASTS_APPLICATION_GET_METHOD	com.acme.benchmark:impact-medium-app:jar@	CALLER	REACHABILITY_PATH	2	5	com.acme.benchmark.BodyChangeUseCase#execute()I@PROJECT|context=CallStringContext: [ com.ibm.wala.FakeRootClass.fakeRootMethod()V@4 ]|nodeId=5|walaSynthetic=false|sentinelRole=NONE	CallStringContext: [ com.ibm.wala.FakeRootClass.fakeRootMethod()V@4 ]	false	NONE	com.acme.benchmark.BodyChangeUseCase#execute()I@PROJECT	com.acme.benchmark.BodyChangeUseCase	execute	()I	PROJECT	2	2	2											FAKE_ROOT	com.ibm.wala.FakeRootClass#fakeRootMethod()V@SYNTHETIC|context=Everywhere|nodeId=0|walaSynthetic=true|sentinelRole=FAKE_ROOT	[FAKE_ROOT] com.ibm.wala.FakeRootClass#fakeRootMethod()V@SYNTHETIC|context=Everywhere|nodeId=0|walaSynthetic=true|sentinelRole=FAKE_ROOT -> com.acme.benchmark.BodyChangeUseCase#execute()I@PROJECT|context=CallStringContext: [ com.ibm.wala.FakeRootClass.fakeRootMethod()V@4 ]|nodeId=5|walaSynthetic=false|sentinelRole=NONE	false	DECOMPILED	976fa70e0d77d42f5dde70aa50f884a4000c7eb42b31b8771111677b9e004b3f	AVAILABLE	eecfec8ef0625d74db2ace2d3ae19be08a00343c7b38bb026ab445c2fe638b81
1-object-1-call-site	ONE_FLOW_TO_CASTS_APPLICATION_GET_METHOD	com.acme.benchmark:impact-medium-app:jar@	CALLER	RANKED_CGNODE	3	8	com.acme.benchmark.DescriptorChangeUseCase#executeOldDescriptor()Ljava/lang/String;@PROJECT|context=CallStringContext: [ com.ibm.wala.FakeRootClass.fakeRootMethod()V@8 ]|nodeId=8|walaSynthetic=false|sentinelRole=NONE	CallStringContext: [ com.ibm.wala.FakeRootClass.fakeRootMethod()V@8 ]	false	NONE	com.acme.benchmark.DescriptorChangeUseCase#executeOldDescriptor()Ljava/lang/String;@PROJECT	com.acme.benchmark.DescriptorChangeUseCase	executeOldDescriptor	()Ljava/lang/String;	PROJECT	2	2	2														false	DECOMPILED	8e060f6feb0b883c9f36b83d36a32fb7d72a4c761ce8bd5accdfb8524055a0c3	AVAILABLE	4938cc5b9ba2464c73c4f56ea6b2880d53fe2c49717d9e7e3653ddefc822fae2
1-object-1-call-site	ONE_FLOW_TO_CASTS_APPLICATION_GET_METHOD	com.acme.benchmark:impact-medium-app:jar@	CALLER	RELATED_IMETHOD	3	8	com.acme.benchmark.DescriptorChangeUseCase#executeOldDescriptor()Ljava/lang/String;@PROJECT|context=CallStringContext: [ com.ibm.wala.FakeRootClass.fakeRootMethod()V@8 ]|nodeId=8|walaSynthetic=false|sentinelRole=NONE	CallStringContext: [ com.ibm.wala.FakeRootClass.fakeRootMethod()V@8 ]	false	NONE	com.acme.benchmark.DescriptorChangeUseCase#executeOldDescriptor()Ljava/lang/String;@PROJECT	com.acme.benchmark.DescriptorChangeUseCase	executeOldDescriptor	()Ljava/lang/String;	PROJECT	2	2	2	1	com.acme.impact.bridge.LegacyImpactBridge#<init>()V@DEPENDENCY	com.acme.impact.bridge.LegacyImpactBridge	<init>	()V	DEPENDENCY	1	1	0	com.acme.impact.bridge.LegacyImpactBridge#<init>()V@DEPENDENCY|context=CallStringContextPair: [ com.acme.benchmark.DescriptorChangeUseCase.executeOldDescriptor()Ljava/lang/String;@4 ]:AllocationStringContext{allocationString=AllocationString{allocationSites=[SITE{< Application, Lcom/acme/benchmark/DescriptorChangeUseCase, executeOldDescriptor()Ljava/lang/String; >:NEW <Application,Lcom/acme/impact/bridge/LegacyImpactBridge>@0}]}}|nodeId=27|walaSynthetic=false|sentinelRole=NONE				false	DECOMPILED	8e060f6feb0b883c9f36b83d36a32fb7d72a4c761ce8bd5accdfb8524055a0c3	AVAILABLE	4938cc5b9ba2464c73c4f56ea6b2880d53fe2c49717d9e7e3653ddefc822fae2
1-object-1-call-site	ONE_FLOW_TO_CASTS_APPLICATION_GET_METHOD	com.acme.benchmark:impact-medium-app:jar@	CALLER	RELATED_IMETHOD	3	8	com.acme.benchmark.DescriptorChangeUseCase#executeOldDescriptor()Ljava/lang/String;@PROJECT|context=CallStringContext: [ com.ibm.wala.FakeRootClass.fakeRootMethod()V@8 ]|nodeId=8|walaSynthetic=false|sentinelRole=NONE	CallStringContext: [ com.ibm.wala.FakeRootClass.fakeRootMethod()V@8 ]	false	NONE	com.acme.benchmark.DescriptorChangeUseCase#executeOldDescriptor()Ljava/lang/String;@PROJECT	com.acme.benchmark.DescriptorChangeUseCase	executeOldDescriptor	()Ljava/lang/String;	PROJECT	2	2	2	2	com.acme.impact.bridge.LegacyImpactBridge#callOldDescriptor(Ljava/lang/String;)Ljava/lang/String;@DEPENDENCY	com.acme.impact.bridge.LegacyImpactBridge	callOldDescriptor	(Ljava/lang/String;)Ljava/lang/String;	DEPENDENCY	1	1	0	com.acme.impact.bridge.LegacyImpactBridge#callOldDescriptor(Ljava/lang/String;)Ljava/lang/String;@DEPENDENCY|context=CallStringContextPair: [ com.acme.benchmark.DescriptorChangeUseCase.executeOldDescriptor()Ljava/lang/String;@9 ]:AllocationStringContext{allocationString=AllocationString{allocationSites=[SITE{< Application, Lcom/acme/benchmark/DescriptorChangeUseCase, executeOldDescriptor()Ljava/lang/String; >:NEW <Application,Lcom/acme/impact/bridge/LegacyImpactBridge>@0}]}}|nodeId=28|walaSynthetic=false|sentinelRole=NONE				false	DECOMPILED	8e060f6feb0b883c9f36b83d36a32fb7d72a4c761ce8bd5accdfb8524055a0c3	AVAILABLE	4938cc5b9ba2464c73c4f56ea6b2880d53fe2c49717d9e7e3653ddefc822fae2
1-object-1-call-site	ONE_FLOW_TO_CASTS_APPLICATION_GET_METHOD	com.acme.benchmark:impact-medium-app:jar@	CALLER	REACHABILITY_PATH	3	8	com.acme.benchmark.DescriptorChangeUseCase#executeOldDescriptor()Ljava/lang/String;@PROJECT|context=CallStringContext: [ com.ibm.wala.FakeRootClass.fakeRootMethod()V@8 ]|nodeId=8|walaSynthetic=false|sentinelRole=NONE	CallStringContext: [ com.ibm.wala.FakeRootClass.fakeRootMethod()V@8 ]	false	NONE	com.acme.benchmark.DescriptorChangeUseCase#executeOldDescriptor()Ljava/lang/String;@PROJECT	com.acme.benchmark.DescriptorChangeUseCase	executeOldDescriptor	()Ljava/lang/String;	PROJECT	2	2	2											DECLARED_ENTRYPOINT	com.acme.benchmark.DescriptorChangeUseCase#executeOldDescriptor()Ljava/lang/String;@PROJECT|context=CallStringContext: [ com.ibm.wala.FakeRootClass.fakeRootMethod()V@8 ]|nodeId=8|walaSynthetic=false|sentinelRole=NONE	com.acme.benchmark.DescriptorChangeUseCase#executeOldDescriptor()Ljava/lang/String;@PROJECT|context=CallStringContext: [ com.ibm.wala.FakeRootClass.fakeRootMethod()V@8 ]|nodeId=8|walaSynthetic=false|sentinelRole=NONE	false	DECOMPILED	8e060f6feb0b883c9f36b83d36a32fb7d72a4c761ce8bd5accdfb8524055a0c3	AVAILABLE	4938cc5b9ba2464c73c4f56ea6b2880d53fe2c49717d9e7e3653ddefc822fae2
1-object-1-call-site	ONE_FLOW_TO_CASTS_APPLICATION_GET_METHOD	com.acme.benchmark:impact-medium-app:jar@	CALLER	REACHABILITY_PATH	3	8	com.acme.benchmark.DescriptorChangeUseCase#executeOldDescriptor()Ljava/lang/String;@PROJECT|context=CallStringContext: [ com.ibm.wala.FakeRootClass.fakeRootMethod()V@8 ]|nodeId=8|walaSynthetic=false|sentinelRole=NONE	CallStringContext: [ com.ibm.wala.FakeRootClass.fakeRootMethod()V@8 ]	false	NONE	com.acme.benchmark.DescriptorChangeUseCase#executeOldDescriptor()Ljava/lang/String;@PROJECT	com.acme.benchmark.DescriptorChangeUseCase	executeOldDescriptor	()Ljava/lang/String;	PROJECT	2	2	2											FAKE_ROOT	com.ibm.wala.FakeRootClass#fakeRootMethod()V@SYNTHETIC|context=Everywhere|nodeId=0|walaSynthetic=true|sentinelRole=FAKE_ROOT	[FAKE_ROOT] com.ibm.wala.FakeRootClass#fakeRootMethod()V@SYNTHETIC|context=Everywhere|nodeId=0|walaSynthetic=true|sentinelRole=FAKE_ROOT -> com.acme.benchmark.DescriptorChangeUseCase#executeOldDescriptor()Ljava/lang/String;@PROJECT|context=CallStringContext: [ com.ibm.wala.FakeRootClass.fakeRootMethod()V@8 ]|nodeId=8|walaSynthetic=false|sentinelRole=NONE	false	DECOMPILED	8e060f6feb0b883c9f36b83d36a32fb7d72a4c761ce8bd5accdfb8524055a0c3	AVAILABLE	4938cc5b9ba2464c73c4f56ea6b2880d53fe2c49717d9e7e3653ddefc822fae2
1-object-1-call-site	ONE_FLOW_TO_CASTS_APPLICATION_GET_METHOD	com.acme.benchmark:impact-medium-app:jar@	CALLER	RANKED_CGNODE	4	12	com.acme.benchmark.FieldDescriptorUseCase#executeOldDescriptor()Ljava/lang/Object;@PROJECT|context=CallStringContext: [ com.ibm.wala.FakeRootClass.fakeRootMethod()V@13 ]|nodeId=12|walaSynthetic=false|sentinelRole=NONE	CallStringContext: [ com.ibm.wala.FakeRootClass.fakeRootMethod()V@13 ]	false	NONE	com.acme.benchmark.FieldDescriptorUseCase#executeOldDescriptor()Ljava/lang/Object;@PROJECT	com.acme.benchmark.FieldDescriptorUseCase	executeOldDescriptor	()Ljava/lang/Object;	PROJECT	2	2	2														false	DECOMPILED	d7c2f64cb9a685350fb19c0ba2e1fa3f0fc5c59c3d84543e1c72672583fda36d	AVAILABLE	d5689107c4902c27ab60489190fda9d547298754ffcd847a3d7a247927806956
1-object-1-call-site	ONE_FLOW_TO_CASTS_APPLICATION_GET_METHOD	com.acme.benchmark:impact-medium-app:jar@	CALLER	RELATED_IMETHOD	4	12	com.acme.benchmark.FieldDescriptorUseCase#executeOldDescriptor()Ljava/lang/Object;@PROJECT|context=CallStringContext: [ com.ibm.wala.FakeRootClass.fakeRootMethod()V@13 ]|nodeId=12|walaSynthetic=false|sentinelRole=NONE	CallStringContext: [ com.ibm.wala.FakeRootClass.fakeRootMethod()V@13 ]	false	NONE	com.acme.benchmark.FieldDescriptorUseCase#executeOldDescriptor()Ljava/lang/Object;@PROJECT	com.acme.benchmark.FieldDescriptorUseCase	executeOldDescriptor	()Ljava/lang/Object;	PROJECT	2	2	2	1	com.acme.impact.bridge.LegacyImpactBridge#<init>()V@DEPENDENCY	com.acme.impact.bridge.LegacyImpactBridge	<init>	()V	DEPENDENCY	1	1	0	com.acme.impact.bridge.LegacyImpactBridge#<init>()V@DEPENDENCY|context=CallStringContextPair: [ com.acme.benchmark.FieldDescriptorUseCase.executeOldDescriptor()Ljava/lang/Object;@4 ]:AllocationStringContext{allocationString=AllocationString{allocationSites=[SITE{< Application, Lcom/acme/benchmark/FieldDescriptorUseCase, executeOldDescriptor()Ljava/lang/Object; >:NEW <Application,Lcom/acme/impact/bridge/LegacyImpactBridge>@0}]}}|nodeId=31|walaSynthetic=false|sentinelRole=NONE				false	DECOMPILED	d7c2f64cb9a685350fb19c0ba2e1fa3f0fc5c59c3d84543e1c72672583fda36d	AVAILABLE	d5689107c4902c27ab60489190fda9d547298754ffcd847a3d7a247927806956
1-object-1-call-site	ONE_FLOW_TO_CASTS_APPLICATION_GET_METHOD	com.acme.benchmark:impact-medium-app:jar@	CALLER	RELATED_IMETHOD	4	12	com.acme.benchmark.FieldDescriptorUseCase#executeOldDescriptor()Ljava/lang/Object;@PROJECT|context=CallStringContext: [ com.ibm.wala.FakeRootClass.fakeRootMethod()V@13 ]|nodeId=12|walaSynthetic=false|sentinelRole=NONE	CallStringContext: [ com.ibm.wala.FakeRootClass.fakeRootMethod()V@13 ]	false	NONE	com.acme.benchmark.FieldDescriptorUseCase#executeOldDescriptor()Ljava/lang/Object;@PROJECT	com.acme.benchmark.FieldDescriptorUseCase	executeOldDescriptor	()Ljava/lang/Object;	PROJECT	2	2	2	2	com.acme.impact.bridge.LegacyImpactBridge#readOldDescriptorField()Ljava/lang/Object;@DEPENDENCY	com.acme.impact.bridge.LegacyImpactBridge	readOldDescriptorField	()Ljava/lang/Object;	DEPENDENCY	1	1	0	com.acme.impact.bridge.LegacyImpactBridge#readOldDescriptorField()Ljava/lang/Object;@DEPENDENCY|context=CallStringContextPair: [ com.acme.benchmark.FieldDescriptorUseCase.executeOldDescriptor()Ljava/lang/Object;@7 ]:AllocationStringContext{allocationString=AllocationString{allocationSites=[SITE{< Application, Lcom/acme/benchmark/FieldDescriptorUseCase, executeOldDescriptor()Ljava/lang/Object; >:NEW <Application,Lcom/acme/impact/bridge/LegacyImpactBridge>@0}]}}|nodeId=32|walaSynthetic=false|sentinelRole=NONE				false	DECOMPILED	d7c2f64cb9a685350fb19c0ba2e1fa3f0fc5c59c3d84543e1c72672583fda36d	AVAILABLE	d5689107c4902c27ab60489190fda9d547298754ffcd847a3d7a247927806956
1-object-1-call-site	ONE_FLOW_TO_CASTS_APPLICATION_GET_METHOD	com.acme.benchmark:impact-medium-app:jar@	CALLER	REACHABILITY_PATH	4	12	com.acme.benchmark.FieldDescriptorUseCase#executeOldDescriptor()Ljava/lang/Object;@PROJECT|context=CallStringContext: [ com.ibm.wala.FakeRootClass.fakeRootMethod()V@13 ]|nodeId=12|walaSynthetic=false|sentinelRole=NONE	CallStringContext: [ com.ibm.wala.FakeRootClass.fakeRootMethod()V@13 ]	false	NONE	com.acme.benchmark.FieldDescriptorUseCase#executeOldDescriptor()Ljava/lang/Object;@PROJECT	com.acme.benchmark.FieldDescriptorUseCase	executeOldDescriptor	()Ljava/lang/Object;	PROJECT	2	2	2											DECLARED_ENTRYPOINT	com.acme.benchmark.FieldDescriptorUseCase#executeOldDescriptor()Ljava/lang/Object;@PROJECT|context=CallStringContext: [ com.ibm.wala.FakeRootClass.fakeRootMethod()V@13 ]|nodeId=12|walaSynthetic=false|sentinelRole=NONE	com.acme.benchmark.FieldDescriptorUseCase#executeOldDescriptor()Ljava/lang/Object;@PROJECT|context=CallStringContext: [ com.ibm.wala.FakeRootClass.fakeRootMethod()V@13 ]|nodeId=12|walaSynthetic=false|sentinelRole=NONE	false	DECOMPILED	d7c2f64cb9a685350fb19c0ba2e1fa3f0fc5c59c3d84543e1c72672583fda36d	AVAILABLE	d5689107c4902c27ab60489190fda9d547298754ffcd847a3d7a247927806956
1-object-1-call-site	ONE_FLOW_TO_CASTS_APPLICATION_GET_METHOD	com.acme.benchmark:impact-medium-app:jar@	CALLER	REACHABILITY_PATH	4	12	com.acme.benchmark.FieldDescriptorUseCase#executeOldDescriptor()Ljava/lang/Object;@PROJECT|context=CallStringContext: [ com.ibm.wala.FakeRootClass.fakeRootMethod()V@13 ]|nodeId=12|walaSynthetic=false|sentinelRole=NONE	CallStringContext: [ com.ibm.wala.FakeRootClass.fakeRootMethod()V@13 ]	false	NONE	com.acme.benchmark.FieldDescriptorUseCase#executeOldDescriptor()Ljava/lang/Object;@PROJECT	com.acme.benchmark.FieldDescriptorUseCase	executeOldDescriptor	()Ljava/lang/Object;	PROJECT	2	2	2											FAKE_ROOT	com.ibm.wala.FakeRootClass#fakeRootMethod()V@SYNTHETIC|context=Everywhere|nodeId=0|walaSynthetic=true|sentinelRole=FAKE_ROOT	[FAKE_ROOT] com.ibm.wala.FakeRootClass#fakeRootMethod()V@SYNTHETIC|context=Everywhere|nodeId=0|walaSynthetic=true|sentinelRole=FAKE_ROOT -> com.acme.benchmark.FieldDescriptorUseCase#executeOldDescriptor()Ljava/lang/Object;@PROJECT|context=CallStringContext: [ com.ibm.wala.FakeRootClass.fakeRootMethod()V@13 ]|nodeId=12|walaSynthetic=false|sentinelRole=NONE	false	DECOMPILED	d7c2f64cb9a685350fb19c0ba2e1fa3f0fc5c59c3d84543e1c72672583fda36d	AVAILABLE	d5689107c4902c27ab60489190fda9d547298754ffcd847a3d7a247927806956
1-object-1-call-site	ONE_FLOW_TO_CASTS_APPLICATION_GET_METHOD	com.acme.benchmark:impact-medium-app:jar@	CALLER	RANKED_CGNODE	5	15	com.acme.benchmark.RemovedClassUseCase#execute()Ljava/lang/Object;@PROJECT|context=CallStringContext: [ com.ibm.wala.FakeRootClass.fakeRootMethod()V@17 ]|nodeId=15|walaSynthetic=false|sentinelRole=NONE	CallStringContext: [ com.ibm.wala.FakeRootClass.fakeRootMethod()V@17 ]	false	NONE	com.acme.benchmark.RemovedClassUseCase#execute()Ljava/lang/Object;@PROJECT	com.acme.benchmark.RemovedClassUseCase	execute	()Ljava/lang/Object;	PROJECT	2	2	2														false	DECOMPILED	4ecb9e2fbbadb22873106ad60cd4c8de5f2d5cf6b4e92fae6be7f497955ed6ba	AVAILABLE	8ce0c0889c1db27baf8c5a5c5419765d3a11cac78f191cf5c6b03e46f71c680e
1-object-1-call-site	ONE_FLOW_TO_CASTS_APPLICATION_GET_METHOD	com.acme.benchmark:impact-medium-app:jar@	CALLER	RELATED_IMETHOD	5	15	com.acme.benchmark.RemovedClassUseCase#execute()Ljava/lang/Object;@PROJECT|context=CallStringContext: [ com.ibm.wala.FakeRootClass.fakeRootMethod()V@17 ]|nodeId=15|walaSynthetic=false|sentinelRole=NONE	CallStringContext: [ com.ibm.wala.FakeRootClass.fakeRootMethod()V@17 ]	false	NONE	com.acme.benchmark.RemovedClassUseCase#execute()Ljava/lang/Object;@PROJECT	com.acme.benchmark.RemovedClassUseCase	execute	()Ljava/lang/Object;	PROJECT	2	2	2	1	com.acme.impact.bridge.LegacyImpactBridge#<init>()V@DEPENDENCY	com.acme.impact.bridge.LegacyImpactBridge	<init>	()V	DEPENDENCY	1	1	0	com.acme.impact.bridge.LegacyImpactBridge#<init>()V@DEPENDENCY|context=CallStringContextPair: [ com.acme.benchmark.RemovedClassUseCase.execute()Ljava/lang/Object;@4 ]:AllocationStringContext{allocationString=AllocationString{allocationSites=[SITE{< Application, Lcom/acme/benchmark/RemovedClassUseCase, execute()Ljava/lang/Object; >:NEW <Application,Lcom/acme/impact/bridge/LegacyImpactBridge>@0}]}}|nodeId=34|walaSynthetic=false|sentinelRole=NONE				false	DECOMPILED	4ecb9e2fbbadb22873106ad60cd4c8de5f2d5cf6b4e92fae6be7f497955ed6ba	AVAILABLE	8ce0c0889c1db27baf8c5a5c5419765d3a11cac78f191cf5c6b03e46f71c680e
1-object-1-call-site	ONE_FLOW_TO_CASTS_APPLICATION_GET_METHOD	com.acme.benchmark:impact-medium-app:jar@	CALLER	RELATED_IMETHOD	5	15	com.acme.benchmark.RemovedClassUseCase#execute()Ljava/lang/Object;@PROJECT|context=CallStringContext: [ com.ibm.wala.FakeRootClass.fakeRootMethod()V@17 ]|nodeId=15|walaSynthetic=false|sentinelRole=NONE	CallStringContext: [ com.ibm.wala.FakeRootClass.fakeRootMethod()V@17 ]	false	NONE	com.acme.benchmark.RemovedClassUseCase#execute()Ljava/lang/Object;@PROJECT	com.acme.benchmark.RemovedClassUseCase	execute	()Ljava/lang/Object;	PROJECT	2	2	2	2	com.acme.impact.bridge.LegacyImpactBridge#instantiateRemovedType()Ljava/lang/Object;@DEPENDENCY	com.acme.impact.bridge.LegacyImpactBridge	instantiateRemovedType	()Ljava/lang/Object;	DEPENDENCY	1	1	0	com.acme.impact.bridge.LegacyImpactBridge#instantiateRemovedType()Ljava/lang/Object;@DEPENDENCY|context=CallStringContextPair: [ com.acme.benchmark.RemovedClassUseCase.execute()Ljava/lang/Object;@7 ]:AllocationStringContext{allocationString=AllocationString{allocationSites=[SITE{< Application, Lcom/acme/benchmark/RemovedClassUseCase, execute()Ljava/lang/Object; >:NEW <Application,Lcom/acme/impact/bridge/LegacyImpactBridge>@0}]}}|nodeId=35|walaSynthetic=false|sentinelRole=NONE				false	DECOMPILED	4ecb9e2fbbadb22873106ad60cd4c8de5f2d5cf6b4e92fae6be7f497955ed6ba	AVAILABLE	8ce0c0889c1db27baf8c5a5c5419765d3a11cac78f191cf5c6b03e46f71c680e
1-object-1-call-site	ONE_FLOW_TO_CASTS_APPLICATION_GET_METHOD	com.acme.benchmark:impact-medium-app:jar@	CALLER	REACHABILITY_PATH	5	15	com.acme.benchmark.RemovedClassUseCase#execute()Ljava/lang/Object;@PROJECT|context=CallStringContext: [ com.ibm.wala.FakeRootClass.fakeRootMethod()V@17 ]|nodeId=15|walaSynthetic=false|sentinelRole=NONE	CallStringContext: [ com.ibm.wala.FakeRootClass.fakeRootMethod()V@17 ]	false	NONE	com.acme.benchmark.RemovedClassUseCase#execute()Ljava/lang/Object;@PROJECT	com.acme.benchmark.RemovedClassUseCase	execute	()Ljava/lang/Object;	PROJECT	2	2	2											DECLARED_ENTRYPOINT	com.acme.benchmark.RemovedClassUseCase#execute()Ljava/lang/Object;@PROJECT|context=CallStringContext: [ com.ibm.wala.FakeRootClass.fakeRootMethod()V@17 ]|nodeId=15|walaSynthetic=false|sentinelRole=NONE	com.acme.benchmark.RemovedClassUseCase#execute()Ljava/lang/Object;@PROJECT|context=CallStringContext: [ com.ibm.wala.FakeRootClass.fakeRootMethod()V@17 ]|nodeId=15|walaSynthetic=false|sentinelRole=NONE	false	DECOMPILED	4ecb9e2fbbadb22873106ad60cd4c8de5f2d5cf6b4e92fae6be7f497955ed6ba	AVAILABLE	8ce0c0889c1db27baf8c5a5c5419765d3a11cac78f191cf5c6b03e46f71c680e
1-object-1-call-site	ONE_FLOW_TO_CASTS_APPLICATION_GET_METHOD	com.acme.benchmark:impact-medium-app:jar@	CALLER	REACHABILITY_PATH	5	15	com.acme.benchmark.RemovedClassUseCase#execute()Ljava/lang/Object;@PROJECT|context=CallStringContext: [ com.ibm.wala.FakeRootClass.fakeRootMethod()V@17 ]|nodeId=15|walaSynthetic=false|sentinelRole=NONE	CallStringContext: [ com.ibm.wala.FakeRootClass.fakeRootMethod()V@17 ]	false	NONE	com.acme.benchmark.RemovedClassUseCase#execute()Ljava/lang/Object;@PROJECT	com.acme.benchmark.RemovedClassUseCase	execute	()Ljava/lang/Object;	PROJECT	2	2	2											FAKE_ROOT	com.ibm.wala.FakeRootClass#fakeRootMethod()V@SYNTHETIC|context=Everywhere|nodeId=0|walaSynthetic=true|sentinelRole=FAKE_ROOT	[FAKE_ROOT] com.ibm.wala.FakeRootClass#fakeRootMethod()V@SYNTHETIC|context=Everywhere|nodeId=0|walaSynthetic=true|sentinelRole=FAKE_ROOT -> com.acme.benchmark.RemovedClassUseCase#execute()Ljava/lang/Object;@PROJECT|context=CallStringContext: [ com.ibm.wala.FakeRootClass.fakeRootMethod()V@17 ]|nodeId=15|walaSynthetic=false|sentinelRole=NONE	false	DECOMPILED	4ecb9e2fbbadb22873106ad60cd4c8de5f2d5cf6b4e92fae6be7f497955ed6ba	AVAILABLE	8ce0c0889c1db27baf8c5a5c5419765d3a11cac78f191cf5c6b03e46f71c680e
1-object-1-call-site	ONE_FLOW_TO_CASTS_APPLICATION_GET_METHOD	com.acme.benchmark:impact-medium-app:jar@	CALLER	RANKED_CGNODE	6	18	com.acme.benchmark.RemovedFieldUseCase#execute()I@PROJECT|context=CallStringContext: [ com.ibm.wala.FakeRootClass.fakeRootMethod()V@21 ]|nodeId=18|walaSynthetic=false|sentinelRole=NONE	CallStringContext: [ com.ibm.wala.FakeRootClass.fakeRootMethod()V@21 ]	false	NONE	com.acme.benchmark.RemovedFieldUseCase#execute()I@PROJECT	com.acme.benchmark.RemovedFieldUseCase	execute	()I	PROJECT	2	2	2														false	DECOMPILED	b1c7ec49c82319ad4c32c8383c9e561085651ebac97ad55b0a58c03d81348848	AVAILABLE	a1e60a8d13fb6a45feef3076412aee10d207e0d122d99b256cd2bcbb912e312d
1-object-1-call-site	ONE_FLOW_TO_CASTS_APPLICATION_GET_METHOD	com.acme.benchmark:impact-medium-app:jar@	CALLER	RELATED_IMETHOD	6	18	com.acme.benchmark.RemovedFieldUseCase#execute()I@PROJECT|context=CallStringContext: [ com.ibm.wala.FakeRootClass.fakeRootMethod()V@21 ]|nodeId=18|walaSynthetic=false|sentinelRole=NONE	CallStringContext: [ com.ibm.wala.FakeRootClass.fakeRootMethod()V@21 ]	false	NONE	com.acme.benchmark.RemovedFieldUseCase#execute()I@PROJECT	com.acme.benchmark.RemovedFieldUseCase	execute	()I	PROJECT	2	2	2	1	com.acme.impact.bridge.LegacyImpactBridge#<init>()V@DEPENDENCY	com.acme.impact.bridge.LegacyImpactBridge	<init>	()V	DEPENDENCY	1	1	0	com.acme.impact.bridge.LegacyImpactBridge#<init>()V@DEPENDENCY|context=CallStringContextPair: [ com.acme.benchmark.RemovedFieldUseCase.execute()I@4 ]:AllocationStringContext{allocationString=AllocationString{allocationSites=[SITE{< Application, Lcom/acme/benchmark/RemovedFieldUseCase, execute()I >:NEW <Application,Lcom/acme/impact/bridge/LegacyImpactBridge>@0}]}}|nodeId=37|walaSynthetic=false|sentinelRole=NONE				false	DECOMPILED	b1c7ec49c82319ad4c32c8383c9e561085651ebac97ad55b0a58c03d81348848	AVAILABLE	a1e60a8d13fb6a45feef3076412aee10d207e0d122d99b256cd2bcbb912e312d
1-object-1-call-site	ONE_FLOW_TO_CASTS_APPLICATION_GET_METHOD	com.acme.benchmark:impact-medium-app:jar@	CALLER	RELATED_IMETHOD	6	18	com.acme.benchmark.RemovedFieldUseCase#execute()I@PROJECT|context=CallStringContext: [ com.ibm.wala.FakeRootClass.fakeRootMethod()V@21 ]|nodeId=18|walaSynthetic=false|sentinelRole=NONE	CallStringContext: [ com.ibm.wala.FakeRootClass.fakeRootMethod()V@21 ]	false	NONE	com.acme.benchmark.RemovedFieldUseCase#execute()I@PROJECT	com.acme.benchmark.RemovedFieldUseCase	execute	()I	PROJECT	2	2	2	2	com.acme.impact.bridge.LegacyImpactBridge#readRemovedField()I@DEPENDENCY	com.acme.impact.bridge.LegacyImpactBridge	readRemovedField	()I	DEPENDENCY	1	1	0	com.acme.impact.bridge.LegacyImpactBridge#readRemovedField()I@DEPENDENCY|context=CallStringContextPair: [ com.acme.benchmark.RemovedFieldUseCase.execute()I@7 ]:AllocationStringContext{allocationString=AllocationString{allocationSites=[SITE{< Application, Lcom/acme/benchmark/RemovedFieldUseCase, execute()I >:NEW <Application,Lcom/acme/impact/bridge/LegacyImpactBridge>@0}]}}|nodeId=38|walaSynthetic=false|sentinelRole=NONE				false	DECOMPILED	b1c7ec49c82319ad4c32c8383c9e561085651ebac97ad55b0a58c03d81348848	AVAILABLE	a1e60a8d13fb6a45feef3076412aee10d207e0d122d99b256cd2bcbb912e312d
1-object-1-call-site	ONE_FLOW_TO_CASTS_APPLICATION_GET_METHOD	com.acme.benchmark:impact-medium-app:jar@	CALLER	REACHABILITY_PATH	6	18	com.acme.benchmark.RemovedFieldUseCase#execute()I@PROJECT|context=CallStringContext: [ com.ibm.wala.FakeRootClass.fakeRootMethod()V@21 ]|nodeId=18|walaSynthetic=false|sentinelRole=NONE	CallStringContext: [ com.ibm.wala.FakeRootClass.fakeRootMethod()V@21 ]	false	NONE	com.acme.benchmark.RemovedFieldUseCase#execute()I@PROJECT	com.acme.benchmark.RemovedFieldUseCase	execute	()I	PROJECT	2	2	2											DECLARED_ENTRYPOINT	com.acme.benchmark.RemovedFieldUseCase#execute()I@PROJECT|context=CallStringContext: [ com.ibm.wala.FakeRootClass.fakeRootMethod()V@21 ]|nodeId=18|walaSynthetic=false|sentinelRole=NONE	com.acme.benchmark.RemovedFieldUseCase#execute()I@PROJECT|context=CallStringContext: [ com.ibm.wala.FakeRootClass.fakeRootMethod()V@21 ]|nodeId=18|walaSynthetic=false|sentinelRole=NONE	false	DECOMPILED	b1c7ec49c82319ad4c32c8383c9e561085651ebac97ad55b0a58c03d81348848	AVAILABLE	a1e60a8d13fb6a45feef3076412aee10d207e0d122d99b256cd2bcbb912e312d
1-object-1-call-site	ONE_FLOW_TO_CASTS_APPLICATION_GET_METHOD	com.acme.benchmark:impact-medium-app:jar@	CALLER	REACHABILITY_PATH	6	18	com.acme.benchmark.RemovedFieldUseCase#execute()I@PROJECT|context=CallStringContext: [ com.ibm.wala.FakeRootClass.fakeRootMethod()V@21 ]|nodeId=18|walaSynthetic=false|sentinelRole=NONE	CallStringContext: [ com.ibm.wala.FakeRootClass.fakeRootMethod()V@21 ]	false	NONE	com.acme.benchmark.RemovedFieldUseCase#execute()I@PROJECT	com.acme.benchmark.RemovedFieldUseCase	execute	()I	PROJECT	2	2	2											FAKE_ROOT	com.ibm.wala.FakeRootClass#fakeRootMethod()V@SYNTHETIC|context=Everywhere|nodeId=0|walaSynthetic=true|sentinelRole=FAKE_ROOT	[FAKE_ROOT] com.ibm.wala.FakeRootClass#fakeRootMethod()V@SYNTHETIC|context=Everywhere|nodeId=0|walaSynthetic=true|sentinelRole=FAKE_ROOT -> com.acme.benchmark.RemovedFieldUseCase#execute()I@PROJECT|context=CallStringContext: [ com.ibm.wala.FakeRootClass.fakeRootMethod()V@21 ]|nodeId=18|walaSynthetic=false|sentinelRole=NONE	false	DECOMPILED	b1c7ec49c82319ad4c32c8383c9e561085651ebac97ad55b0a58c03d81348848	AVAILABLE	a1e60a8d13fb6a45feef3076412aee10d207e0d122d99b256cd2bcbb912e312d
1-object-1-call-site	ONE_FLOW_TO_CASTS_APPLICATION_GET_METHOD	com.acme.benchmark:impact-medium-app:jar@	CALLER	RANKED_CGNODE	7	21	com.acme.benchmark.RemovedMethodUseCase#execute()Ljava/lang/String;@PROJECT|context=CallStringContext: [ com.ibm.wala.FakeRootClass.fakeRootMethod()V@25 ]|nodeId=21|walaSynthetic=false|sentinelRole=NONE	CallStringContext: [ com.ibm.wala.FakeRootClass.fakeRootMethod()V@25 ]	false	NONE	com.acme.benchmark.RemovedMethodUseCase#execute()Ljava/lang/String;@PROJECT	com.acme.benchmark.RemovedMethodUseCase	execute	()Ljava/lang/String;	PROJECT	2	2	2														false	DECOMPILED	6ce939df4e9e55e8ec4b75b61fc770f0c7b43a80a1f15047b57a0617efc900e1	AVAILABLE	6da5a0c3547c5cda51c3cb288a6655ea495fc3a8303bdc0417918ad8240cda38
1-object-1-call-site	ONE_FLOW_TO_CASTS_APPLICATION_GET_METHOD	com.acme.benchmark:impact-medium-app:jar@	CALLER	RELATED_IMETHOD	7	21	com.acme.benchmark.RemovedMethodUseCase#execute()Ljava/lang/String;@PROJECT|context=CallStringContext: [ com.ibm.wala.FakeRootClass.fakeRootMethod()V@25 ]|nodeId=21|walaSynthetic=false|sentinelRole=NONE	CallStringContext: [ com.ibm.wala.FakeRootClass.fakeRootMethod()V@25 ]	false	NONE	com.acme.benchmark.RemovedMethodUseCase#execute()Ljava/lang/String;@PROJECT	com.acme.benchmark.RemovedMethodUseCase	execute	()Ljava/lang/String;	PROJECT	2	2	2	1	com.acme.impact.bridge.LegacyImpactBridge#<init>()V@DEPENDENCY	com.acme.impact.bridge.LegacyImpactBridge	<init>	()V	DEPENDENCY	1	1	0	com.acme.impact.bridge.LegacyImpactBridge#<init>()V@DEPENDENCY|context=CallStringContextPair: [ com.acme.benchmark.RemovedMethodUseCase.execute()Ljava/lang/String;@4 ]:AllocationStringContext{allocationString=AllocationString{allocationSites=[SITE{< Application, Lcom/acme/benchmark/RemovedMethodUseCase, execute()Ljava/lang/String; >:NEW <Application,Lcom/acme/impact/bridge/LegacyImpactBridge>@0}]}}|nodeId=40|walaSynthetic=false|sentinelRole=NONE				false	DECOMPILED	6ce939df4e9e55e8ec4b75b61fc770f0c7b43a80a1f15047b57a0617efc900e1	AVAILABLE	6da5a0c3547c5cda51c3cb288a6655ea495fc3a8303bdc0417918ad8240cda38
1-object-1-call-site	ONE_FLOW_TO_CASTS_APPLICATION_GET_METHOD	com.acme.benchmark:impact-medium-app:jar@	CALLER	RELATED_IMETHOD	7	21	com.acme.benchmark.RemovedMethodUseCase#execute()Ljava/lang/String;@PROJECT|context=CallStringContext: [ com.ibm.wala.FakeRootClass.fakeRootMethod()V@25 ]|nodeId=21|walaSynthetic=false|sentinelRole=NONE	CallStringContext: [ com.ibm.wala.FakeRootClass.fakeRootMethod()V@25 ]	false	NONE	com.acme.benchmark.RemovedMethodUseCase#execute()Ljava/lang/String;@PROJECT	com.acme.benchmark.RemovedMethodUseCase	execute	()Ljava/lang/String;	PROJECT	2	2	2	2	com.acme.impact.bridge.LegacyImpactBridge#callRemovedMethod(Ljava/lang/String;)Ljava/lang/String;@DEPENDENCY	com.acme.impact.bridge.LegacyImpactBridge	callRemovedMethod	(Ljava/lang/String;)Ljava/lang/String;	DEPENDENCY	1	1	0	com.acme.impact.bridge.LegacyImpactBridge#callRemovedMethod(Ljava/lang/String;)Ljava/lang/String;@DEPENDENCY|context=CallStringContextPair: [ com.acme.benchmark.RemovedMethodUseCase.execute()Ljava/lang/String;@9 ]:AllocationStringContext{allocationString=AllocationString{allocationSites=[SITE{< Application, Lcom/acme/benchmark/RemovedMethodUseCase, execute()Ljava/lang/String; >:NEW <Application,Lcom/acme/impact/bridge/LegacyImpactBridge>@0}]}}|nodeId=41|walaSynthetic=false|sentinelRole=NONE				false	DECOMPILED	6ce939df4e9e55e8ec4b75b61fc770f0c7b43a80a1f15047b57a0617efc900e1	AVAILABLE	6da5a0c3547c5cda51c3cb288a6655ea495fc3a8303bdc0417918ad8240cda38
1-object-1-call-site	ONE_FLOW_TO_CASTS_APPLICATION_GET_METHOD	com.acme.benchmark:impact-medium-app:jar@	CALLER	REACHABILITY_PATH	7	21	com.acme.benchmark.RemovedMethodUseCase#execute()Ljava/lang/String;@PROJECT|context=CallStringContext: [ com.ibm.wala.FakeRootClass.fakeRootMethod()V@25 ]|nodeId=21|walaSynthetic=false|sentinelRole=NONE	CallStringContext: [ com.ibm.wala.FakeRootClass.fakeRootMethod()V@25 ]	false	NONE	com.acme.benchmark.RemovedMethodUseCase#execute()Ljava/lang/String;@PROJECT	com.acme.benchmark.RemovedMethodUseCase	execute	()Ljava/lang/String;	PROJECT	2	2	2											DECLARED_ENTRYPOINT	com.acme.benchmark.RemovedMethodUseCase#execute()Ljava/lang/String;@PROJECT|context=CallStringContext: [ com.ibm.wala.FakeRootClass.fakeRootMethod()V@25 ]|nodeId=21|walaSynthetic=false|sentinelRole=NONE	com.acme.benchmark.RemovedMethodUseCase#execute()Ljava/lang/String;@PROJECT|context=CallStringContext: [ com.ibm.wala.FakeRootClass.fakeRootMethod()V@25 ]|nodeId=21|walaSynthetic=false|sentinelRole=NONE	false	DECOMPILED	6ce939df4e9e55e8ec4b75b61fc770f0c7b43a80a1f15047b57a0617efc900e1	AVAILABLE	6da5a0c3547c5cda51c3cb288a6655ea495fc3a8303bdc0417918ad8240cda38
1-object-1-call-site	ONE_FLOW_TO_CASTS_APPLICATION_GET_METHOD	com.acme.benchmark:impact-medium-app:jar@	CALLER	REACHABILITY_PATH	7	21	com.acme.benchmark.RemovedMethodUseCase#execute()Ljava/lang/String;@PROJECT|context=CallStringContext: [ com.ibm.wala.FakeRootClass.fakeRootMethod()V@25 ]|nodeId=21|walaSynthetic=false|sentinelRole=NONE	CallStringContext: [ com.ibm.wala.FakeRootClass.fakeRootMethod()V@25 ]	false	NONE	com.acme.benchmark.RemovedMethodUseCase#execute()Ljava/lang/String;@PROJECT	com.acme.benchmark.RemovedMethodUseCase	execute	()Ljava/lang/String;	PROJECT	2	2	2											FAKE_ROOT	com.ibm.wala.FakeRootClass#fakeRootMethod()V@SYNTHETIC|context=Everywhere|nodeId=0|walaSynthetic=true|sentinelRole=FAKE_ROOT	[FAKE_ROOT] com.ibm.wala.FakeRootClass#fakeRootMethod()V@SYNTHETIC|context=Everywhere|nodeId=0|walaSynthetic=true|sentinelRole=FAKE_ROOT -> com.acme.benchmark.RemovedMethodUseCase#execute()Ljava/lang/String;@PROJECT|context=CallStringContext: [ com.ibm.wala.FakeRootClass.fakeRootMethod()V@25 ]|nodeId=21|walaSynthetic=false|sentinelRole=NONE	false	DECOMPILED	6ce939df4e9e55e8ec4b75b61fc770f0c7b43a80a1f15047b57a0617efc900e1	AVAILABLE	6da5a0c3547c5cda51c3cb288a6655ea495fc3a8303bdc0417918ad8240cda38
1-object-1-call-site	ONE_FLOW_TO_CASTS_APPLICATION_GET_METHOD	com.acme.benchmark:impact-medium-app:jar@	CALLER	RANKED_CGNODE	8	3	com.acme.benchmark.BodyChangeUseCase#<init>()V@PROJECT|context=CallStringContextPair: [ com.ibm.wala.FakeRootClass.fakeRootMethod()V@2 ]:AllocationStringContext{allocationString=AllocationString{allocationSites=[SITE{synthetic < Primordial, Lcom/ibm/wala/FakeRootClass, fakeRootMethod()V >:NEW <Application,Lcom/acme/benchmark/BodyChangeUseCase>@1}]}}|nodeId=3|walaSynthetic=false|sentinelRole=NONE	CallStringContextPair: [ com.ibm.wala.FakeRootClass.fakeRootMethod()V@2 ]:AllocationStringContext{allocationString=AllocationString{allocationSites=[SITE{synthetic < Primordial, Lcom/ibm/wala/FakeRootClass, fakeRootMethod()V >:NEW <Application,Lcom/acme/benchmark/BodyChangeUseCase>@1}]}}	false	NONE	com.acme.benchmark.BodyChangeUseCase#<init>()V@PROJECT	com.acme.benchmark.BodyChangeUseCase	<init>	()V	PROJECT	1	1	1														false	DECOMPILED	9255dd542918690704f519ec3862f391c5501cd9aa839b69b244fa7c2fbb1487	AVAILABLE	6b00ba0ead62a88c40bf78103c719815311b25a58e066e69a13c3d408f3d18e6
1-object-1-call-site	ONE_FLOW_TO_CASTS_APPLICATION_GET_METHOD	com.acme.benchmark:impact-medium-app:jar@	CALLER	RELATED_IMETHOD	8	3	com.acme.benchmark.BodyChangeUseCase#<init>()V@PROJECT|context=CallStringContextPair: [ com.ibm.wala.FakeRootClass.fakeRootMethod()V@2 ]:AllocationStringContext{allocationString=AllocationString{allocationSites=[SITE{synthetic < Primordial, Lcom/ibm/wala/FakeRootClass, fakeRootMethod()V >:NEW <Application,Lcom/acme/benchmark/BodyChangeUseCase>@1}]}}|nodeId=3|walaSynthetic=false|sentinelRole=NONE	CallStringContextPair: [ com.ibm.wala.FakeRootClass.fakeRootMethod()V@2 ]:AllocationStringContext{allocationString=AllocationString{allocationSites=[SITE{synthetic < Primordial, Lcom/ibm/wala/FakeRootClass, fakeRootMethod()V >:NEW <Application,Lcom/acme/benchmark/BodyChangeUseCase>@1}]}}	false	NONE	com.acme.benchmark.BodyChangeUseCase#<init>()V@PROJECT	com.acme.benchmark.BodyChangeUseCase	<init>	()V	PROJECT	1	1	1	1	java.lang.Object#<init>()V@JDK	java.lang.Object	<init>	()V	JDK	1	1	0	java.lang.Object#<init>()V@JDK|context=CallStringContextPair: [ com.acme.benchmark.BodyChangeUseCase.<init>()V@1 ]:AllocationStringContext{allocationString=AllocationString{allocationSites=[SITE{synthetic < Primordial, Lcom/ibm/wala/FakeRootClass, fakeRootMethod()V >:NEW <Application,Lcom/acme/benchmark/BodyChangeUseCase>@1}]}}|nodeId=23|walaSynthetic=false|sentinelRole=NONE				false	DECOMPILED	9255dd542918690704f519ec3862f391c5501cd9aa839b69b244fa7c2fbb1487	AVAILABLE	6b00ba0ead62a88c40bf78103c719815311b25a58e066e69a13c3d408f3d18e6
1-object-1-call-site	ONE_FLOW_TO_CASTS_APPLICATION_GET_METHOD	com.acme.benchmark:impact-medium-app:jar@	CALLER	REACHABILITY_PATH	8	3	com.acme.benchmark.BodyChangeUseCase#<init>()V@PROJECT|context=CallStringContextPair: [ com.ibm.wala.FakeRootClass.fakeRootMethod()V@2 ]:AllocationStringContext{allocationString=AllocationString{allocationSites=[SITE{synthetic < Primordial, Lcom/ibm/wala/FakeRootClass, fakeRootMethod()V >:NEW <Application,Lcom/acme/benchmark/BodyChangeUseCase>@1}]}}|nodeId=3|walaSynthetic=false|sentinelRole=NONE	CallStringContextPair: [ com.ibm.wala.FakeRootClass.fakeRootMethod()V@2 ]:AllocationStringContext{allocationString=AllocationString{allocationSites=[SITE{synthetic < Primordial, Lcom/ibm/wala/FakeRootClass, fakeRootMethod()V >:NEW <Application,Lcom/acme/benchmark/BodyChangeUseCase>@1}]}}	false	NONE	com.acme.benchmark.BodyChangeUseCase#<init>()V@PROJECT	com.acme.benchmark.BodyChangeUseCase	<init>	()V	PROJECT	1	1	1											FAKE_ROOT	com.ibm.wala.FakeRootClass#fakeRootMethod()V@SYNTHETIC|context=Everywhere|nodeId=0|walaSynthetic=true|sentinelRole=FAKE_ROOT	[FAKE_ROOT] com.ibm.wala.FakeRootClass#fakeRootMethod()V@SYNTHETIC|context=Everywhere|nodeId=0|walaSynthetic=true|sentinelRole=FAKE_ROOT -> com.acme.benchmark.BodyChangeUseCase#<init>()V@PROJECT|context=CallStringContextPair: [ com.ibm.wala.FakeRootClass.fakeRootMethod()V@2 ]:AllocationStringContext{allocationString=AllocationString{allocationSites=[SITE{synthetic < Primordial, Lcom/ibm/wala/FakeRootClass, fakeRootMethod()V >:NEW <Application,Lcom/acme/benchmark/BodyChangeUseCase>@1}]}}|nodeId=3|walaSynthetic=false|sentinelRole=NONE	false	DECOMPILED	9255dd542918690704f519ec3862f391c5501cd9aa839b69b244fa7c2fbb1487	AVAILABLE	6b00ba0ead62a88c40bf78103c719815311b25a58e066e69a13c3d408f3d18e6
1-object-1-call-site	ONE_FLOW_TO_CASTS_APPLICATION_GET_METHOD	com.acme.benchmark:impact-medium-app:jar@	CALLER	RANKED_CGNODE	9	4	com.acme.benchmark.BodyChangeUseCase#<init>()V@PROJECT|context=CallStringContextPair: [ com.ibm.wala.FakeRootClass.fakeRootMethod()V@3 ]:AllocationStringContext{allocationString=AllocationString{allocationSites=[SITE{synthetic < Primordial, Lcom/ibm/wala/FakeRootClass, fakeRootMethod()V >:NEW <Application,Lcom/acme/benchmark/BodyChangeUseCase>@1}]}}|nodeId=4|walaSynthetic=false|sentinelRole=NONE	CallStringContextPair: [ com.ibm.wala.FakeRootClass.fakeRootMethod()V@3 ]:AllocationStringContext{allocationString=AllocationString{allocationSites=[SITE{synthetic < Primordial, Lcom/ibm/wala/FakeRootClass, fakeRootMethod()V >:NEW <Application,Lcom/acme/benchmark/BodyChangeUseCase>@1}]}}	false	NONE	com.acme.benchmark.BodyChangeUseCase#<init>()V@PROJECT	com.acme.benchmark.BodyChangeUseCase	<init>	()V	PROJECT	1	1	1														false	DECOMPILED	9255dd542918690704f519ec3862f391c5501cd9aa839b69b244fa7c2fbb1487	AVAILABLE	6b00ba0ead62a88c40bf78103c719815311b25a58e066e69a13c3d408f3d18e6
1-object-1-call-site	ONE_FLOW_TO_CASTS_APPLICATION_GET_METHOD	com.acme.benchmark:impact-medium-app:jar@	CALLER	RELATED_IMETHOD	9	4	com.acme.benchmark.BodyChangeUseCase#<init>()V@PROJECT|context=CallStringContextPair: [ com.ibm.wala.FakeRootClass.fakeRootMethod()V@3 ]:AllocationStringContext{allocationString=AllocationString{allocationSites=[SITE{synthetic < Primordial, Lcom/ibm/wala/FakeRootClass, fakeRootMethod()V >:NEW <Application,Lcom/acme/benchmark/BodyChangeUseCase>@1}]}}|nodeId=4|walaSynthetic=false|sentinelRole=NONE	CallStringContextPair: [ com.ibm.wala.FakeRootClass.fakeRootMethod()V@3 ]:AllocationStringContext{allocationString=AllocationString{allocationSites=[SITE{synthetic < Primordial, Lcom/ibm/wala/FakeRootClass, fakeRootMethod()V >:NEW <Application,Lcom/acme/benchmark/BodyChangeUseCase>@1}]}}	false	NONE	com.acme.benchmark.BodyChangeUseCase#<init>()V@PROJECT	com.acme.benchmark.BodyChangeUseCase	<init>	()V	PROJECT	1	1	1	1	java.lang.Object#<init>()V@JDK	java.lang.Object	<init>	()V	JDK	1	1	0	java.lang.Object#<init>()V@JDK|context=CallStringContextPair: [ com.acme.benchmark.BodyChangeUseCase.<init>()V@1 ]:AllocationStringContext{allocationString=AllocationString{allocationSites=[SITE{synthetic < Primordial, Lcom/ibm/wala/FakeRootClass, fakeRootMethod()V >:NEW <Application,Lcom/acme/benchmark/BodyChangeUseCase>@1}]}}|nodeId=23|walaSynthetic=false|sentinelRole=NONE				false	DECOMPILED	9255dd542918690704f519ec3862f391c5501cd9aa839b69b244fa7c2fbb1487	AVAILABLE	6b00ba0ead62a88c40bf78103c719815311b25a58e066e69a13c3d408f3d18e6
1-object-1-call-site	ONE_FLOW_TO_CASTS_APPLICATION_GET_METHOD	com.acme.benchmark:impact-medium-app:jar@	CALLER	REACHABILITY_PATH	9	4	com.acme.benchmark.BodyChangeUseCase#<init>()V@PROJECT|context=CallStringContextPair: [ com.ibm.wala.FakeRootClass.fakeRootMethod()V@3 ]:AllocationStringContext{allocationString=AllocationString{allocationSites=[SITE{synthetic < Primordial, Lcom/ibm/wala/FakeRootClass, fakeRootMethod()V >:NEW <Application,Lcom/acme/benchmark/BodyChangeUseCase>@1}]}}|nodeId=4|walaSynthetic=false|sentinelRole=NONE	CallStringContextPair: [ com.ibm.wala.FakeRootClass.fakeRootMethod()V@3 ]:AllocationStringContext{allocationString=AllocationString{allocationSites=[SITE{synthetic < Primordial, Lcom/ibm/wala/FakeRootClass, fakeRootMethod()V >:NEW <Application,Lcom/acme/benchmark/BodyChangeUseCase>@1}]}}	false	NONE	com.acme.benchmark.BodyChangeUseCase#<init>()V@PROJECT	com.acme.benchmark.BodyChangeUseCase	<init>	()V	PROJECT	1	1	1											DECLARED_ENTRYPOINT	com.acme.benchmark.BodyChangeUseCase#<init>()V@PROJECT|context=CallStringContextPair: [ com.ibm.wala.FakeRootClass.fakeRootMethod()V@3 ]:AllocationStringContext{allocationString=AllocationString{allocationSites=[SITE{synthetic < Primordial, Lcom/ibm/wala/FakeRootClass, fakeRootMethod()V >:NEW <Application,Lcom/acme/benchmark/BodyChangeUseCase>@1}]}}|nodeId=4|walaSynthetic=false|sentinelRole=NONE	com.acme.benchmark.BodyChangeUseCase#<init>()V@PROJECT|context=CallStringContextPair: [ com.ibm.wala.FakeRootClass.fakeRootMethod()V@3 ]:AllocationStringContext{allocationString=AllocationString{allocationSites=[SITE{synthetic < Primordial, Lcom/ibm/wala/FakeRootClass, fakeRootMethod()V >:NEW <Application,Lcom/acme/benchmark/BodyChangeUseCase>@1}]}}|nodeId=4|walaSynthetic=false|sentinelRole=NONE	false	DECOMPILED	9255dd542918690704f519ec3862f391c5501cd9aa839b69b244fa7c2fbb1487	AVAILABLE	6b00ba0ead62a88c40bf78103c719815311b25a58e066e69a13c3d408f3d18e6
1-object-1-call-site	ONE_FLOW_TO_CASTS_APPLICATION_GET_METHOD	com.acme.benchmark:impact-medium-app:jar@	CALLER	REACHABILITY_PATH	9	4	com.acme.benchmark.BodyChangeUseCase#<init>()V@PROJECT|context=CallStringContextPair: [ com.ibm.wala.FakeRootClass.fakeRootMethod()V@3 ]:AllocationStringContext{allocationString=AllocationString{allocationSites=[SITE{synthetic < Primordial, Lcom/ibm/wala/FakeRootClass, fakeRootMethod()V >:NEW <Application,Lcom/acme/benchmark/BodyChangeUseCase>@1}]}}|nodeId=4|walaSynthetic=false|sentinelRole=NONE	CallStringContextPair: [ com.ibm.wala.FakeRootClass.fakeRootMethod()V@3 ]:AllocationStringContext{allocationString=AllocationString{allocationSites=[SITE{synthetic < Primordial, Lcom/ibm/wala/FakeRootClass, fakeRootMethod()V >:NEW <Application,Lcom/acme/benchmark/BodyChangeUseCase>@1}]}}	false	NONE	com.acme.benchmark.BodyChangeUseCase#<init>()V@PROJECT	com.acme.benchmark.BodyChangeUseCase	<init>	()V	PROJECT	1	1	1											FAKE_ROOT	com.ibm.wala.FakeRootClass#fakeRootMethod()V@SYNTHETIC|context=Everywhere|nodeId=0|walaSynthetic=true|sentinelRole=FAKE_ROOT	[FAKE_ROOT] com.ibm.wala.FakeRootClass#fakeRootMethod()V@SYNTHETIC|context=Everywhere|nodeId=0|walaSynthetic=true|sentinelRole=FAKE_ROOT -> com.acme.benchmark.BodyChangeUseCase#<init>()V@PROJECT|context=CallStringContextPair: [ com.ibm.wala.FakeRootClass.fakeRootMethod()V@3 ]:AllocationStringContext{allocationString=AllocationString{allocationSites=[SITE{synthetic < Primordial, Lcom/ibm/wala/FakeRootClass, fakeRootMethod()V >:NEW <Application,Lcom/acme/benchmark/BodyChangeUseCase>@1}]}}|nodeId=4|walaSynthetic=false|sentinelRole=NONE	false	DECOMPILED	9255dd542918690704f519ec3862f391c5501cd9aa839b69b244fa7c2fbb1487	AVAILABLE	6b00ba0ead62a88c40bf78103c719815311b25a58e066e69a13c3d408f3d18e6
1-object-1-call-site	ONE_FLOW_TO_CASTS_APPLICATION_GET_METHOD	com.acme.benchmark:impact-medium-app:jar@	CALLER	RANKED_CGNODE	10	6	com.acme.benchmark.DescriptorChangeUseCase#<init>()V@PROJECT|context=CallStringContextPair: [ com.ibm.wala.FakeRootClass.fakeRootMethod()V@6 ]:AllocationStringContext{allocationString=AllocationString{allocationSites=[SITE{synthetic < Primordial, Lcom/ibm/wala/FakeRootClass, fakeRootMethod()V >:NEW <Application,Lcom/acme/benchmark/DescriptorChangeUseCase>@5}]}}|nodeId=6|walaSynthetic=false|sentinelRole=NONE	CallStringContextPair: [ com.ibm.wala.FakeRootClass.fakeRootMethod()V@6 ]:AllocationStringContext{allocationString=AllocationString{allocationSites=[SITE{synthetic < Primordial, Lcom/ibm/wala/FakeRootClass, fakeRootMethod()V >:NEW <Application,Lcom/acme/benchmark/DescriptorChangeUseCase>@5}]}}	false	NONE	com.acme.benchmark.DescriptorChangeUseCase#<init>()V@PROJECT	com.acme.benchmark.DescriptorChangeUseCase	<init>	()V	PROJECT	1	1	1														false	DECOMPILED	cde8081c8a2fda08e8db17005f786ae17d07b9291b56adbacbf6005a230adcbf	AVAILABLE	96d8a3578959ef82230f6b7c054c4c113932bf27e55da24caf250eff6e8b6f66
1-object-1-call-site	ONE_FLOW_TO_CASTS_APPLICATION_GET_METHOD	com.acme.benchmark:impact-medium-app:jar@	CALLER	RELATED_IMETHOD	10	6	com.acme.benchmark.DescriptorChangeUseCase#<init>()V@PROJECT|context=CallStringContextPair: [ com.ibm.wala.FakeRootClass.fakeRootMethod()V@6 ]:AllocationStringContext{allocationString=AllocationString{allocationSites=[SITE{synthetic < Primordial, Lcom/ibm/wala/FakeRootClass, fakeRootMethod()V >:NEW <Application,Lcom/acme/benchmark/DescriptorChangeUseCase>@5}]}}|nodeId=6|walaSynthetic=false|sentinelRole=NONE	CallStringContextPair: [ com.ibm.wala.FakeRootClass.fakeRootMethod()V@6 ]:AllocationStringContext{allocationString=AllocationString{allocationSites=[SITE{synthetic < Primordial, Lcom/ibm/wala/FakeRootClass, fakeRootMethod()V >:NEW <Application,Lcom/acme/benchmark/DescriptorChangeUseCase>@5}]}}	false	NONE	com.acme.benchmark.DescriptorChangeUseCase#<init>()V@PROJECT	com.acme.benchmark.DescriptorChangeUseCase	<init>	()V	PROJECT	1	1	1	1	java.lang.Object#<init>()V@JDK	java.lang.Object	<init>	()V	JDK	1	1	0	java.lang.Object#<init>()V@JDK|context=CallStringContextPair: [ com.acme.benchmark.DescriptorChangeUseCase.<init>()V@1 ]:AllocationStringContext{allocationString=AllocationString{allocationSites=[SITE{synthetic < Primordial, Lcom/ibm/wala/FakeRootClass, fakeRootMethod()V >:NEW <Application,Lcom/acme/benchmark/DescriptorChangeUseCase>@5}]}}|nodeId=26|walaSynthetic=false|sentinelRole=NONE				false	DECOMPILED	cde8081c8a2fda08e8db17005f786ae17d07b9291b56adbacbf6005a230adcbf	AVAILABLE	96d8a3578959ef82230f6b7c054c4c113932bf27e55da24caf250eff6e8b6f66
1-object-1-call-site	ONE_FLOW_TO_CASTS_APPLICATION_GET_METHOD	com.acme.benchmark:impact-medium-app:jar@	CALLER	REACHABILITY_PATH	10	6	com.acme.benchmark.DescriptorChangeUseCase#<init>()V@PROJECT|context=CallStringContextPair: [ com.ibm.wala.FakeRootClass.fakeRootMethod()V@6 ]:AllocationStringContext{allocationString=AllocationString{allocationSites=[SITE{synthetic < Primordial, Lcom/ibm/wala/FakeRootClass, fakeRootMethod()V >:NEW <Application,Lcom/acme/benchmark/DescriptorChangeUseCase>@5}]}}|nodeId=6|walaSynthetic=false|sentinelRole=NONE	CallStringContextPair: [ com.ibm.wala.FakeRootClass.fakeRootMethod()V@6 ]:AllocationStringContext{allocationString=AllocationString{allocationSites=[SITE{synthetic < Primordial, Lcom/ibm/wala/FakeRootClass, fakeRootMethod()V >:NEW <Application,Lcom/acme/benchmark/DescriptorChangeUseCase>@5}]}}	false	NONE	com.acme.benchmark.DescriptorChangeUseCase#<init>()V@PROJECT	com.acme.benchmark.DescriptorChangeUseCase	<init>	()V	PROJECT	1	1	1											FAKE_ROOT	com.ibm.wala.FakeRootClass#fakeRootMethod()V@SYNTHETIC|context=Everywhere|nodeId=0|walaSynthetic=true|sentinelRole=FAKE_ROOT	[FAKE_ROOT] com.ibm.wala.FakeRootClass#fakeRootMethod()V@SYNTHETIC|context=Everywhere|nodeId=0|walaSynthetic=true|sentinelRole=FAKE_ROOT -> com.acme.benchmark.DescriptorChangeUseCase#<init>()V@PROJECT|context=CallStringContextPair: [ com.ibm.wala.FakeRootClass.fakeRootMethod()V@6 ]:AllocationStringContext{allocationString=AllocationString{allocationSites=[SITE{synthetic < Primordial, Lcom/ibm/wala/FakeRootClass, fakeRootMethod()V >:NEW <Application,Lcom/acme/benchmark/DescriptorChangeUseCase>@5}]}}|nodeId=6|walaSynthetic=false|sentinelRole=NONE	false	DECOMPILED	cde8081c8a2fda08e8db17005f786ae17d07b9291b56adbacbf6005a230adcbf	AVAILABLE	96d8a3578959ef82230f6b7c054c4c113932bf27e55da24caf250eff6e8b6f66
1-object-1-call-site	ONE_FLOW_TO_CASTS_APPLICATION_GET_METHOD	com.acme.benchmark:impact-medium-app:jar@	CALLEE	RANKED_CGNODE	1	23	java.lang.Object#<init>()V@JDK|context=CallStringContextPair: [ com.acme.benchmark.BodyChangeUseCase.<init>()V@1 ]:AllocationStringContext{allocationString=AllocationString{allocationSites=[SITE{synthetic < Primordial, Lcom/ibm/wala/FakeRootClass, fakeRootMethod()V >:NEW <Application,Lcom/acme/benchmark/BodyChangeUseCase>@1}]}}|nodeId=23|walaSynthetic=false|sentinelRole=NONE	CallStringContextPair: [ com.acme.benchmark.BodyChangeUseCase.<init>()V@1 ]:AllocationStringContext{allocationString=AllocationString{allocationSites=[SITE{synthetic < Primordial, Lcom/ibm/wala/FakeRootClass, fakeRootMethod()V >:NEW <Application,Lcom/acme/benchmark/BodyChangeUseCase>@1}]}}	false	NONE	java.lang.Object#<init>()V@JDK	java.lang.Object	<init>	()V	JDK	2	1	2														false	DECOMPILED	7bba52985f2ab21a1318c6746875d79d0eb89ec487321971902c9e6b27ac4170	AVAILABLE	50f2ffa80a1eafa8c60e708ef31663bf8f2e1468a5604ee6f54f58d9bd468cd4
1-object-1-call-site	ONE_FLOW_TO_CASTS_APPLICATION_GET_METHOD	com.acme.benchmark:impact-medium-app:jar@	CALLEE	RELATED_IMETHOD	1	23	java.lang.Object#<init>()V@JDK|context=CallStringContextPair: [ com.acme.benchmark.BodyChangeUseCase.<init>()V@1 ]:AllocationStringContext{allocationString=AllocationString{allocationSites=[SITE{synthetic < Primordial, Lcom/ibm/wala/FakeRootClass, fakeRootMethod()V >:NEW <Application,Lcom/acme/benchmark/BodyChangeUseCase>@1}]}}|nodeId=23|walaSynthetic=false|sentinelRole=NONE	CallStringContextPair: [ com.acme.benchmark.BodyChangeUseCase.<init>()V@1 ]:AllocationStringContext{allocationString=AllocationString{allocationSites=[SITE{synthetic < Primordial, Lcom/ibm/wala/FakeRootClass, fakeRootMethod()V >:NEW <Application,Lcom/acme/benchmark/BodyChangeUseCase>@1}]}}	false	NONE	java.lang.Object#<init>()V@JDK	java.lang.Object	<init>	()V	JDK	2	1	2	1	com.acme.benchmark.BodyChangeUseCase#<init>()V@PROJECT	com.acme.benchmark.BodyChangeUseCase	<init>	()V	PROJECT	2	2	0	com.acme.benchmark.BodyChangeUseCase#<init>()V@PROJECT|context=CallStringContextPair: [ com.ibm.wala.FakeRootClass.fakeRootMethod()V@2 ]:AllocationStringContext{allocationString=AllocationString{allocationSites=[SITE{synthetic < Primordial, Lcom/ibm/wala/FakeRootClass, fakeRootMethod()V >:NEW <Application,Lcom/acme/benchmark/BodyChangeUseCase>@1}]}}|nodeId=3|walaSynthetic=false|sentinelRole=NONE || com.acme.benchmark.BodyChangeUseCase#<init>()V@PROJECT|context=CallStringContextPair: [ com.ibm.wala.FakeRootClass.fakeRootMethod()V@3 ]:AllocationStringContext{allocationString=AllocationString{allocationSites=[SITE{synthetic < Primordial, Lcom/ibm/wala/FakeRootClass, fakeRootMethod()V >:NEW <Application,Lcom/acme/benchmark/BodyChangeUseCase>@1}]}}|nodeId=4|walaSynthetic=false|sentinelRole=NONE				false	DECOMPILED	7bba52985f2ab21a1318c6746875d79d0eb89ec487321971902c9e6b27ac4170	AVAILABLE	50f2ffa80a1eafa8c60e708ef31663bf8f2e1468a5604ee6f54f58d9bd468cd4
1-object-1-call-site	ONE_FLOW_TO_CASTS_APPLICATION_GET_METHOD	com.acme.benchmark:impact-medium-app:jar@	CALLEE	REACHABILITY_PATH	1	23	java.lang.Object#<init>()V@JDK|context=CallStringContextPair: [ com.acme.benchmark.BodyChangeUseCase.<init>()V@1 ]:AllocationStringContext{allocationString=AllocationString{allocationSites=[SITE{synthetic < Primordial, Lcom/ibm/wala/FakeRootClass, fakeRootMethod()V >:NEW <Application,Lcom/acme/benchmark/BodyChangeUseCase>@1}]}}|nodeId=23|walaSynthetic=false|sentinelRole=NONE	CallStringContextPair: [ com.acme.benchmark.BodyChangeUseCase.<init>()V@1 ]:AllocationStringContext{allocationString=AllocationString{allocationSites=[SITE{synthetic < Primordial, Lcom/ibm/wala/FakeRootClass, fakeRootMethod()V >:NEW <Application,Lcom/acme/benchmark/BodyChangeUseCase>@1}]}}	false	NONE	java.lang.Object#<init>()V@JDK	java.lang.Object	<init>	()V	JDK	2	1	2											DECLARED_ENTRYPOINT	com.acme.benchmark.BodyChangeUseCase#<init>()V@PROJECT|context=CallStringContextPair: [ com.ibm.wala.FakeRootClass.fakeRootMethod()V@3 ]:AllocationStringContext{allocationString=AllocationString{allocationSites=[SITE{synthetic < Primordial, Lcom/ibm/wala/FakeRootClass, fakeRootMethod()V >:NEW <Application,Lcom/acme/benchmark/BodyChangeUseCase>@1}]}}|nodeId=4|walaSynthetic=false|sentinelRole=NONE	com.acme.benchmark.BodyChangeUseCase#<init>()V@PROJECT|context=CallStringContextPair: [ com.ibm.wala.FakeRootClass.fakeRootMethod()V@3 ]:AllocationStringContext{allocationString=AllocationString{allocationSites=[SITE{synthetic < Primordial, Lcom/ibm/wala/FakeRootClass, fakeRootMethod()V >:NEW <Application,Lcom/acme/benchmark/BodyChangeUseCase>@1}]}}|nodeId=4|walaSynthetic=false|sentinelRole=NONE -> java.lang.Object#<init>()V@JDK|context=CallStringContextPair: [ com.acme.benchmark.BodyChangeUseCase.<init>()V@1 ]:AllocationStringContext{allocationString=AllocationString{allocationSites=[SITE{synthetic < Primordial, Lcom/ibm/wala/FakeRootClass, fakeRootMethod()V >:NEW <Application,Lcom/acme/benchmark/BodyChangeUseCase>@1}]}}|nodeId=23|walaSynthetic=false|sentinelRole=NONE	false	DECOMPILED	7bba52985f2ab21a1318c6746875d79d0eb89ec487321971902c9e6b27ac4170	AVAILABLE	50f2ffa80a1eafa8c60e708ef31663bf8f2e1468a5604ee6f54f58d9bd468cd4
1-object-1-call-site	ONE_FLOW_TO_CASTS_APPLICATION_GET_METHOD	com.acme.benchmark:impact-medium-app:jar@	CALLEE	REACHABILITY_PATH	1	23	java.lang.Object#<init>()V@JDK|context=CallStringContextPair: [ com.acme.benchmark.BodyChangeUseCase.<init>()V@1 ]:AllocationStringContext{allocationString=AllocationString{allocationSites=[SITE{synthetic < Primordial, Lcom/ibm/wala/FakeRootClass, fakeRootMethod()V >:NEW <Application,Lcom/acme/benchmark/BodyChangeUseCase>@1}]}}|nodeId=23|walaSynthetic=false|sentinelRole=NONE	CallStringContextPair: [ com.acme.benchmark.BodyChangeUseCase.<init>()V@1 ]:AllocationStringContext{allocationString=AllocationString{allocationSites=[SITE{synthetic < Primordial, Lcom/ibm/wala/FakeRootClass, fakeRootMethod()V >:NEW <Application,Lcom/acme/benchmark/BodyChangeUseCase>@1}]}}	false	NONE	java.lang.Object#<init>()V@JDK	java.lang.Object	<init>	()V	JDK	2	1	2											FAKE_ROOT	com.ibm.wala.FakeRootClass#fakeRootMethod()V@SYNTHETIC|context=Everywhere|nodeId=0|walaSynthetic=true|sentinelRole=FAKE_ROOT	[FAKE_ROOT] com.ibm.wala.FakeRootClass#fakeRootMethod()V@SYNTHETIC|context=Everywhere|nodeId=0|walaSynthetic=true|sentinelRole=FAKE_ROOT -> com.acme.benchmark.BodyChangeUseCase#<init>()V@PROJECT|context=CallStringContextPair: [ com.ibm.wala.FakeRootClass.fakeRootMethod()V@2 ]:AllocationStringContext{allocationString=AllocationString{allocationSites=[SITE{synthetic < Primordial, Lcom/ibm/wala/FakeRootClass, fakeRootMethod()V >:NEW <Application,Lcom/acme/benchmark/BodyChangeUseCase>@1}]}}|nodeId=3|walaSynthetic=false|sentinelRole=NONE -> java.lang.Object#<init>()V@JDK|context=CallStringContextPair: [ com.acme.benchmark.BodyChangeUseCase.<init>()V@1 ]:AllocationStringContext{allocationString=AllocationString{allocationSites=[SITE{synthetic < Primordial, Lcom/ibm/wala/FakeRootClass, fakeRootMethod()V >:NEW <Application,Lcom/acme/benchmark/BodyChangeUseCase>@1}]}}|nodeId=23|walaSynthetic=false|sentinelRole=NONE	false	DECOMPILED	7bba52985f2ab21a1318c6746875d79d0eb89ec487321971902c9e6b27ac4170	AVAILABLE	50f2ffa80a1eafa8c60e708ef31663bf8f2e1468a5604ee6f54f58d9bd468cd4
1-object-1-call-site	ONE_FLOW_TO_CASTS_APPLICATION_GET_METHOD	com.acme.benchmark:impact-medium-app:jar@	CALLEE	RANKED_CGNODE	2	26	java.lang.Object#<init>()V@JDK|context=CallStringContextPair: [ com.acme.benchmark.DescriptorChangeUseCase.<init>()V@1 ]:AllocationStringContext{allocationString=AllocationString{allocationSites=[SITE{synthetic < Primordial, Lcom/ibm/wala/FakeRootClass, fakeRootMethod()V >:NEW <Application,Lcom/acme/benchmark/DescriptorChangeUseCase>@5}]}}|nodeId=26|walaSynthetic=false|sentinelRole=NONE	CallStringContextPair: [ com.acme.benchmark.DescriptorChangeUseCase.<init>()V@1 ]:AllocationStringContext{allocationString=AllocationString{allocationSites=[SITE{synthetic < Primordial, Lcom/ibm/wala/FakeRootClass, fakeRootMethod()V >:NEW <Application,Lcom/acme/benchmark/DescriptorChangeUseCase>@5}]}}	false	NONE	java.lang.Object#<init>()V@JDK	java.lang.Object	<init>	()V	JDK	2	1	2														false	DECOMPILED	7bba52985f2ab21a1318c6746875d79d0eb89ec487321971902c9e6b27ac4170	AVAILABLE	50f2ffa80a1eafa8c60e708ef31663bf8f2e1468a5604ee6f54f58d9bd468cd4
1-object-1-call-site	ONE_FLOW_TO_CASTS_APPLICATION_GET_METHOD	com.acme.benchmark:impact-medium-app:jar@	CALLEE	RELATED_IMETHOD	2	26	java.lang.Object#<init>()V@JDK|context=CallStringContextPair: [ com.acme.benchmark.DescriptorChangeUseCase.<init>()V@1 ]:AllocationStringContext{allocationString=AllocationString{allocationSites=[SITE{synthetic < Primordial, Lcom/ibm/wala/FakeRootClass, fakeRootMethod()V >:NEW <Application,Lcom/acme/benchmark/DescriptorChangeUseCase>@5}]}}|nodeId=26|walaSynthetic=false|sentinelRole=NONE	CallStringContextPair: [ com.acme.benchmark.DescriptorChangeUseCase.<init>()V@1 ]:AllocationStringContext{allocationString=AllocationString{allocationSites=[SITE{synthetic < Primordial, Lcom/ibm/wala/FakeRootClass, fakeRootMethod()V >:NEW <Application,Lcom/acme/benchmark/DescriptorChangeUseCase>@5}]}}	false	NONE	java.lang.Object#<init>()V@JDK	java.lang.Object	<init>	()V	JDK	2	1	2	1	com.acme.benchmark.DescriptorChangeUseCase#<init>()V@PROJECT	com.acme.benchmark.DescriptorChangeUseCase	<init>	()V	PROJECT	2	2	0	com.acme.benchmark.DescriptorChangeUseCase#<init>()V@PROJECT|context=CallStringContextPair: [ com.ibm.wala.FakeRootClass.fakeRootMethod()V@6 ]:AllocationStringContext{allocationString=AllocationString{allocationSites=[SITE{synthetic < Primordial, Lcom/ibm/wala/FakeRootClass, fakeRootMethod()V >:NEW <Application,Lcom/acme/benchmark/DescriptorChangeUseCase>@5}]}}|nodeId=6|walaSynthetic=false|sentinelRole=NONE || com.acme.benchmark.DescriptorChangeUseCase#<init>()V@PROJECT|context=CallStringContextPair: [ com.ibm.wala.FakeRootClass.fakeRootMethod()V@7 ]:AllocationStringContext{allocationString=AllocationString{allocationSites=[SITE{synthetic < Primordial, Lcom/ibm/wala/FakeRootClass, fakeRootMethod()V >:NEW <Application,Lcom/acme/benchmark/DescriptorChangeUseCase>@5}]}}|nodeId=7|walaSynthetic=false|sentinelRole=NONE				false	DECOMPILED	7bba52985f2ab21a1318c6746875d79d0eb89ec487321971902c9e6b27ac4170	AVAILABLE	50f2ffa80a1eafa8c60e708ef31663bf8f2e1468a5604ee6f54f58d9bd468cd4
1-object-1-call-site	ONE_FLOW_TO_CASTS_APPLICATION_GET_METHOD	com.acme.benchmark:impact-medium-app:jar@	CALLEE	REACHABILITY_PATH	2	26	java.lang.Object#<init>()V@JDK|context=CallStringContextPair: [ com.acme.benchmark.DescriptorChangeUseCase.<init>()V@1 ]:AllocationStringContext{allocationString=AllocationString{allocationSites=[SITE{synthetic < Primordial, Lcom/ibm/wala/FakeRootClass, fakeRootMethod()V >:NEW <Application,Lcom/acme/benchmark/DescriptorChangeUseCase>@5}]}}|nodeId=26|walaSynthetic=false|sentinelRole=NONE	CallStringContextPair: [ com.acme.benchmark.DescriptorChangeUseCase.<init>()V@1 ]:AllocationStringContext{allocationString=AllocationString{allocationSites=[SITE{synthetic < Primordial, Lcom/ibm/wala/FakeRootClass, fakeRootMethod()V >:NEW <Application,Lcom/acme/benchmark/DescriptorChangeUseCase>@5}]}}	false	NONE	java.lang.Object#<init>()V@JDK	java.lang.Object	<init>	()V	JDK	2	1	2											DECLARED_ENTRYPOINT	com.acme.benchmark.DescriptorChangeUseCase#<init>()V@PROJECT|context=CallStringContextPair: [ com.ibm.wala.FakeRootClass.fakeRootMethod()V@7 ]:AllocationStringContext{allocationString=AllocationString{allocationSites=[SITE{synthetic < Primordial, Lcom/ibm/wala/FakeRootClass, fakeRootMethod()V >:NEW <Application,Lcom/acme/benchmark/DescriptorChangeUseCase>@5}]}}|nodeId=7|walaSynthetic=false|sentinelRole=NONE	com.acme.benchmark.DescriptorChangeUseCase#<init>()V@PROJECT|context=CallStringContextPair: [ com.ibm.wala.FakeRootClass.fakeRootMethod()V@7 ]:AllocationStringContext{allocationString=AllocationString{allocationSites=[SITE{synthetic < Primordial, Lcom/ibm/wala/FakeRootClass, fakeRootMethod()V >:NEW <Application,Lcom/acme/benchmark/DescriptorChangeUseCase>@5}]}}|nodeId=7|walaSynthetic=false|sentinelRole=NONE -> java.lang.Object#<init>()V@JDK|context=CallStringContextPair: [ com.acme.benchmark.DescriptorChangeUseCase.<init>()V@1 ]:AllocationStringContext{allocationString=AllocationString{allocationSites=[SITE{synthetic < Primordial, Lcom/ibm/wala/FakeRootClass, fakeRootMethod()V >:NEW <Application,Lcom/acme/benchmark/DescriptorChangeUseCase>@5}]}}|nodeId=26|walaSynthetic=false|sentinelRole=NONE	false	DECOMPILED	7bba52985f2ab21a1318c6746875d79d0eb89ec487321971902c9e6b27ac4170	AVAILABLE	50f2ffa80a1eafa8c60e708ef31663bf8f2e1468a5604ee6f54f58d9bd468cd4
1-object-1-call-site	ONE_FLOW_TO_CASTS_APPLICATION_GET_METHOD	com.acme.benchmark:impact-medium-app:jar@	CALLEE	REACHABILITY_PATH	2	26	java.lang.Object#<init>()V@JDK|context=CallStringContextPair: [ com.acme.benchmark.DescriptorChangeUseCase.<init>()V@1 ]:AllocationStringContext{allocationString=AllocationString{allocationSites=[SITE{synthetic < Primordial, Lcom/ibm/wala/FakeRootClass, fakeRootMethod()V >:NEW <Application,Lcom/acme/benchmark/DescriptorChangeUseCase>@5}]}}|nodeId=26|walaSynthetic=false|sentinelRole=NONE	CallStringContextPair: [ com.acme.benchmark.DescriptorChangeUseCase.<init>()V@1 ]:AllocationStringContext{allocationString=AllocationString{allocationSites=[SITE{synthetic < Primordial, Lcom/ibm/wala/FakeRootClass, fakeRootMethod()V >:NEW <Application,Lcom/acme/benchmark/DescriptorChangeUseCase>@5}]}}	false	NONE	java.lang.Object#<init>()V@JDK	java.lang.Object	<init>	()V	JDK	2	1	2											FAKE_ROOT	com.ibm.wala.FakeRootClass#fakeRootMethod()V@SYNTHETIC|context=Everywhere|nodeId=0|walaSynthetic=true|sentinelRole=FAKE_ROOT	[FAKE_ROOT] com.ibm.wala.FakeRootClass#fakeRootMethod()V@SYNTHETIC|context=Everywhere|nodeId=0|walaSynthetic=true|sentinelRole=FAKE_ROOT -> com.acme.benchmark.DescriptorChangeUseCase#<init>()V@PROJECT|context=CallStringContextPair: [ com.ibm.wala.FakeRootClass.fakeRootMethod()V@6 ]:AllocationStringContext{allocationString=AllocationString{allocationSites=[SITE{synthetic < Primordial, Lcom/ibm/wala/FakeRootClass, fakeRootMethod()V >:NEW <Application,Lcom/acme/benchmark/DescriptorChangeUseCase>@5}]}}|nodeId=6|walaSynthetic=false|sentinelRole=NONE -> java.lang.Object#<init>()V@JDK|context=CallStringContextPair: [ com.acme.benchmark.DescriptorChangeUseCase.<init>()V@1 ]:AllocationStringContext{allocationString=AllocationString{allocationSites=[SITE{synthetic < Primordial, Lcom/ibm/wala/FakeRootClass, fakeRootMethod()V >:NEW <Application,Lcom/acme/benchmark/DescriptorChangeUseCase>@5}]}}|nodeId=26|walaSynthetic=false|sentinelRole=NONE	false	DECOMPILED	7bba52985f2ab21a1318c6746875d79d0eb89ec487321971902c9e6b27ac4170	AVAILABLE	50f2ffa80a1eafa8c60e708ef31663bf8f2e1468a5604ee6f54f58d9bd468cd4
1-object-1-call-site	ONE_FLOW_TO_CASTS_APPLICATION_GET_METHOD	com.acme.benchmark:impact-medium-app:jar@	CALLEE	RANKED_CGNODE	3	29	java.lang.Object#<init>()V@JDK|context=CallStringContextPair: [ com.acme.benchmark.FieldDescriptorUseCase.<init>()V@1 ]:AllocationStringContext{allocationString=AllocationString{allocationSites=[SITE{synthetic < Primordial, Lcom/ibm/wala/FakeRootClass, fakeRootMethod()V >:NEW <Application,Lcom/acme/benchmark/FieldDescriptorUseCase>@9}]}}|nodeId=29|walaSynthetic=false|sentinelRole=NONE	CallStringContextPair: [ com.acme.benchmark.FieldDescriptorUseCase.<init>()V@1 ]:AllocationStringContext{allocationString=AllocationString{allocationSites=[SITE{synthetic < Primordial, Lcom/ibm/wala/FakeRootClass, fakeRootMethod()V >:NEW <Application,Lcom/acme/benchmark/FieldDescriptorUseCase>@9}]}}	false	NONE	java.lang.Object#<init>()V@JDK	java.lang.Object	<init>	()V	JDK	2	1	2														false	DECOMPILED	7bba52985f2ab21a1318c6746875d79d0eb89ec487321971902c9e6b27ac4170	AVAILABLE	50f2ffa80a1eafa8c60e708ef31663bf8f2e1468a5604ee6f54f58d9bd468cd4
1-object-1-call-site	ONE_FLOW_TO_CASTS_APPLICATION_GET_METHOD	com.acme.benchmark:impact-medium-app:jar@	CALLEE	RELATED_IMETHOD	3	29	java.lang.Object#<init>()V@JDK|context=CallStringContextPair: [ com.acme.benchmark.FieldDescriptorUseCase.<init>()V@1 ]:AllocationStringContext{allocationString=AllocationString{allocationSites=[SITE{synthetic < Primordial, Lcom/ibm/wala/FakeRootClass, fakeRootMethod()V >:NEW <Application,Lcom/acme/benchmark/FieldDescriptorUseCase>@9}]}}|nodeId=29|walaSynthetic=false|sentinelRole=NONE	CallStringContextPair: [ com.acme.benchmark.FieldDescriptorUseCase.<init>()V@1 ]:AllocationStringContext{allocationString=AllocationString{allocationSites=[SITE{synthetic < Primordial, Lcom/ibm/wala/FakeRootClass, fakeRootMethod()V >:NEW <Application,Lcom/acme/benchmark/FieldDescriptorUseCase>@9}]}}	false	NONE	java.lang.Object#<init>()V@JDK	java.lang.Object	<init>	()V	JDK	2	1	2	1	com.acme.benchmark.FieldDescriptorUseCase#<init>()V@PROJECT	com.acme.benchmark.FieldDescriptorUseCase	<init>	()V	PROJECT	2	2	0	com.acme.benchmark.FieldDescriptorUseCase#<init>()V@PROJECT|context=CallStringContextPair: [ com.ibm.wala.FakeRootClass.fakeRootMethod()V@10 ]:AllocationStringContext{allocationString=AllocationString{allocationSites=[SITE{synthetic < Primordial, Lcom/ibm/wala/FakeRootClass, fakeRootMethod()V >:NEW <Application,Lcom/acme/benchmark/FieldDescriptorUseCase>@9}]}}|nodeId=9|walaSynthetic=false|sentinelRole=NONE || com.acme.benchmark.FieldDescriptorUseCase#<init>()V@PROJECT|context=CallStringContextPair: [ com.ibm.wala.FakeRootClass.fakeRootMethod()V@11 ]:AllocationStringContext{allocationString=AllocationString{allocationSites=[SITE{synthetic < Primordial, Lcom/ibm/wala/FakeRootClass, fakeRootMethod()V >:NEW <Application,Lcom/acme/benchmark/FieldDescriptorUseCase>@9}]}}|nodeId=10|walaSynthetic=false|sentinelRole=NONE				false	DECOMPILED	7bba52985f2ab21a1318c6746875d79d0eb89ec487321971902c9e6b27ac4170	AVAILABLE	50f2ffa80a1eafa8c60e708ef31663bf8f2e1468a5604ee6f54f58d9bd468cd4
1-object-1-call-site	ONE_FLOW_TO_CASTS_APPLICATION_GET_METHOD	com.acme.benchmark:impact-medium-app:jar@	CALLEE	REACHABILITY_PATH	3	29	java.lang.Object#<init>()V@JDK|context=CallStringContextPair: [ com.acme.benchmark.FieldDescriptorUseCase.<init>()V@1 ]:AllocationStringContext{allocationString=AllocationString{allocationSites=[SITE{synthetic < Primordial, Lcom/ibm/wala/FakeRootClass, fakeRootMethod()V >:NEW <Application,Lcom/acme/benchmark/FieldDescriptorUseCase>@9}]}}|nodeId=29|walaSynthetic=false|sentinelRole=NONE	CallStringContextPair: [ com.acme.benchmark.FieldDescriptorUseCase.<init>()V@1 ]:AllocationStringContext{allocationString=AllocationString{allocationSites=[SITE{synthetic < Primordial, Lcom/ibm/wala/FakeRootClass, fakeRootMethod()V >:NEW <Application,Lcom/acme/benchmark/FieldDescriptorUseCase>@9}]}}	false	NONE	java.lang.Object#<init>()V@JDK	java.lang.Object	<init>	()V	JDK	2	1	2											DECLARED_ENTRYPOINT	com.acme.benchmark.FieldDescriptorUseCase#<init>()V@PROJECT|context=CallStringContextPair: [ com.ibm.wala.FakeRootClass.fakeRootMethod()V@11 ]:AllocationStringContext{allocationString=AllocationString{allocationSites=[SITE{synthetic < Primordial, Lcom/ibm/wala/FakeRootClass, fakeRootMethod()V >:NEW <Application,Lcom/acme/benchmark/FieldDescriptorUseCase>@9}]}}|nodeId=10|walaSynthetic=false|sentinelRole=NONE	com.acme.benchmark.FieldDescriptorUseCase#<init>()V@PROJECT|context=CallStringContextPair: [ com.ibm.wala.FakeRootClass.fakeRootMethod()V@11 ]:AllocationStringContext{allocationString=AllocationString{allocationSites=[SITE{synthetic < Primordial, Lcom/ibm/wala/FakeRootClass, fakeRootMethod()V >:NEW <Application,Lcom/acme/benchmark/FieldDescriptorUseCase>@9}]}}|nodeId=10|walaSynthetic=false|sentinelRole=NONE -> java.lang.Object#<init>()V@JDK|context=CallStringContextPair: [ com.acme.benchmark.FieldDescriptorUseCase.<init>()V@1 ]:AllocationStringContext{allocationString=AllocationString{allocationSites=[SITE{synthetic < Primordial, Lcom/ibm/wala/FakeRootClass, fakeRootMethod()V >:NEW <Application,Lcom/acme/benchmark/FieldDescriptorUseCase>@9}]}}|nodeId=29|walaSynthetic=false|sentinelRole=NONE	false	DECOMPILED	7bba52985f2ab21a1318c6746875d79d0eb89ec487321971902c9e6b27ac4170	AVAILABLE	50f2ffa80a1eafa8c60e708ef31663bf8f2e1468a5604ee6f54f58d9bd468cd4
1-object-1-call-site	ONE_FLOW_TO_CASTS_APPLICATION_GET_METHOD	com.acme.benchmark:impact-medium-app:jar@	CALLEE	REACHABILITY_PATH	3	29	java.lang.Object#<init>()V@JDK|context=CallStringContextPair: [ com.acme.benchmark.FieldDescriptorUseCase.<init>()V@1 ]:AllocationStringContext{allocationString=AllocationString{allocationSites=[SITE{synthetic < Primordial, Lcom/ibm/wala/FakeRootClass, fakeRootMethod()V >:NEW <Application,Lcom/acme/benchmark/FieldDescriptorUseCase>@9}]}}|nodeId=29|walaSynthetic=false|sentinelRole=NONE	CallStringContextPair: [ com.acme.benchmark.FieldDescriptorUseCase.<init>()V@1 ]:AllocationStringContext{allocationString=AllocationString{allocationSites=[SITE{synthetic < Primordial, Lcom/ibm/wala/FakeRootClass, fakeRootMethod()V >:NEW <Application,Lcom/acme/benchmark/FieldDescriptorUseCase>@9}]}}	false	NONE	java.lang.Object#<init>()V@JDK	java.lang.Object	<init>	()V	JDK	2	1	2											FAKE_ROOT	com.ibm.wala.FakeRootClass#fakeRootMethod()V@SYNTHETIC|context=Everywhere|nodeId=0|walaSynthetic=true|sentinelRole=FAKE_ROOT	[FAKE_ROOT] com.ibm.wala.FakeRootClass#fakeRootMethod()V@SYNTHETIC|context=Everywhere|nodeId=0|walaSynthetic=true|sentinelRole=FAKE_ROOT -> com.acme.benchmark.FieldDescriptorUseCase#<init>()V@PROJECT|context=CallStringContextPair: [ com.ibm.wala.FakeRootClass.fakeRootMethod()V@10 ]:AllocationStringContext{allocationString=AllocationString{allocationSites=[SITE{synthetic < Primordial, Lcom/ibm/wala/FakeRootClass, fakeRootMethod()V >:NEW <Application,Lcom/acme/benchmark/FieldDescriptorUseCase>@9}]}}|nodeId=9|walaSynthetic=false|sentinelRole=NONE -> java.lang.Object#<init>()V@JDK|context=CallStringContextPair: [ com.acme.benchmark.FieldDescriptorUseCase.<init>()V@1 ]:AllocationStringContext{allocationString=AllocationString{allocationSites=[SITE{synthetic < Primordial, Lcom/ibm/wala/FakeRootClass, fakeRootMethod()V >:NEW <Application,Lcom/acme/benchmark/FieldDescriptorUseCase>@9}]}}|nodeId=29|walaSynthetic=false|sentinelRole=NONE	false	DECOMPILED	7bba52985f2ab21a1318c6746875d79d0eb89ec487321971902c9e6b27ac4170	AVAILABLE	50f2ffa80a1eafa8c60e708ef31663bf8f2e1468a5604ee6f54f58d9bd468cd4
1-object-1-call-site	ONE_FLOW_TO_CASTS_APPLICATION_GET_METHOD	com.acme.benchmark:impact-medium-app:jar@	CALLEE	RANKED_CGNODE	4	33	java.lang.Object#<init>()V@JDK|context=CallStringContextPair: [ com.acme.benchmark.RemovedClassUseCase.<init>()V@1 ]:AllocationStringContext{allocationString=AllocationString{allocationSites=[SITE{synthetic < Primordial, Lcom/ibm/wala/FakeRootClass, fakeRootMethod()V >:NEW <Application,Lcom/acme/benchmark/RemovedClassUseCase>@14}]}}|nodeId=33|walaSynthetic=false|sentinelRole=NONE	CallStringContextPair: [ com.acme.benchmark.RemovedClassUseCase.<init>()V@1 ]:AllocationStringContext{allocationString=AllocationString{allocationSites=[SITE{synthetic < Primordial, Lcom/ibm/wala/FakeRootClass, fakeRootMethod()V >:NEW <Application,Lcom/acme/benchmark/RemovedClassUseCase>@14}]}}	false	NONE	java.lang.Object#<init>()V@JDK	java.lang.Object	<init>	()V	JDK	2	1	2														false	DECOMPILED	7bba52985f2ab21a1318c6746875d79d0eb89ec487321971902c9e6b27ac4170	AVAILABLE	50f2ffa80a1eafa8c60e708ef31663bf8f2e1468a5604ee6f54f58d9bd468cd4
1-object-1-call-site	ONE_FLOW_TO_CASTS_APPLICATION_GET_METHOD	com.acme.benchmark:impact-medium-app:jar@	CALLEE	RELATED_IMETHOD	4	33	java.lang.Object#<init>()V@JDK|context=CallStringContextPair: [ com.acme.benchmark.RemovedClassUseCase.<init>()V@1 ]:AllocationStringContext{allocationString=AllocationString{allocationSites=[SITE{synthetic < Primordial, Lcom/ibm/wala/FakeRootClass, fakeRootMethod()V >:NEW <Application,Lcom/acme/benchmark/RemovedClassUseCase>@14}]}}|nodeId=33|walaSynthetic=false|sentinelRole=NONE	CallStringContextPair: [ com.acme.benchmark.RemovedClassUseCase.<init>()V@1 ]:AllocationStringContext{allocationString=AllocationString{allocationSites=[SITE{synthetic < Primordial, Lcom/ibm/wala/FakeRootClass, fakeRootMethod()V >:NEW <Application,Lcom/acme/benchmark/RemovedClassUseCase>@14}]}}	false	NONE	java.lang.Object#<init>()V@JDK	java.lang.Object	<init>	()V	JDK	2	1	2	1	com.acme.benchmark.RemovedClassUseCase#<init>()V@PROJECT	com.acme.benchmark.RemovedClassUseCase	<init>	()V	PROJECT	2	2	0	com.acme.benchmark.RemovedClassUseCase#<init>()V@PROJECT|context=CallStringContextPair: [ com.ibm.wala.FakeRootClass.fakeRootMethod()V@15 ]:AllocationStringContext{allocationString=AllocationString{allocationSites=[SITE{synthetic < Primordial, Lcom/ibm/wala/FakeRootClass, fakeRootMethod()V >:NEW <Application,Lcom/acme/benchmark/RemovedClassUseCase>@14}]}}|nodeId=13|walaSynthetic=false|sentinelRole=NONE || com.acme.benchmark.RemovedClassUseCase#<init>()V@PROJECT|context=CallStringContextPair: [ com.ibm.wala.FakeRootClass.fakeRootMethod()V@16 ]:AllocationStringContext{allocationString=AllocationString{allocationSites=[SITE{synthetic < Primordial, Lcom/ibm/wala/FakeRootClass, fakeRootMethod()V >:NEW <Application,Lcom/acme/benchmark/RemovedClassUseCase>@14}]}}|nodeId=14|walaSynthetic=false|sentinelRole=NONE				false	DECOMPILED	7bba52985f2ab21a1318c6746875d79d0eb89ec487321971902c9e6b27ac4170	AVAILABLE	50f2ffa80a1eafa8c60e708ef31663bf8f2e1468a5604ee6f54f58d9bd468cd4
1-object-1-call-site	ONE_FLOW_TO_CASTS_APPLICATION_GET_METHOD	com.acme.benchmark:impact-medium-app:jar@	CALLEE	REACHABILITY_PATH	4	33	java.lang.Object#<init>()V@JDK|context=CallStringContextPair: [ com.acme.benchmark.RemovedClassUseCase.<init>()V@1 ]:AllocationStringContext{allocationString=AllocationString{allocationSites=[SITE{synthetic < Primordial, Lcom/ibm/wala/FakeRootClass, fakeRootMethod()V >:NEW <Application,Lcom/acme/benchmark/RemovedClassUseCase>@14}]}}|nodeId=33|walaSynthetic=false|sentinelRole=NONE	CallStringContextPair: [ com.acme.benchmark.RemovedClassUseCase.<init>()V@1 ]:AllocationStringContext{allocationString=AllocationString{allocationSites=[SITE{synthetic < Primordial, Lcom/ibm/wala/FakeRootClass, fakeRootMethod()V >:NEW <Application,Lcom/acme/benchmark/RemovedClassUseCase>@14}]}}	false	NONE	java.lang.Object#<init>()V@JDK	java.lang.Object	<init>	()V	JDK	2	1	2											DECLARED_ENTRYPOINT	com.acme.benchmark.RemovedClassUseCase#<init>()V@PROJECT|context=CallStringContextPair: [ com.ibm.wala.FakeRootClass.fakeRootMethod()V@16 ]:AllocationStringContext{allocationString=AllocationString{allocationSites=[SITE{synthetic < Primordial, Lcom/ibm/wala/FakeRootClass, fakeRootMethod()V >:NEW <Application,Lcom/acme/benchmark/RemovedClassUseCase>@14}]}}|nodeId=14|walaSynthetic=false|sentinelRole=NONE	com.acme.benchmark.RemovedClassUseCase#<init>()V@PROJECT|context=CallStringContextPair: [ com.ibm.wala.FakeRootClass.fakeRootMethod()V@16 ]:AllocationStringContext{allocationString=AllocationString{allocationSites=[SITE{synthetic < Primordial, Lcom/ibm/wala/FakeRootClass, fakeRootMethod()V >:NEW <Application,Lcom/acme/benchmark/RemovedClassUseCase>@14}]}}|nodeId=14|walaSynthetic=false|sentinelRole=NONE -> java.lang.Object#<init>()V@JDK|context=CallStringContextPair: [ com.acme.benchmark.RemovedClassUseCase.<init>()V@1 ]:AllocationStringContext{allocationString=AllocationString{allocationSites=[SITE{synthetic < Primordial, Lcom/ibm/wala/FakeRootClass, fakeRootMethod()V >:NEW <Application,Lcom/acme/benchmark/RemovedClassUseCase>@14}]}}|nodeId=33|walaSynthetic=false|sentinelRole=NONE	false	DECOMPILED	7bba52985f2ab21a1318c6746875d79d0eb89ec487321971902c9e6b27ac4170	AVAILABLE	50f2ffa80a1eafa8c60e708ef31663bf8f2e1468a5604ee6f54f58d9bd468cd4
1-object-1-call-site	ONE_FLOW_TO_CASTS_APPLICATION_GET_METHOD	com.acme.benchmark:impact-medium-app:jar@	CALLEE	REACHABILITY_PATH	4	33	java.lang.Object#<init>()V@JDK|context=CallStringContextPair: [ com.acme.benchmark.RemovedClassUseCase.<init>()V@1 ]:AllocationStringContext{allocationString=AllocationString{allocationSites=[SITE{synthetic < Primordial, Lcom/ibm/wala/FakeRootClass, fakeRootMethod()V >:NEW <Application,Lcom/acme/benchmark/RemovedClassUseCase>@14}]}}|nodeId=33|walaSynthetic=false|sentinelRole=NONE	CallStringContextPair: [ com.acme.benchmark.RemovedClassUseCase.<init>()V@1 ]:AllocationStringContext{allocationString=AllocationString{allocationSites=[SITE{synthetic < Primordial, Lcom/ibm/wala/FakeRootClass, fakeRootMethod()V >:NEW <Application,Lcom/acme/benchmark/RemovedClassUseCase>@14}]}}	false	NONE	java.lang.Object#<init>()V@JDK	java.lang.Object	<init>	()V	JDK	2	1	2											FAKE_ROOT	com.ibm.wala.FakeRootClass#fakeRootMethod()V@SYNTHETIC|context=Everywhere|nodeId=0|walaSynthetic=true|sentinelRole=FAKE_ROOT	[FAKE_ROOT] com.ibm.wala.FakeRootClass#fakeRootMethod()V@SYNTHETIC|context=Everywhere|nodeId=0|walaSynthetic=true|sentinelRole=FAKE_ROOT -> com.acme.benchmark.RemovedClassUseCase#<init>()V@PROJECT|context=CallStringContextPair: [ com.ibm.wala.FakeRootClass.fakeRootMethod()V@15 ]:AllocationStringContext{allocationString=AllocationString{allocationSites=[SITE{synthetic < Primordial, Lcom/ibm/wala/FakeRootClass, fakeRootMethod()V >:NEW <Application,Lcom/acme/benchmark/RemovedClassUseCase>@14}]}}|nodeId=13|walaSynthetic=false|sentinelRole=NONE -> java.lang.Object#<init>()V@JDK|context=CallStringContextPair: [ com.acme.benchmark.RemovedClassUseCase.<init>()V@1 ]:AllocationStringContext{allocationString=AllocationString{allocationSites=[SITE{synthetic < Primordial, Lcom/ibm/wala/FakeRootClass, fakeRootMethod()V >:NEW <Application,Lcom/acme/benchmark/RemovedClassUseCase>@14}]}}|nodeId=33|walaSynthetic=false|sentinelRole=NONE	false	DECOMPILED	7bba52985f2ab21a1318c6746875d79d0eb89ec487321971902c9e6b27ac4170	AVAILABLE	50f2ffa80a1eafa8c60e708ef31663bf8f2e1468a5604ee6f54f58d9bd468cd4
1-object-1-call-site	ONE_FLOW_TO_CASTS_APPLICATION_GET_METHOD	com.acme.benchmark:impact-medium-app:jar@	CALLEE	RANKED_CGNODE	5	36	java.lang.Object#<init>()V@JDK|context=CallStringContextPair: [ com.acme.benchmark.RemovedFieldUseCase.<init>()V@1 ]:AllocationStringContext{allocationString=AllocationString{allocationSites=[SITE{synthetic < Primordial, Lcom/ibm/wala/FakeRootClass, fakeRootMethod()V >:NEW <Application,Lcom/acme/benchmark/RemovedFieldUseCase>@18}]}}|nodeId=36|walaSynthetic=false|sentinelRole=NONE	CallStringContextPair: [ com.acme.benchmark.RemovedFieldUseCase.<init>()V@1 ]:AllocationStringContext{allocationString=AllocationString{allocationSites=[SITE{synthetic < Primordial, Lcom/ibm/wala/FakeRootClass, fakeRootMethod()V >:NEW <Application,Lcom/acme/benchmark/RemovedFieldUseCase>@18}]}}	false	NONE	java.lang.Object#<init>()V@JDK	java.lang.Object	<init>	()V	JDK	2	1	2														false	DECOMPILED	7bba52985f2ab21a1318c6746875d79d0eb89ec487321971902c9e6b27ac4170	AVAILABLE	50f2ffa80a1eafa8c60e708ef31663bf8f2e1468a5604ee6f54f58d9bd468cd4
1-object-1-call-site	ONE_FLOW_TO_CASTS_APPLICATION_GET_METHOD	com.acme.benchmark:impact-medium-app:jar@	CALLEE	RELATED_IMETHOD	5	36	java.lang.Object#<init>()V@JDK|context=CallStringContextPair: [ com.acme.benchmark.RemovedFieldUseCase.<init>()V@1 ]:AllocationStringContext{allocationString=AllocationString{allocationSites=[SITE{synthetic < Primordial, Lcom/ibm/wala/FakeRootClass, fakeRootMethod()V >:NEW <Application,Lcom/acme/benchmark/RemovedFieldUseCase>@18}]}}|nodeId=36|walaSynthetic=false|sentinelRole=NONE	CallStringContextPair: [ com.acme.benchmark.RemovedFieldUseCase.<init>()V@1 ]:AllocationStringContext{allocationString=AllocationString{allocationSites=[SITE{synthetic < Primordial, Lcom/ibm/wala/FakeRootClass, fakeRootMethod()V >:NEW <Application,Lcom/acme/benchmark/RemovedFieldUseCase>@18}]}}	false	NONE	java.lang.Object#<init>()V@JDK	java.lang.Object	<init>	()V	JDK	2	1	2	1	com.acme.benchmark.RemovedFieldUseCase#<init>()V@PROJECT	com.acme.benchmark.RemovedFieldUseCase	<init>	()V	PROJECT	2	2	0	com.acme.benchmark.RemovedFieldUseCase#<init>()V@PROJECT|context=CallStringContextPair: [ com.ibm.wala.FakeRootClass.fakeRootMethod()V@19 ]:AllocationStringContext{allocationString=AllocationString{allocationSites=[SITE{synthetic < Primordial, Lcom/ibm/wala/FakeRootClass, fakeRootMethod()V >:NEW <Application,Lcom/acme/benchmark/RemovedFieldUseCase>@18}]}}|nodeId=16|walaSynthetic=false|sentinelRole=NONE || com.acme.benchmark.RemovedFieldUseCase#<init>()V@PROJECT|context=CallStringContextPair: [ com.ibm.wala.FakeRootClass.fakeRootMethod()V@20 ]:AllocationStringContext{allocationString=AllocationString{allocationSites=[SITE{synthetic < Primordial, Lcom/ibm/wala/FakeRootClass, fakeRootMethod()V >:NEW <Application,Lcom/acme/benchmark/RemovedFieldUseCase>@18}]}}|nodeId=17|walaSynthetic=false|sentinelRole=NONE				false	DECOMPILED	7bba52985f2ab21a1318c6746875d79d0eb89ec487321971902c9e6b27ac4170	AVAILABLE	50f2ffa80a1eafa8c60e708ef31663bf8f2e1468a5604ee6f54f58d9bd468cd4
1-object-1-call-site	ONE_FLOW_TO_CASTS_APPLICATION_GET_METHOD	com.acme.benchmark:impact-medium-app:jar@	CALLEE	REACHABILITY_PATH	5	36	java.lang.Object#<init>()V@JDK|context=CallStringContextPair: [ com.acme.benchmark.RemovedFieldUseCase.<init>()V@1 ]:AllocationStringContext{allocationString=AllocationString{allocationSites=[SITE{synthetic < Primordial, Lcom/ibm/wala/FakeRootClass, fakeRootMethod()V >:NEW <Application,Lcom/acme/benchmark/RemovedFieldUseCase>@18}]}}|nodeId=36|walaSynthetic=false|sentinelRole=NONE	CallStringContextPair: [ com.acme.benchmark.RemovedFieldUseCase.<init>()V@1 ]:AllocationStringContext{allocationString=AllocationString{allocationSites=[SITE{synthetic < Primordial, Lcom/ibm/wala/FakeRootClass, fakeRootMethod()V >:NEW <Application,Lcom/acme/benchmark/RemovedFieldUseCase>@18}]}}	false	NONE	java.lang.Object#<init>()V@JDK	java.lang.Object	<init>	()V	JDK	2	1	2											DECLARED_ENTRYPOINT	com.acme.benchmark.RemovedFieldUseCase#<init>()V@PROJECT|context=CallStringContextPair: [ com.ibm.wala.FakeRootClass.fakeRootMethod()V@20 ]:AllocationStringContext{allocationString=AllocationString{allocationSites=[SITE{synthetic < Primordial, Lcom/ibm/wala/FakeRootClass, fakeRootMethod()V >:NEW <Application,Lcom/acme/benchmark/RemovedFieldUseCase>@18}]}}|nodeId=17|walaSynthetic=false|sentinelRole=NONE	com.acme.benchmark.RemovedFieldUseCase#<init>()V@PROJECT|context=CallStringContextPair: [ com.ibm.wala.FakeRootClass.fakeRootMethod()V@20 ]:AllocationStringContext{allocationString=AllocationString{allocationSites=[SITE{synthetic < Primordial, Lcom/ibm/wala/FakeRootClass, fakeRootMethod()V >:NEW <Application,Lcom/acme/benchmark/RemovedFieldUseCase>@18}]}}|nodeId=17|walaSynthetic=false|sentinelRole=NONE -> java.lang.Object#<init>()V@JDK|context=CallStringContextPair: [ com.acme.benchmark.RemovedFieldUseCase.<init>()V@1 ]:AllocationStringContext{allocationString=AllocationString{allocationSites=[SITE{synthetic < Primordial, Lcom/ibm/wala/FakeRootClass, fakeRootMethod()V >:NEW <Application,Lcom/acme/benchmark/RemovedFieldUseCase>@18}]}}|nodeId=36|walaSynthetic=false|sentinelRole=NONE	false	DECOMPILED	7bba52985f2ab21a1318c6746875d79d0eb89ec487321971902c9e6b27ac4170	AVAILABLE	50f2ffa80a1eafa8c60e708ef31663bf8f2e1468a5604ee6f54f58d9bd468cd4
1-object-1-call-site	ONE_FLOW_TO_CASTS_APPLICATION_GET_METHOD	com.acme.benchmark:impact-medium-app:jar@	CALLEE	REACHABILITY_PATH	5	36	java.lang.Object#<init>()V@JDK|context=CallStringContextPair: [ com.acme.benchmark.RemovedFieldUseCase.<init>()V@1 ]:AllocationStringContext{allocationString=AllocationString{allocationSites=[SITE{synthetic < Primordial, Lcom/ibm/wala/FakeRootClass, fakeRootMethod()V >:NEW <Application,Lcom/acme/benchmark/RemovedFieldUseCase>@18}]}}|nodeId=36|walaSynthetic=false|sentinelRole=NONE	CallStringContextPair: [ com.acme.benchmark.RemovedFieldUseCase.<init>()V@1 ]:AllocationStringContext{allocationString=AllocationString{allocationSites=[SITE{synthetic < Primordial, Lcom/ibm/wala/FakeRootClass, fakeRootMethod()V >:NEW <Application,Lcom/acme/benchmark/RemovedFieldUseCase>@18}]}}	false	NONE	java.lang.Object#<init>()V@JDK	java.lang.Object	<init>	()V	JDK	2	1	2											FAKE_ROOT	com.ibm.wala.FakeRootClass#fakeRootMethod()V@SYNTHETIC|context=Everywhere|nodeId=0|walaSynthetic=true|sentinelRole=FAKE_ROOT	[FAKE_ROOT] com.ibm.wala.FakeRootClass#fakeRootMethod()V@SYNTHETIC|context=Everywhere|nodeId=0|walaSynthetic=true|sentinelRole=FAKE_ROOT -> com.acme.benchmark.RemovedFieldUseCase#<init>()V@PROJECT|context=CallStringContextPair: [ com.ibm.wala.FakeRootClass.fakeRootMethod()V@19 ]:AllocationStringContext{allocationString=AllocationString{allocationSites=[SITE{synthetic < Primordial, Lcom/ibm/wala/FakeRootClass, fakeRootMethod()V >:NEW <Application,Lcom/acme/benchmark/RemovedFieldUseCase>@18}]}}|nodeId=16|walaSynthetic=false|sentinelRole=NONE -> java.lang.Object#<init>()V@JDK|context=CallStringContextPair: [ com.acme.benchmark.RemovedFieldUseCase.<init>()V@1 ]:AllocationStringContext{allocationString=AllocationString{allocationSites=[SITE{synthetic < Primordial, Lcom/ibm/wala/FakeRootClass, fakeRootMethod()V >:NEW <Application,Lcom/acme/benchmark/RemovedFieldUseCase>@18}]}}|nodeId=36|walaSynthetic=false|sentinelRole=NONE	false	DECOMPILED	7bba52985f2ab21a1318c6746875d79d0eb89ec487321971902c9e6b27ac4170	AVAILABLE	50f2ffa80a1eafa8c60e708ef31663bf8f2e1468a5604ee6f54f58d9bd468cd4
1-object-1-call-site	ONE_FLOW_TO_CASTS_APPLICATION_GET_METHOD	com.acme.benchmark:impact-medium-app:jar@	CALLEE	RANKED_CGNODE	6	39	java.lang.Object#<init>()V@JDK|context=CallStringContextPair: [ com.acme.benchmark.RemovedMethodUseCase.<init>()V@1 ]:AllocationStringContext{allocationString=AllocationString{allocationSites=[SITE{synthetic < Primordial, Lcom/ibm/wala/FakeRootClass, fakeRootMethod()V >:NEW <Application,Lcom/acme/benchmark/RemovedMethodUseCase>@22}]}}|nodeId=39|walaSynthetic=false|sentinelRole=NONE	CallStringContextPair: [ com.acme.benchmark.RemovedMethodUseCase.<init>()V@1 ]:AllocationStringContext{allocationString=AllocationString{allocationSites=[SITE{synthetic < Primordial, Lcom/ibm/wala/FakeRootClass, fakeRootMethod()V >:NEW <Application,Lcom/acme/benchmark/RemovedMethodUseCase>@22}]}}	false	NONE	java.lang.Object#<init>()V@JDK	java.lang.Object	<init>	()V	JDK	2	1	2														false	DECOMPILED	7bba52985f2ab21a1318c6746875d79d0eb89ec487321971902c9e6b27ac4170	AVAILABLE	50f2ffa80a1eafa8c60e708ef31663bf8f2e1468a5604ee6f54f58d9bd468cd4
1-object-1-call-site	ONE_FLOW_TO_CASTS_APPLICATION_GET_METHOD	com.acme.benchmark:impact-medium-app:jar@	CALLEE	RELATED_IMETHOD	6	39	java.lang.Object#<init>()V@JDK|context=CallStringContextPair: [ com.acme.benchmark.RemovedMethodUseCase.<init>()V@1 ]:AllocationStringContext{allocationString=AllocationString{allocationSites=[SITE{synthetic < Primordial, Lcom/ibm/wala/FakeRootClass, fakeRootMethod()V >:NEW <Application,Lcom/acme/benchmark/RemovedMethodUseCase>@22}]}}|nodeId=39|walaSynthetic=false|sentinelRole=NONE	CallStringContextPair: [ com.acme.benchmark.RemovedMethodUseCase.<init>()V@1 ]:AllocationStringContext{allocationString=AllocationString{allocationSites=[SITE{synthetic < Primordial, Lcom/ibm/wala/FakeRootClass, fakeRootMethod()V >:NEW <Application,Lcom/acme/benchmark/RemovedMethodUseCase>@22}]}}	false	NONE	java.lang.Object#<init>()V@JDK	java.lang.Object	<init>	()V	JDK	2	1	2	1	com.acme.benchmark.RemovedMethodUseCase#<init>()V@PROJECT	com.acme.benchmark.RemovedMethodUseCase	<init>	()V	PROJECT	2	2	0	com.acme.benchmark.RemovedMethodUseCase#<init>()V@PROJECT|context=CallStringContextPair: [ com.ibm.wala.FakeRootClass.fakeRootMethod()V@23 ]:AllocationStringContext{allocationString=AllocationString{allocationSites=[SITE{synthetic < Primordial, Lcom/ibm/wala/FakeRootClass, fakeRootMethod()V >:NEW <Application,Lcom/acme/benchmark/RemovedMethodUseCase>@22}]}}|nodeId=19|walaSynthetic=false|sentinelRole=NONE || com.acme.benchmark.RemovedMethodUseCase#<init>()V@PROJECT|context=CallStringContextPair: [ com.ibm.wala.FakeRootClass.fakeRootMethod()V@24 ]:AllocationStringContext{allocationString=AllocationString{allocationSites=[SITE{synthetic < Primordial, Lcom/ibm/wala/FakeRootClass, fakeRootMethod()V >:NEW <Application,Lcom/acme/benchmark/RemovedMethodUseCase>@22}]}}|nodeId=20|walaSynthetic=false|sentinelRole=NONE				false	DECOMPILED	7bba52985f2ab21a1318c6746875d79d0eb89ec487321971902c9e6b27ac4170	AVAILABLE	50f2ffa80a1eafa8c60e708ef31663bf8f2e1468a5604ee6f54f58d9bd468cd4
1-object-1-call-site	ONE_FLOW_TO_CASTS_APPLICATION_GET_METHOD	com.acme.benchmark:impact-medium-app:jar@	CALLEE	REACHABILITY_PATH	6	39	java.lang.Object#<init>()V@JDK|context=CallStringContextPair: [ com.acme.benchmark.RemovedMethodUseCase.<init>()V@1 ]:AllocationStringContext{allocationString=AllocationString{allocationSites=[SITE{synthetic < Primordial, Lcom/ibm/wala/FakeRootClass, fakeRootMethod()V >:NEW <Application,Lcom/acme/benchmark/RemovedMethodUseCase>@22}]}}|nodeId=39|walaSynthetic=false|sentinelRole=NONE	CallStringContextPair: [ com.acme.benchmark.RemovedMethodUseCase.<init>()V@1 ]:AllocationStringContext{allocationString=AllocationString{allocationSites=[SITE{synthetic < Primordial, Lcom/ibm/wala/FakeRootClass, fakeRootMethod()V >:NEW <Application,Lcom/acme/benchmark/RemovedMethodUseCase>@22}]}}	false	NONE	java.lang.Object#<init>()V@JDK	java.lang.Object	<init>	()V	JDK	2	1	2											DECLARED_ENTRYPOINT	com.acme.benchmark.RemovedMethodUseCase#<init>()V@PROJECT|context=CallStringContextPair: [ com.ibm.wala.FakeRootClass.fakeRootMethod()V@24 ]:AllocationStringContext{allocationString=AllocationString{allocationSites=[SITE{synthetic < Primordial, Lcom/ibm/wala/FakeRootClass, fakeRootMethod()V >:NEW <Application,Lcom/acme/benchmark/RemovedMethodUseCase>@22}]}}|nodeId=20|walaSynthetic=false|sentinelRole=NONE	com.acme.benchmark.RemovedMethodUseCase#<init>()V@PROJECT|context=CallStringContextPair: [ com.ibm.wala.FakeRootClass.fakeRootMethod()V@24 ]:AllocationStringContext{allocationString=AllocationString{allocationSites=[SITE{synthetic < Primordial, Lcom/ibm/wala/FakeRootClass, fakeRootMethod()V >:NEW <Application,Lcom/acme/benchmark/RemovedMethodUseCase>@22}]}}|nodeId=20|walaSynthetic=false|sentinelRole=NONE -> java.lang.Object#<init>()V@JDK|context=CallStringContextPair: [ com.acme.benchmark.RemovedMethodUseCase.<init>()V@1 ]:AllocationStringContext{allocationString=AllocationString{allocationSites=[SITE{synthetic < Primordial, Lcom/ibm/wala/FakeRootClass, fakeRootMethod()V >:NEW <Application,Lcom/acme/benchmark/RemovedMethodUseCase>@22}]}}|nodeId=39|walaSynthetic=false|sentinelRole=NONE	false	DECOMPILED	7bba52985f2ab21a1318c6746875d79d0eb89ec487321971902c9e6b27ac4170	AVAILABLE	50f2ffa80a1eafa8c60e708ef31663bf8f2e1468a5604ee6f54f58d9bd468cd4
1-object-1-call-site	ONE_FLOW_TO_CASTS_APPLICATION_GET_METHOD	com.acme.benchmark:impact-medium-app:jar@	CALLEE	REACHABILITY_PATH	6	39	java.lang.Object#<init>()V@JDK|context=CallStringContextPair: [ com.acme.benchmark.RemovedMethodUseCase.<init>()V@1 ]:AllocationStringContext{allocationString=AllocationString{allocationSites=[SITE{synthetic < Primordial, Lcom/ibm/wala/FakeRootClass, fakeRootMethod()V >:NEW <Application,Lcom/acme/benchmark/RemovedMethodUseCase>@22}]}}|nodeId=39|walaSynthetic=false|sentinelRole=NONE	CallStringContextPair: [ com.acme.benchmark.RemovedMethodUseCase.<init>()V@1 ]:AllocationStringContext{allocationString=AllocationString{allocationSites=[SITE{synthetic < Primordial, Lcom/ibm/wala/FakeRootClass, fakeRootMethod()V >:NEW <Application,Lcom/acme/benchmark/RemovedMethodUseCase>@22}]}}	false	NONE	java.lang.Object#<init>()V@JDK	java.lang.Object	<init>	()V	JDK	2	1	2											FAKE_ROOT	com.ibm.wala.FakeRootClass#fakeRootMethod()V@SYNTHETIC|context=Everywhere|nodeId=0|walaSynthetic=true|sentinelRole=FAKE_ROOT	[FAKE_ROOT] com.ibm.wala.FakeRootClass#fakeRootMethod()V@SYNTHETIC|context=Everywhere|nodeId=0|walaSynthetic=true|sentinelRole=FAKE_ROOT -> com.acme.benchmark.RemovedMethodUseCase#<init>()V@PROJECT|context=CallStringContextPair: [ com.ibm.wala.FakeRootClass.fakeRootMethod()V@23 ]:AllocationStringContext{allocationString=AllocationString{allocationSites=[SITE{synthetic < Primordial, Lcom/ibm/wala/FakeRootClass, fakeRootMethod()V >:NEW <Application,Lcom/acme/benchmark/RemovedMethodUseCase>@22}]}}|nodeId=19|walaSynthetic=false|sentinelRole=NONE -> java.lang.Object#<init>()V@JDK|context=CallStringContextPair: [ com.acme.benchmark.RemovedMethodUseCase.<init>()V@1 ]:AllocationStringContext{allocationString=AllocationString{allocationSites=[SITE{synthetic < Primordial, Lcom/ibm/wala/FakeRootClass, fakeRootMethod()V >:NEW <Application,Lcom/acme/benchmark/RemovedMethodUseCase>@22}]}}|nodeId=39|walaSynthetic=false|sentinelRole=NONE	false	DECOMPILED	7bba52985f2ab21a1318c6746875d79d0eb89ec487321971902c9e6b27ac4170	AVAILABLE	50f2ffa80a1eafa8c60e708ef31663bf8f2e1468a5604ee6f54f58d9bd468cd4
1-object-1-call-site	ONE_FLOW_TO_CASTS_APPLICATION_GET_METHOD	com.acme.benchmark:impact-medium-app:jar@	CALLEE	RANKED_CGNODE	7	3	com.acme.benchmark.BodyChangeUseCase#<init>()V@PROJECT|context=CallStringContextPair: [ com.ibm.wala.FakeRootClass.fakeRootMethod()V@2 ]:AllocationStringContext{allocationString=AllocationString{allocationSites=[SITE{synthetic < Primordial, Lcom/ibm/wala/FakeRootClass, fakeRootMethod()V >:NEW <Application,Lcom/acme/benchmark/BodyChangeUseCase>@1}]}}|nodeId=3|walaSynthetic=false|sentinelRole=NONE	CallStringContextPair: [ com.ibm.wala.FakeRootClass.fakeRootMethod()V@2 ]:AllocationStringContext{allocationString=AllocationString{allocationSites=[SITE{synthetic < Primordial, Lcom/ibm/wala/FakeRootClass, fakeRootMethod()V >:NEW <Application,Lcom/acme/benchmark/BodyChangeUseCase>@1}]}}	false	NONE	com.acme.benchmark.BodyChangeUseCase#<init>()V@PROJECT	com.acme.benchmark.BodyChangeUseCase	<init>	()V	PROJECT	1	1	1														false	DECOMPILED	9255dd542918690704f519ec3862f391c5501cd9aa839b69b244fa7c2fbb1487	AVAILABLE	6b00ba0ead62a88c40bf78103c719815311b25a58e066e69a13c3d408f3d18e6
1-object-1-call-site	ONE_FLOW_TO_CASTS_APPLICATION_GET_METHOD	com.acme.benchmark:impact-medium-app:jar@	CALLEE	RELATED_IMETHOD	7	3	com.acme.benchmark.BodyChangeUseCase#<init>()V@PROJECT|context=CallStringContextPair: [ com.ibm.wala.FakeRootClass.fakeRootMethod()V@2 ]:AllocationStringContext{allocationString=AllocationString{allocationSites=[SITE{synthetic < Primordial, Lcom/ibm/wala/FakeRootClass, fakeRootMethod()V >:NEW <Application,Lcom/acme/benchmark/BodyChangeUseCase>@1}]}}|nodeId=3|walaSynthetic=false|sentinelRole=NONE	CallStringContextPair: [ com.ibm.wala.FakeRootClass.fakeRootMethod()V@2 ]:AllocationStringContext{allocationString=AllocationString{allocationSites=[SITE{synthetic < Primordial, Lcom/ibm/wala/FakeRootClass, fakeRootMethod()V >:NEW <Application,Lcom/acme/benchmark/BodyChangeUseCase>@1}]}}	false	NONE	com.acme.benchmark.BodyChangeUseCase#<init>()V@PROJECT	com.acme.benchmark.BodyChangeUseCase	<init>	()V	PROJECT	1	1	1	1	com.ibm.wala.FakeRootClass#fakeRootMethod()V@SYNTHETIC	com.ibm.wala.FakeRootClass	fakeRootMethod	()V	SYNTHETIC	1	1	0	com.ibm.wala.FakeRootClass#fakeRootMethod()V@SYNTHETIC|context=Everywhere|nodeId=0|walaSynthetic=true|sentinelRole=FAKE_ROOT				false	DECOMPILED	9255dd542918690704f519ec3862f391c5501cd9aa839b69b244fa7c2fbb1487	AVAILABLE	6b00ba0ead62a88c40bf78103c719815311b25a58e066e69a13c3d408f3d18e6
1-object-1-call-site	ONE_FLOW_TO_CASTS_APPLICATION_GET_METHOD	com.acme.benchmark:impact-medium-app:jar@	CALLEE	REACHABILITY_PATH	7	3	com.acme.benchmark.BodyChangeUseCase#<init>()V@PROJECT|context=CallStringContextPair: [ com.ibm.wala.FakeRootClass.fakeRootMethod()V@2 ]:AllocationStringContext{allocationString=AllocationString{allocationSites=[SITE{synthetic < Primordial, Lcom/ibm/wala/FakeRootClass, fakeRootMethod()V >:NEW <Application,Lcom/acme/benchmark/BodyChangeUseCase>@1}]}}|nodeId=3|walaSynthetic=false|sentinelRole=NONE	CallStringContextPair: [ com.ibm.wala.FakeRootClass.fakeRootMethod()V@2 ]:AllocationStringContext{allocationString=AllocationString{allocationSites=[SITE{synthetic < Primordial, Lcom/ibm/wala/FakeRootClass, fakeRootMethod()V >:NEW <Application,Lcom/acme/benchmark/BodyChangeUseCase>@1}]}}	false	NONE	com.acme.benchmark.BodyChangeUseCase#<init>()V@PROJECT	com.acme.benchmark.BodyChangeUseCase	<init>	()V	PROJECT	1	1	1											FAKE_ROOT	com.ibm.wala.FakeRootClass#fakeRootMethod()V@SYNTHETIC|context=Everywhere|nodeId=0|walaSynthetic=true|sentinelRole=FAKE_ROOT	[FAKE_ROOT] com.ibm.wala.FakeRootClass#fakeRootMethod()V@SYNTHETIC|context=Everywhere|nodeId=0|walaSynthetic=true|sentinelRole=FAKE_ROOT -> com.acme.benchmark.BodyChangeUseCase#<init>()V@PROJECT|context=CallStringContextPair: [ com.ibm.wala.FakeRootClass.fakeRootMethod()V@2 ]:AllocationStringContext{allocationString=AllocationString{allocationSites=[SITE{synthetic < Primordial, Lcom/ibm/wala/FakeRootClass, fakeRootMethod()V >:NEW <Application,Lcom/acme/benchmark/BodyChangeUseCase>@1}]}}|nodeId=3|walaSynthetic=false|sentinelRole=NONE	false	DECOMPILED	9255dd542918690704f519ec3862f391c5501cd9aa839b69b244fa7c2fbb1487	AVAILABLE	6b00ba0ead62a88c40bf78103c719815311b25a58e066e69a13c3d408f3d18e6
1-object-1-call-site	ONE_FLOW_TO_CASTS_APPLICATION_GET_METHOD	com.acme.benchmark:impact-medium-app:jar@	CALLEE	RANKED_CGNODE	8	4	com.acme.benchmark.BodyChangeUseCase#<init>()V@PROJECT|context=CallStringContextPair: [ com.ibm.wala.FakeRootClass.fakeRootMethod()V@3 ]:AllocationStringContext{allocationString=AllocationString{allocationSites=[SITE{synthetic < Primordial, Lcom/ibm/wala/FakeRootClass, fakeRootMethod()V >:NEW <Application,Lcom/acme/benchmark/BodyChangeUseCase>@1}]}}|nodeId=4|walaSynthetic=false|sentinelRole=NONE	CallStringContextPair: [ com.ibm.wala.FakeRootClass.fakeRootMethod()V@3 ]:AllocationStringContext{allocationString=AllocationString{allocationSites=[SITE{synthetic < Primordial, Lcom/ibm/wala/FakeRootClass, fakeRootMethod()V >:NEW <Application,Lcom/acme/benchmark/BodyChangeUseCase>@1}]}}	false	NONE	com.acme.benchmark.BodyChangeUseCase#<init>()V@PROJECT	com.acme.benchmark.BodyChangeUseCase	<init>	()V	PROJECT	1	1	1														false	DECOMPILED	9255dd542918690704f519ec3862f391c5501cd9aa839b69b244fa7c2fbb1487	AVAILABLE	6b00ba0ead62a88c40bf78103c719815311b25a58e066e69a13c3d408f3d18e6
1-object-1-call-site	ONE_FLOW_TO_CASTS_APPLICATION_GET_METHOD	com.acme.benchmark:impact-medium-app:jar@	CALLEE	RELATED_IMETHOD	8	4	com.acme.benchmark.BodyChangeUseCase#<init>()V@PROJECT|context=CallStringContextPair: [ com.ibm.wala.FakeRootClass.fakeRootMethod()V@3 ]:AllocationStringContext{allocationString=AllocationString{allocationSites=[SITE{synthetic < Primordial, Lcom/ibm/wala/FakeRootClass, fakeRootMethod()V >:NEW <Application,Lcom/acme/benchmark/BodyChangeUseCase>@1}]}}|nodeId=4|walaSynthetic=false|sentinelRole=NONE	CallStringContextPair: [ com.ibm.wala.FakeRootClass.fakeRootMethod()V@3 ]:AllocationStringContext{allocationString=AllocationString{allocationSites=[SITE{synthetic < Primordial, Lcom/ibm/wala/FakeRootClass, fakeRootMethod()V >:NEW <Application,Lcom/acme/benchmark/BodyChangeUseCase>@1}]}}	false	NONE	com.acme.benchmark.BodyChangeUseCase#<init>()V@PROJECT	com.acme.benchmark.BodyChangeUseCase	<init>	()V	PROJECT	1	1	1	1	com.ibm.wala.FakeRootClass#fakeRootMethod()V@SYNTHETIC	com.ibm.wala.FakeRootClass	fakeRootMethod	()V	SYNTHETIC	1	1	0	com.ibm.wala.FakeRootClass#fakeRootMethod()V@SYNTHETIC|context=Everywhere|nodeId=0|walaSynthetic=true|sentinelRole=FAKE_ROOT				false	DECOMPILED	9255dd542918690704f519ec3862f391c5501cd9aa839b69b244fa7c2fbb1487	AVAILABLE	6b00ba0ead62a88c40bf78103c719815311b25a58e066e69a13c3d408f3d18e6
1-object-1-call-site	ONE_FLOW_TO_CASTS_APPLICATION_GET_METHOD	com.acme.benchmark:impact-medium-app:jar@	CALLEE	REACHABILITY_PATH	8	4	com.acme.benchmark.BodyChangeUseCase#<init>()V@PROJECT|context=CallStringContextPair: [ com.ibm.wala.FakeRootClass.fakeRootMethod()V@3 ]:AllocationStringContext{allocationString=AllocationString{allocationSites=[SITE{synthetic < Primordial, Lcom/ibm/wala/FakeRootClass, fakeRootMethod()V >:NEW <Application,Lcom/acme/benchmark/BodyChangeUseCase>@1}]}}|nodeId=4|walaSynthetic=false|sentinelRole=NONE	CallStringContextPair: [ com.ibm.wala.FakeRootClass.fakeRootMethod()V@3 ]:AllocationStringContext{allocationString=AllocationString{allocationSites=[SITE{synthetic < Primordial, Lcom/ibm/wala/FakeRootClass, fakeRootMethod()V >:NEW <Application,Lcom/acme/benchmark/BodyChangeUseCase>@1}]}}	false	NONE	com.acme.benchmark.BodyChangeUseCase#<init>()V@PROJECT	com.acme.benchmark.BodyChangeUseCase	<init>	()V	PROJECT	1	1	1											DECLARED_ENTRYPOINT	com.acme.benchmark.BodyChangeUseCase#<init>()V@PROJECT|context=CallStringContextPair: [ com.ibm.wala.FakeRootClass.fakeRootMethod()V@3 ]:AllocationStringContext{allocationString=AllocationString{allocationSites=[SITE{synthetic < Primordial, Lcom/ibm/wala/FakeRootClass, fakeRootMethod()V >:NEW <Application,Lcom/acme/benchmark/BodyChangeUseCase>@1}]}}|nodeId=4|walaSynthetic=false|sentinelRole=NONE	com.acme.benchmark.BodyChangeUseCase#<init>()V@PROJECT|context=CallStringContextPair: [ com.ibm.wala.FakeRootClass.fakeRootMethod()V@3 ]:AllocationStringContext{allocationString=AllocationString{allocationSites=[SITE{synthetic < Primordial, Lcom/ibm/wala/FakeRootClass, fakeRootMethod()V >:NEW <Application,Lcom/acme/benchmark/BodyChangeUseCase>@1}]}}|nodeId=4|walaSynthetic=false|sentinelRole=NONE	false	DECOMPILED	9255dd542918690704f519ec3862f391c5501cd9aa839b69b244fa7c2fbb1487	AVAILABLE	6b00ba0ead62a88c40bf78103c719815311b25a58e066e69a13c3d408f3d18e6
1-object-1-call-site	ONE_FLOW_TO_CASTS_APPLICATION_GET_METHOD	com.acme.benchmark:impact-medium-app:jar@	CALLEE	REACHABILITY_PATH	8	4	com.acme.benchmark.BodyChangeUseCase#<init>()V@PROJECT|context=CallStringContextPair: [ com.ibm.wala.FakeRootClass.fakeRootMethod()V@3 ]:AllocationStringContext{allocationString=AllocationString{allocationSites=[SITE{synthetic < Primordial, Lcom/ibm/wala/FakeRootClass, fakeRootMethod()V >:NEW <Application,Lcom/acme/benchmark/BodyChangeUseCase>@1}]}}|nodeId=4|walaSynthetic=false|sentinelRole=NONE	CallStringContextPair: [ com.ibm.wala.FakeRootClass.fakeRootMethod()V@3 ]:AllocationStringContext{allocationString=AllocationString{allocationSites=[SITE{synthetic < Primordial, Lcom/ibm/wala/FakeRootClass, fakeRootMethod()V >:NEW <Application,Lcom/acme/benchmark/BodyChangeUseCase>@1}]}}	false	NONE	com.acme.benchmark.BodyChangeUseCase#<init>()V@PROJECT	com.acme.benchmark.BodyChangeUseCase	<init>	()V	PROJECT	1	1	1											FAKE_ROOT	com.ibm.wala.FakeRootClass#fakeRootMethod()V@SYNTHETIC|context=Everywhere|nodeId=0|walaSynthetic=true|sentinelRole=FAKE_ROOT	[FAKE_ROOT] com.ibm.wala.FakeRootClass#fakeRootMethod()V@SYNTHETIC|context=Everywhere|nodeId=0|walaSynthetic=true|sentinelRole=FAKE_ROOT -> com.acme.benchmark.BodyChangeUseCase#<init>()V@PROJECT|context=CallStringContextPair: [ com.ibm.wala.FakeRootClass.fakeRootMethod()V@3 ]:AllocationStringContext{allocationString=AllocationString{allocationSites=[SITE{synthetic < Primordial, Lcom/ibm/wala/FakeRootClass, fakeRootMethod()V >:NEW <Application,Lcom/acme/benchmark/BodyChangeUseCase>@1}]}}|nodeId=4|walaSynthetic=false|sentinelRole=NONE	false	DECOMPILED	9255dd542918690704f519ec3862f391c5501cd9aa839b69b244fa7c2fbb1487	AVAILABLE	6b00ba0ead62a88c40bf78103c719815311b25a58e066e69a13c3d408f3d18e6
1-object-1-call-site	ONE_FLOW_TO_CASTS_APPLICATION_GET_METHOD	com.acme.benchmark:impact-medium-app:jar@	CALLEE	RANKED_CGNODE	9	5	com.acme.benchmark.BodyChangeUseCase#execute()I@PROJECT|context=CallStringContext: [ com.ibm.wala.FakeRootClass.fakeRootMethod()V@4 ]|nodeId=5|walaSynthetic=false|sentinelRole=NONE	CallStringContext: [ com.ibm.wala.FakeRootClass.fakeRootMethod()V@4 ]	false	NONE	com.acme.benchmark.BodyChangeUseCase#execute()I@PROJECT	com.acme.benchmark.BodyChangeUseCase	execute	()I	PROJECT	1	1	1														false	DECOMPILED	976fa70e0d77d42f5dde70aa50f884a4000c7eb42b31b8771111677b9e004b3f	AVAILABLE	eecfec8ef0625d74db2ace2d3ae19be08a00343c7b38bb026ab445c2fe638b81
1-object-1-call-site	ONE_FLOW_TO_CASTS_APPLICATION_GET_METHOD	com.acme.benchmark:impact-medium-app:jar@	CALLEE	RELATED_IMETHOD	9	5	com.acme.benchmark.BodyChangeUseCase#execute()I@PROJECT|context=CallStringContext: [ com.ibm.wala.FakeRootClass.fakeRootMethod()V@4 ]|nodeId=5|walaSynthetic=false|sentinelRole=NONE	CallStringContext: [ com.ibm.wala.FakeRootClass.fakeRootMethod()V@4 ]	false	NONE	com.acme.benchmark.BodyChangeUseCase#execute()I@PROJECT	com.acme.benchmark.BodyChangeUseCase	execute	()I	PROJECT	1	1	1	1	com.ibm.wala.FakeRootClass#fakeRootMethod()V@SYNTHETIC	com.ibm.wala.FakeRootClass	fakeRootMethod	()V	SYNTHETIC	1	1	0	com.ibm.wala.FakeRootClass#fakeRootMethod()V@SYNTHETIC|context=Everywhere|nodeId=0|walaSynthetic=true|sentinelRole=FAKE_ROOT				false	DECOMPILED	976fa70e0d77d42f5dde70aa50f884a4000c7eb42b31b8771111677b9e004b3f	AVAILABLE	eecfec8ef0625d74db2ace2d3ae19be08a00343c7b38bb026ab445c2fe638b81
1-object-1-call-site	ONE_FLOW_TO_CASTS_APPLICATION_GET_METHOD	com.acme.benchmark:impact-medium-app:jar@	CALLEE	REACHABILITY_PATH	9	5	com.acme.benchmark.BodyChangeUseCase#execute()I@PROJECT|context=CallStringContext: [ com.ibm.wala.FakeRootClass.fakeRootMethod()V@4 ]|nodeId=5|walaSynthetic=false|sentinelRole=NONE	CallStringContext: [ com.ibm.wala.FakeRootClass.fakeRootMethod()V@4 ]	false	NONE	com.acme.benchmark.BodyChangeUseCase#execute()I@PROJECT	com.acme.benchmark.BodyChangeUseCase	execute	()I	PROJECT	1	1	1											DECLARED_ENTRYPOINT	com.acme.benchmark.BodyChangeUseCase#execute()I@PROJECT|context=CallStringContext: [ com.ibm.wala.FakeRootClass.fakeRootMethod()V@4 ]|nodeId=5|walaSynthetic=false|sentinelRole=NONE	com.acme.benchmark.BodyChangeUseCase#execute()I@PROJECT|context=CallStringContext: [ com.ibm.wala.FakeRootClass.fakeRootMethod()V@4 ]|nodeId=5|walaSynthetic=false|sentinelRole=NONE	false	DECOMPILED	976fa70e0d77d42f5dde70aa50f884a4000c7eb42b31b8771111677b9e004b3f	AVAILABLE	eecfec8ef0625d74db2ace2d3ae19be08a00343c7b38bb026ab445c2fe638b81
1-object-1-call-site	ONE_FLOW_TO_CASTS_APPLICATION_GET_METHOD	com.acme.benchmark:impact-medium-app:jar@	CALLEE	REACHABILITY_PATH	9	5	com.acme.benchmark.BodyChangeUseCase#execute()I@PROJECT|context=CallStringContext: [ com.ibm.wala.FakeRootClass.fakeRootMethod()V@4 ]|nodeId=5|walaSynthetic=false|sentinelRole=NONE	CallStringContext: [ com.ibm.wala.FakeRootClass.fakeRootMethod()V@4 ]	false	NONE	com.acme.benchmark.BodyChangeUseCase#execute()I@PROJECT	com.acme.benchmark.BodyChangeUseCase	execute	()I	PROJECT	1	1	1											FAKE_ROOT	com.ibm.wala.FakeRootClass#fakeRootMethod()V@SYNTHETIC|context=Everywhere|nodeId=0|walaSynthetic=true|sentinelRole=FAKE_ROOT	[FAKE_ROOT] com.ibm.wala.FakeRootClass#fakeRootMethod()V@SYNTHETIC|context=Everywhere|nodeId=0|walaSynthetic=true|sentinelRole=FAKE_ROOT -> com.acme.benchmark.BodyChangeUseCase#execute()I@PROJECT|context=CallStringContext: [ com.ibm.wala.FakeRootClass.fakeRootMethod()V@4 ]|nodeId=5|walaSynthetic=false|sentinelRole=NONE	false	DECOMPILED	976fa70e0d77d42f5dde70aa50f884a4000c7eb42b31b8771111677b9e004b3f	AVAILABLE	eecfec8ef0625d74db2ace2d3ae19be08a00343c7b38bb026ab445c2fe638b81
1-object-1-call-site	ONE_FLOW_TO_CASTS_APPLICATION_GET_METHOD	com.acme.benchmark:impact-medium-app:jar@	CALLEE	RANKED_CGNODE	10	6	com.acme.benchmark.DescriptorChangeUseCase#<init>()V@PROJECT|context=CallStringContextPair: [ com.ibm.wala.FakeRootClass.fakeRootMethod()V@6 ]:AllocationStringContext{allocationString=AllocationString{allocationSites=[SITE{synthetic < Primordial, Lcom/ibm/wala/FakeRootClass, fakeRootMethod()V >:NEW <Application,Lcom/acme/benchmark/DescriptorChangeUseCase>@5}]}}|nodeId=6|walaSynthetic=false|sentinelRole=NONE	CallStringContextPair: [ com.ibm.wala.FakeRootClass.fakeRootMethod()V@6 ]:AllocationStringContext{allocationString=AllocationString{allocationSites=[SITE{synthetic < Primordial, Lcom/ibm/wala/FakeRootClass, fakeRootMethod()V >:NEW <Application,Lcom/acme/benchmark/DescriptorChangeUseCase>@5}]}}	false	NONE	com.acme.benchmark.DescriptorChangeUseCase#<init>()V@PROJECT	com.acme.benchmark.DescriptorChangeUseCase	<init>	()V	PROJECT	1	1	1														false	DECOMPILED	cde8081c8a2fda08e8db17005f786ae17d07b9291b56adbacbf6005a230adcbf	AVAILABLE	96d8a3578959ef82230f6b7c054c4c113932bf27e55da24caf250eff6e8b6f66
1-object-1-call-site	ONE_FLOW_TO_CASTS_APPLICATION_GET_METHOD	com.acme.benchmark:impact-medium-app:jar@	CALLEE	RELATED_IMETHOD	10	6	com.acme.benchmark.DescriptorChangeUseCase#<init>()V@PROJECT|context=CallStringContextPair: [ com.ibm.wala.FakeRootClass.fakeRootMethod()V@6 ]:AllocationStringContext{allocationString=AllocationString{allocationSites=[SITE{synthetic < Primordial, Lcom/ibm/wala/FakeRootClass, fakeRootMethod()V >:NEW <Application,Lcom/acme/benchmark/DescriptorChangeUseCase>@5}]}}|nodeId=6|walaSynthetic=false|sentinelRole=NONE	CallStringContextPair: [ com.ibm.wala.FakeRootClass.fakeRootMethod()V@6 ]:AllocationStringContext{allocationString=AllocationString{allocationSites=[SITE{synthetic < Primordial, Lcom/ibm/wala/FakeRootClass, fakeRootMethod()V >:NEW <Application,Lcom/acme/benchmark/DescriptorChangeUseCase>@5}]}}	false	NONE	com.acme.benchmark.DescriptorChangeUseCase#<init>()V@PROJECT	com.acme.benchmark.DescriptorChangeUseCase	<init>	()V	PROJECT	1	1	1	1	com.ibm.wala.FakeRootClass#fakeRootMethod()V@SYNTHETIC	com.ibm.wala.FakeRootClass	fakeRootMethod	()V	SYNTHETIC	1	1	0	com.ibm.wala.FakeRootClass#fakeRootMethod()V@SYNTHETIC|context=Everywhere|nodeId=0|walaSynthetic=true|sentinelRole=FAKE_ROOT				false	DECOMPILED	cde8081c8a2fda08e8db17005f786ae17d07b9291b56adbacbf6005a230adcbf	AVAILABLE	96d8a3578959ef82230f6b7c054c4c113932bf27e55da24caf250eff6e8b6f66
1-object-1-call-site	ONE_FLOW_TO_CASTS_APPLICATION_GET_METHOD	com.acme.benchmark:impact-medium-app:jar@	CALLEE	REACHABILITY_PATH	10	6	com.acme.benchmark.DescriptorChangeUseCase#<init>()V@PROJECT|context=CallStringContextPair: [ com.ibm.wala.FakeRootClass.fakeRootMethod()V@6 ]:AllocationStringContext{allocationString=AllocationString{allocationSites=[SITE{synthetic < Primordial, Lcom/ibm/wala/FakeRootClass, fakeRootMethod()V >:NEW <Application,Lcom/acme/benchmark/DescriptorChangeUseCase>@5}]}}|nodeId=6|walaSynthetic=false|sentinelRole=NONE	CallStringContextPair: [ com.ibm.wala.FakeRootClass.fakeRootMethod()V@6 ]:AllocationStringContext{allocationString=AllocationString{allocationSites=[SITE{synthetic < Primordial, Lcom/ibm/wala/FakeRootClass, fakeRootMethod()V >:NEW <Application,Lcom/acme/benchmark/DescriptorChangeUseCase>@5}]}}	false	NONE	com.acme.benchmark.DescriptorChangeUseCase#<init>()V@PROJECT	com.acme.benchmark.DescriptorChangeUseCase	<init>	()V	PROJECT	1	1	1											FAKE_ROOT	com.ibm.wala.FakeRootClass#fakeRootMethod()V@SYNTHETIC|context=Everywhere|nodeId=0|walaSynthetic=true|sentinelRole=FAKE_ROOT	[FAKE_ROOT] com.ibm.wala.FakeRootClass#fakeRootMethod()V@SYNTHETIC|context=Everywhere|nodeId=0|walaSynthetic=true|sentinelRole=FAKE_ROOT -> com.acme.benchmark.DescriptorChangeUseCase#<init>()V@PROJECT|context=CallStringContextPair: [ com.ibm.wala.FakeRootClass.fakeRootMethod()V@6 ]:AllocationStringContext{allocationString=AllocationString{allocationSites=[SITE{synthetic < Primordial, Lcom/ibm/wala/FakeRootClass, fakeRootMethod()V >:NEW <Application,Lcom/acme/benchmark/DescriptorChangeUseCase>@5}]}}|nodeId=6|walaSynthetic=false|sentinelRole=NONE	false	DECOMPILED	cde8081c8a2fda08e8db17005f786ae17d07b9291b56adbacbf6005a230adcbf	AVAILABLE	96d8a3578959ef82230f6b7c054c4c113932bf27e55da24caf250eff6e8b6f66
